[[[{"id":1,"meta":0},{"id":1,"meta":0},{"id":1,"meta":0},{"id":1,"meta":0},{"id":1,"meta":0},{"id":1,"meta":0},{"id":1,"meta":0},{"id":1,"meta":0},{"id":1,"meta":0},{"id":1,"meta":0},{"id":1,"meta":0},{"id":1,"meta":0}],[{"id":1,"meta":0},{"id":1,"meta":0},{"id":1,"meta":0},{"id":1,"meta":0},{"id":1,"meta":0},{"id":1,"meta":0},{"id":1,"meta":0},{"id":1,"meta":0},{"id":1,"meta":0},{"id":1,"meta":0},{"id":1,"meta":0},{"id":1,"meta":0}],[{"id":1,"meta":0},{"id":1,"meta":0},{"id":1,"meta":0},{"id":1,"meta":0},{"id":1,"meta":0},{"id":1,"meta":0},{"id":1,"meta":0},{"id":1,"meta":0},{"id":1,"meta":0},{"id":1,"meta":0},{"id":1,"meta":0},{"id":1,"meta":0}],[{"id":1,"meta":0},{"id":1,"meta":0},{"id":1,"meta":0},{"id":1,"meta":0},{"id":1,"meta":0},{"id":1,"meta":0},{"id":1,"meta":0},{"id":1,"meta":0},{"id":1,"meta":0},{"id":1,"meta":0},{"id":1,"meta":0},{"id":1,"meta":0}],[{"id":1,"meta":0},{"id":1,"meta":0},{"id":1,"meta":0},{"id":1,"meta":0},{"id":1,"meta":0},{"id":1,"meta":0},{"id":1,"meta":0},{"id":1,"meta":0},{"id":1,"meta":0},{"id":1,"meta":0},{"id":1,"meta":0},{"id":1,"meta":0}],[{"id":1,"meta":0},{"id":1,"meta":0},{"id":1,"meta":0},{"id":1,"meta":0},{"id":1,"meta":0},{"id":1,"meta":0},{"id":1,"meta":0},{"id":1,"meta":0},{"id":1,"meta":0},{"id":1,"meta":0},{"id":1,"meta":0},{"id":1,"meta":0}]],[[{"id":1,"meta":0},{"id":1,"meta":0},{"id":1,"meta":0},{"id":1,"meta":0},{"id":1,"meta":0},{"id":1,"meta":0},{"id":1,"meta":0},{"id":1,"meta":0},{"id":71,"meta":0},{"id":1,"meta":0},{"id":1,"meta":0},{"id":1,"meta":0}],[{"id":1,"meta":0},{"id":0,"meta":0},{"id":0,"meta":0},{"id":0,"meta":0},{"id":0,"meta":0},{"id":0,"meta":0},{"id":0,"meta":0},{"id":0,"meta":0},{"id":0,"meta":0},{"id":0,"meta":0},{"id":0,"meta":0},{"id":1,"meta":0}],[{"id":1,"meta":0},{"id":0,"meta":0},{"id":0,"meta":0},{"id":0,"meta":0},{"id":0,"meta":0},{"id":0,"meta":0},{"id":0,"meta":0},{"id":0,"meta":0},{"id":0,"meta":0},{"id":0,"meta":0},{"id":156,"meta":4},{"id":1,"meta":0}],[{"id":1,"meta":0},{"id":0,"meta":0},{"id":0,"meta":0},{"id":0,"meta":0},{"id":0,"meta":0},{"id":0,"meta":0},{"id":0,"meta":0},{"id":0,"meta":0},{"id":0,"meta":0},{"id":0,"meta":0},{"id":156,"meta":1},{"id":1,"meta":0}],[{"id":1,"meta":0},{"id":0,"meta":0},{"id":0,"meta":0},{"id":0,"meta":0},{"id":0,"meta":0},{"id":0,"meta":0},{"id":0,"meta":0},{"id":0,"meta":0},{"id":0,"meta":0},{"id":0,"meta":0},{"id":0,"meta":0},{"id":1,"meta":0}],[{"id":1,"meta":0},{"id":1,"meta":0},{"id":1,"meta":0},{"id":1,"meta":0},{"id":1,"meta":0},{"id":1,"meta":0},{"id":1,"meta":0},{"id":1,"meta":0},{"id":1,"meta":0},{"id":1,"meta":0},{"id":1,"meta":0},{"id":1,"meta":0}]],[[{"id":1,"meta":0},{"id":0,"meta":0},{"id":1,"meta":0},{"id":0,"meta":0},{"id":1,"meta":0},{"id":0,"meta":0},{"id":1,"meta":0},{"id":1,"meta":0},{"id":71,"meta":8},{"id":1,"meta":0},{"id":102,"meta":0},{"id":1,"meta":0}],[{"id":1,"meta":0},{"id":0,"meta":0},{"id":0,"meta":0},{"id":0,"meta":0},{"id":0,"meta":0},{"id":0,"meta":0},{"id":0,"meta":0},{"id":0,"meta":0},{"id":0,"meta":0},{"id":0,"meta":0},{"id":156,"meta":4},{"id":1,"meta":0}],[{"id":1,"meta":0},{"id":0,"meta":0},{"id":0,"meta":0},{"id":0,"meta":0},{"id":0,"meta":0},{"id":0,"meta":0},{"id":0,"meta":0},{"id":0,"meta":0},{"id":0,"meta":0},{"id":0,"meta":0},{"id":156,"meta":1},{"id":1,"meta":0}],[{"id":1,"meta":0},{"id":0,"meta":0},{"id":0,"meta":0},{"id":0,"meta":0},{"id":0,"meta":0},{"id":0,"meta":0},{"id":0,"meta":0},{"id":0,"meta":0},{"id":0,"meta":0},{"id":0,"meta":0},{"id":0,"meta":0},{"id":1,"meta":0}],[{"id":1,"meta":0},{"id":0,"meta":0},{"id":0,"meta":0},{"id":0,"meta":0},{"id":0,"meta":0},{"id":0,"meta":0},{"id":0,"meta":0},{"id":0,"meta":0},{"id":0,"meta":0},{"id":0,"meta":0},{"id":0,"meta":0},{"id":1,"meta":0}],[{"id":1,"meta":0},{"id":5,"meta":0},{"id":1,"meta":0},{"id":0,"meta":0},{"id":1,"meta":0},{"id":0,"meta":0},{"id":1,"meta":0},{"id":5,"meta":0},{"id":1,"meta":0},{"id":5,"meta":0},{"id":1,"meta":0},{"id":1,"meta":0}]],[[{"id":1,"meta":0},{"id":1,"meta":0},{"id":1,"meta":0},{"id":1,"meta":0},{"id":1,"meta":0},{"id":1,"meta":0},{"id":1,"meta":0},{"id":1,"meta":0},{"id":1,"meta":0},{"id":1,"meta":0},{"id":1,"meta":0},{"id":1,"meta":0}],[{"id":1,"meta":0},{"id":0,"meta":0},{"id":0,"meta":0},{"id":0,"meta":0},{"id":0,"meta":0},{"id":0,"meta":0},{"id":0,"meta":0},{"id":0,"meta":0},{"id":0,"meta":0},{"id":0,"meta":0},{"id":156,"meta":1},{"id":1,"meta":0}],[{"id":1,"meta":0},{"id":0,"meta":0},{"id":0,"meta":0},{"id":0,"meta":0},{"id":0,"meta":0},{"id":0,"meta":0},{"id":0,"meta":0},{"id":0,"meta":0},{"id":0,"meta":0},{"id":0,"meta":0},{"id":0,"meta":0},{"id":1,"meta":0}],[{"id":1,"meta":0},{"id":0,"meta":0},{"id":0,"meta":0},{"id":0,"meta":0},{"id":0,"meta":0},{"id":0,"meta":0},{"id":0,"meta":0},{"id":0,"meta":0},{"id":0,"meta":0},{"id":0,"meta":0},{"id":0,"meta":0},{"id":1,"meta":0}],[{"id":1,"meta":0},{"id":0,"meta":0},{"id":0,"meta":0},{"id":0,"meta":0},{"id":0,"meta":0},{"id":0,"meta":0},{"id":0,"meta":0},{"id":0,"meta":0},{"id":0,"meta":0},{"id":0,"meta":0},{"id":0,"meta":0},{"id":1,"meta":0}],[{"id":1,"meta":0},{"id":1,"meta":0},{"id":1,"meta":0},{"id":1,"meta":0},{"id":1,"meta":0},{"id":1,"meta":0},{"id":1,"meta":0},{"id":1,"meta":0},{"id":1,"meta":0},{"id":1,"meta":0},{"id":1,"meta":0},{"id":1,"meta":0}]],[[{"id":1,"meta":0},{"id":1,"meta":0},{"id":1,"meta":0},{"id":1,"meta":0},{"id":1,"meta":0},{"id":1,"meta":0},{"id":1,"meta":0},{"id":1,"meta":0},{"id":1,"meta":0},{"id":1,"meta":0},{"id":1,"meta":0},{"id":1,"meta":0}],[{"id":1,"meta":0},{"id":1,"meta":0},{"id":1,"meta":0},{"id":1,"meta":0},{"id":1,"meta":0},{"id":1,"meta":0},{"id":1,"meta":0},{"id":1,"meta":0},{"id":1,"meta":0},{"id":1,"meta":0},{"id":0,"meta":0},{"id":1,"meta":0}],[{"id":1,"meta":0},{"id":1,"meta":0},{"id":1,"meta":0},{"id":1,"meta":0},{"id":1,"meta":0},{"id":1,"meta":0},{"id":1,"meta":0},{"id":1,"meta":0},{"id":1,"meta":0},{"id":1,"meta":0},{"id":0,"meta":0},{"id":1,"meta":0}],[{"id":1,"meta":0},{"id":1,"meta":0},{"id":1,"meta":0},{"id":1,"meta":0},{"id":1,"meta":0},{"id":1,"meta":0},{"id":1,"meta":0},{"id":1,"meta":0},{"id":1,"meta":0},{"id":1,"meta":0},{"id":0,"meta":0},{"id":1,"meta":0}],[{"id":1,"meta":0},{"id":1,"meta":0},{"id":1,"meta":0},{"id":1,"meta":0},{"id":1,"meta":0},{"id":1,"meta":0},{"id":1,"meta":0},{"id":1,"meta":0},{"id":1,"meta":0},{"id":1,"meta":0},{"id":1,"meta":0},{"id":1,"meta":0}],[{"id":1,"meta":0},{"id":1,"meta":0},{"id":1,"meta":0},{"id":1,"meta":0},{"id":1,"meta":0},{"id":1,"meta":0},{"id":1,"meta":0},{"id":1,"meta":0},{"id":1,"meta":0},{"id":1,"meta":0},{"id":1,"meta":0},{"id":1,"meta":0}]],[[{"id":1,"meta":0},{"id":1,"meta":0},{"id":1,"meta":0},{"id":1,"meta":0},{"id":1,"meta":0},{"id":1,"meta":0},{"id":1,"meta":0},{"id":1,"meta":0},{"id":1,"meta":0},{"id":1,"meta":0},{"id":1,"meta":0},{"id":1,"meta":0}],[{"id":1,"meta":0},{"id":0,"meta":0},{"id":0,"meta":0},{"id":0,"meta":0},{"id":0,"meta":0},{"id":0,"meta":0},{"id":0,"meta":0},{"id":0,"meta":0},{"id":0,"meta":0},{"id":0,"meta":0},{"id":0,"meta":0},{"id":1,"meta":0}],[{"id":1,"meta":0},{"id":0,"meta":0},{"id":0,"meta":0},{"id":0,"meta":0},{"id":0,"meta":0},{"id":0,"meta":0},{"id":0,"meta":0},{"id":0,"meta":0},{"id":0,"meta":0},{"id":0,"meta":0},{"id":0,"meta":0},{"id":1,"meta":0}],[{"id":1,"meta":0},{"id":0,"meta":0},{"id":0,"meta":0},{"id":0,"meta":0},{"id":0,"meta":0},{"id":85,"meta":0},{"id":0,"meta":0},{"id":0,"meta":0},{"id":0,"meta":0},{"id":0,"meta":0},{"id":0,"meta":0},{"id":1,"meta":0}],[{"id":1,"meta":0},{"id":0,"meta":0},{"id":0,"meta":0},{"id":0,"meta":0},{"id":0,"meta":0},{"id":0,"meta":0},{"id":0,"meta":0},{"id":0,"meta":0},{"id":0,"meta":0},{"id":0,"meta":0},{"id":0,"meta":0},{"id":1,"meta":0}],[{"id":1,"meta":0},{"id":1,"meta":0},{"id":1,"meta":0},{"id":1,"meta":0},{"id":1,"meta":0},{"id":1,"meta":0},{"id":1,"meta":0},{"id":1,"meta":0},{"id":1,"meta":0},{"id":1,"meta":0},{"id":1,"meta":0},{"id":1,"meta":0}]],[[{"id":1,"meta":0},{"id":5,"meta":0},{"id":102,"meta":0},{"id":1,"meta":0},{"id":0,"meta":0},{"id":1,"meta":0},{"id":5,"meta":0},{"id":173,"meta":0},{"id":0,"meta":0},{"id":1,"meta":0},{"id":0,"meta":0},{"id":1,"meta":0}],[{"id":1,"meta":0},{"id":0,"meta":0},{"id":0,"meta":0},{"id":0,"meta":0},{"id":0,"meta":0},{"id":0,"meta":0},{"id":0,"meta":0},{"id":0,"meta":0},{"id":0,"meta":0},{"id":0,"meta":0},{"id":0,"meta":0},{"id":1,"meta":0}],[{"id":1,"meta":0},{"id":0,"meta":0},{"id":0,"meta":0},{"id":0,"meta":0},{"id":0,"meta":0},{"id":0,"meta":0},{"id":0,"meta":0},{"id":0,"meta":0},{"id":0,"meta":0},{"id":0,"meta":0},{"id":0,"meta":0},{"id":1,"meta":0}],[{"id":1,"meta":0},{"id":0,"meta":0},{"id":0,"meta":0},{"id":0,"meta":0},{"id":0,"meta":0},{"id":70,"meta":0},{"id":0,"meta":0},{"id":0,"meta":0},{"id":0,"meta":0},{"id":0,"meta":0},{"id":0,"meta":0},{"id":1,"meta":0}],[{"id":1,"meta":0},{"id":0,"meta":0},{"id":0,"meta":0},{"id":0,"meta":0},{"id":0,"meta":0},{"id":0,"meta":0},{"id":0,"meta":0},{"id":0,"meta":0},{"id":0,"meta":0},{"id":0,"meta":0},{"id":0,"meta":0},{"id":1,"meta":0}],[{"id":1,"meta":0},{"id":102,"meta":0},{"id":1,"meta":0},{"id":1,"meta":0},{"id":0,"meta":0},{"id":1,"meta":0},{"id":0,"meta":0},{"id":1,"meta":0},{"id":1,"meta":0},{"id":0,"meta":0},{"id":1,"meta":0},{"id":1,"meta":0}]],[[{"id":1,"meta":0},{"id":1,"meta":0},{"id":1,"meta":0},{"id":1,"meta":0},{"id":1,"meta":0},{"id":1,"meta":0},{"id":173,"meta":0},{"id":0,"meta":0},{"id":173,"meta":0},{"id":1,"meta":0},{"id":1,"meta":0},{"id":1,"meta":0}],[{"id":1,"meta":0},{"id":0,"meta":0},{"id":0,"meta":0},{"id":0,"meta":0},{"id":0,"meta":0},{"id":0,"meta":0},{"id":0,"meta":0},{"id":0,"meta":0},{"id":0,"meta":0},{"id":0,"meta":0},{"id":0,"meta":0},{"id":1,"meta":0}],[{"id":1,"meta":0},{"id":0,"meta":0},{"id":0,"meta":0},{"id":0,"meta":0},{"id":0,"meta":0},{"id":0,"meta":0},{"id":0,"meta":0},{"id":0,"meta":0},{"id":0,"meta":0},{"id":0,"meta":0},{"id":0,"meta":0},{"id":1,"meta":0}],[{"id":1,"meta":0},{"id":0,"meta":0},{"id":0,"meta":0},{"id":0,"meta":0},{"id":0,"meta":0},{"id":0,"meta":0},{"id":0,"meta":0},{"id":0,"meta":0},{"id":0,"meta":0},{"id":0,"meta":0},{"id":0,"meta":0},{"id":1,"meta":0}],[{"id":1,"meta":0},{"id":0,"meta":0},{"id":0,"meta":0},{"id":0,"meta":0},{"id":0,"meta":0},{"id":0,"meta":0},{"id":0,"meta":0},{"id":0,"meta":0},{"id":0,"meta":0},{"id":0,"meta":0},{"id":0,"meta":0},{"id":1,"meta":0}],[{"id":1,"meta":0},{"id":1,"meta":0},{"id":1,"meta":0},{"id":1,"meta":0},{"id":1,"meta":0},{"id":1,"meta":0},{"id":1,"meta":0},{"id":1,"meta":0},{"id":1,"meta":0},{"id":1,"meta":0},{"id":1,"meta":0},{"id":1,"meta":0}]],[[{"id":1,"meta":0},{"id":1,"meta":0},{"id":1,"meta":0},{"id":1,"meta":0},{"id":1,"meta":0},{"id":173,"meta":0},{"id":0,"meta":0},{"id":0,"meta":0},{"id":0,"meta":0},{"id":173,"meta":0},{"id":1,"meta":0},{"id":1,"meta":0}],[{"id":1,"meta":0},{"id":1,"meta":0},{"id":1,"meta":0},{"id":1,"meta":0},{"id":1,"meta":0},{"id":1,"meta":0},{"id":173,"meta":0},{"id":0,"meta":0},{"id":0,"meta":0},{"id":173,"meta":0},{"id":1,"meta":0},{"id":1,"meta":0}],[{"id":1,"meta":0},{"id":1,"meta":0},{"id":1,"meta":0},{"id":1,"meta":0},{"id":1,"meta":0},{"id":1,"meta":0},{"id":173,"meta":0},{"id":0,"meta":0},{"id":0,"meta":0},{"id":0,"meta":0},{"id":173,"meta":0},{"id":1,"meta":0}],[{"id":1,"meta":0},{"id":1,"meta":0},{"id":1,"meta":0},{"id":1,"meta":0},{"id":1,"meta":0},{"id":1,"meta":0},{"id":1,"meta":0},{"id":173,"meta":0},{"id":0,"meta":0},{"id":173,"meta":0},{"id":1,"meta":0},{"id":1,"meta":0}],[{"id":1,"meta":0},{"id":1,"meta":0},{"id":1,"meta":0},{"id":1,"meta":0},{"id":1,"meta":0},{"id":1,"meta":0},{"id":1,"meta":0},{"id":1,"meta":0},{"id":173,"meta":0},{"id":1,"meta":0},{"id":1,"meta":0},{"id":1,"meta":0}],[{"id":1,"meta":0},{"id":1,"meta":0},{"id":1,"meta":0},{"id":1,"meta":0},{"id":1,"meta":0},{"id":1,"meta":0},{"id":1,"meta":0},{"id":1,"meta":0},{"id":1,"meta":0},{"id":1,"meta":0},{"id":1,"meta":0},{"id":1,"meta":0}]],[[{"id":0,"meta":0},{"id":0,"meta":0},{"id":0,"meta":0},{"id":0,"meta":0},{"id":0,"meta":0},{"id":0,"meta":0},{"id":0,"meta":0},{"id":0,"meta":0},{"id":0,"meta":0},{"id":0,"meta":0},{"id":0,"meta":0},{"id":0,"meta":0}],[{"id":0,"meta":0},{"id":0,"meta":0},{"id":0,"meta":0},{"id":0,"meta":0},{"id":0,"meta":0},{"id":0,"meta":0},{"id":0,"meta":0},{"id":0,"meta":0},{"id":0,"meta":0},{"id":0,"meta":0},{"id":0,"meta":0},{"id":0,"meta":0}],[{"id":0,"meta":0},{"id":0,"meta":0},{"id":0,"meta":0},{"id":0,"meta":0},{"id":0,"meta":0},{"id":0,"meta":0},{"id":0,"meta":0},{"id":0,"meta":0},{"id":0,"meta":0},{"id":0,"meta":0},{"id":0,"meta":0},{"id":0,"meta":0}],[{"id":0,"meta":0},{"id":0,"meta":0},{"id":0,"meta":0},{"id":0,"meta":0},{"id":0,"meta":0},{"id":0,"meta":0},{"id":0,"meta":0},{"id":0,"meta":0},{"id":0,"meta":0},{"id":0,"meta":0},{"id":0,"meta":0},{"id":0,"meta":0}],[{"id":0,"meta":0},{"id":0,"meta":0},{"id":0,"meta":0},{"id":0,"meta":0},{"id":0,"meta":0},{"id":0,"meta":0},{"id":0,"meta":0},{"id":0,"meta":0},{"id":0,"meta":0},{"id":0,"meta":0},{"id":0,"meta":0},{"id":0,"meta":0}],[{"id":45,"meta":0},{"id":0,"meta":0},{"id":0,"meta":0},{"id":0,"meta":0},{"id":0,"meta":0},{"id":0,"meta":0},{"id":0,"meta":0},{"id":0,"meta":0},{"id":0,"meta":0},{"id":0,"meta":0},{"id":0,"meta":0},{"id":0,"meta":0}]],[[{"id":0,"meta":0},{"id":0,"meta":0},{"id":0,"meta":0},{"id":0,"meta":0},{"id":0,"meta":0},{"id":0,"meta":0},{"id":0,"meta":0},{"id":0,"meta":0},{"id":0,"meta":0},{"id":0,"meta":0},{"id":0,"meta":0},{"id":0,"meta":0}],[{"id":0,"meta":0},{"id":0,"meta":0},{"id":0,"meta":0},{"id":0,"meta":0},{"id":0,"meta":0},{"id":0,"meta":0},{"id":0,"meta":0},{"id":0,"meta":0},{"id":0,"meta":0},{"id":0,"meta":0},{"id":0,"meta":0},{"id":0,"meta":0}],[{"id":0,"meta":0},{"id":0,"meta":0},{"id":0,"meta":0},{"id":0,"meta":0},{"id":0,"meta":0},{"id":0,"meta":0},{"id":0,"meta":0},{"id":0,"meta":0},{"id":0,"meta":0},{"id":0,"meta":0},{"id":0,"meta":0},{"id":0,"meta":0}],[{"id":0,"meta":0},{"id":0,"meta":0},{"id":0,"meta":0},{"id":0,"meta":0},{"id":0,"meta":0},{"id":0,"meta":0},{"id":0,"meta":0},{"id":0,"meta":0},{"id":0,"meta":0},{"id":0,"meta":0},{"id":0,"meta":0},{"id":0,"meta":0}],[{"id":0,"meta":0},{"id":0,"meta":0},{"id":0,"meta":0},{"id":0,"meta":0},{"id":0,"meta":0},{"id":0,"meta":0},{"id":0,"meta":0},{"id":0,"meta":0},{"id":0,"meta":0},{"id":0,"meta":0},{"id":0,"meta":0},{"id":0,"meta":0}],[{"id":45,"meta":0},{"id":0,"meta":0},{"id":0,"meta":0},{"id":0,"meta":0},{"id":0,"meta":0},{"id":0,"meta":0},{"id":0,"meta":0},{"id":0,"meta":0},{"id":0,"meta":0},{"id":0,"meta":0},{"id":0,"meta":0},{"id":0,"meta":0}]],[[{"id":0,"meta":0},{"id":0,"meta":0},{"id":0,"meta":0},{"id":0,"meta":0},{"id":0,"meta":0},{"id":0,"meta":0},{"id":0,"meta":0},{"id":0,"meta":0},{"id":0,"meta":0},{"id":0,"meta":0},{"id":0,"meta":0},{"id":0,"meta":0}],[{"id":0,"meta":0},{"id":0,"meta":0},{"id":0,"meta":0},{"id":0,"meta":0},{"id":0,"meta":0},{"id":0,"meta":0},{"id":0,"meta":0},{"id":0,"meta":0},{"id":0,"meta":0},{"id":0,"meta":0},{"id":0,"meta":0},{"id":0,"meta":0}],[{"id":0,"meta":0},{"id":0,"meta":0},{"id":0,"meta":0},{"id":0,"meta":0},{"id":0,"meta":0},{"id":0,"meta":0},{"id":0,"meta":0},{"id":0,"meta":0},{"id":0,"meta":0},{"id":0,"meta":0},{"id":0,"meta":0},{"id":0,"meta":0}],[{"id":0,"meta":0},{"id":0,"meta":0},{"id":0,"meta":0},{"id":0,"meta":0},{"id":0,"meta":0},{"id":0,"meta":0},{"id":0,"meta":0},{"id":0,"meta":0},{"id":0,"meta":0},{"id":0,"meta":0},{"id":0,"meta":0},{"id":0,"meta":0}],[{"id":0,"meta":0},{"id":0,"meta":0},{"id":0,"meta":0},{"id":0,"meta":0},{"id":0,"meta":0},{"id":0,"meta":0},{"id":0,"meta":0},{"id":0,"meta":0},{"id":0,"meta":0},{"id":0,"meta":0},{"id":0,"meta":0},{"id":0,"meta":0}],[{"id":45,"meta":0},{"id":0,"meta":0},{"id":0,"meta":0},{"id":0,"meta":0},{"id":0,"meta":0},{"id":0,"meta":0},{"id":0,"meta":0},{"id":0,"meta":0},{"id":0,"meta":0},{"id":0,"meta":0},{"id":0,"meta":0},{"id":0,"meta":0}]],[[{"id":0,"meta":0},{"id":0,"meta":0},{"id":0,"meta":0},{"id":0,"meta":0},{"id":0,"meta":0},{"id":0,"meta":0},{"id":0,"meta":0},{"id":0,"meta":0},{"id":0,"meta":0},{"id":0,"meta":0},{"id":0,"meta":0},{"id":0,"meta":0}],[{"id":0,"meta":0},{"id":0,"meta":0},{"id":0,"meta":0},{"id":0,"meta":0},{"id":0,"meta":0},{"id":0,"meta":0},{"id":0,"meta":0},{"id":0,"meta":0},{"id":0,"meta":0},{"id":0,"meta":0},{"id":0,"meta":0},{"id":0,"meta":0}],[{"id":0,"meta":0},{"id":0,"meta":0},{"id":0,"meta":0},{"id":0,"meta":0},{"id":0,"meta":0},{"id":0,"meta":0},{"id":0,"meta":0},{"id":0,"meta":0},{"id":0,"meta":0},{"id":0,"meta":0},{"id":0,"meta":0},{"id":0,"meta":0}],[{"id":0,"meta":0},{"id":0,"meta":0},{"id":0,"meta":0},{"id":0,"meta":0},{"id":0,"meta":0},{"id":0,"meta":0},{"id":0,"meta":0},{"id":0,"meta":0},{"id":0,"meta":0},{"id":0,"meta":0},{"id":0,"meta":0},{"id":0,"meta":0}],[{"id":0,"meta":0},{"id":0,"meta":0},{"id":0,"meta":0},{"id":0,"meta":0},{"id":0,"meta":0},{"id":0,"meta":0},{"id":0,"meta":0},{"id":0,"meta":0},{"id":0,"meta":0},{"id":0,"meta":0},{"id":0,"meta":0},{"id":0,"meta":0}],[{"id":45,"meta":0},{"id":0,"meta":0},{"id":0,"meta":0},{"id":0,"meta":0},{"id":0,"meta":0},{"id":0,"meta":0},{"id":0,"meta":0},{"id":0,"meta":0},{"id":0,"meta":0},{"id":0,"meta":0},{"id":0,"meta":0},{"id":0,"meta":0}]]]