[[[{"id":45,"meta":0},{"id":45,"meta":0},{"id":45,"meta":0},{"id":45,"meta":0},{"id":45,"meta":0},{"id":45,"meta":0},{"id":45,"meta":0},{"id":108,"meta":0},{"id":108,"meta":0},{"id":45,"meta":0},{"id":45,"meta":0},{"id":45,"meta":0},{"id":45,"meta":0},{"id":45,"meta":0},{"id":45,"meta":0},{"id":45,"meta":0}],[{"id":45,"meta":0},{"id":45,"meta":0},{"id":45,"meta":0},{"id":45,"meta":0},{"id":45,"meta":0},{"id":45,"meta":0},{"id":45,"meta":0},{"id":45,"meta":0},{"id":45,"meta":0},{"id":45,"meta":0},{"id":45,"meta":0},{"id":45,"meta":0},{"id":45,"meta":0},{"id":45,"meta":0},{"id":45,"meta":0},{"id":45,"meta":0}],[{"id":45,"meta":0},{"id":45,"meta":0},{"id":45,"meta":0},{"id":45,"meta":0},{"id":45,"meta":0},{"id":45,"meta":0},{"id":45,"meta":0},{"id":45,"meta":0},{"id":45,"meta":0},{"id":45,"meta":0},{"id":45,"meta":0},{"id":45,"meta":0},{"id":45,"meta":0},{"id":45,"meta":0},{"id":45,"meta":0},{"id":45,"meta":0}],[{"id":45,"meta":0},{"id":45,"meta":0},{"id":45,"meta":0},{"id":45,"meta":0},{"id":45,"meta":0},{"id":45,"meta":0},{"id":45,"meta":0},{"id":45,"meta":0},{"id":45,"meta":0},{"id":45,"meta":0},{"id":45,"meta":0},{"id":45,"meta":0},{"id":45,"meta":0},{"id":45,"meta":0},{"id":45,"meta":0},{"id":45,"meta":0}],[{"id":45,"meta":0},{"id":45,"meta":0},{"id":45,"meta":0},{"id":45,"meta":0},{"id":45,"meta":0},{"id":45,"meta":0},{"id":45,"meta":0},{"id":45,"meta":0},{"id":45,"meta":0},{"id":45,"meta":0},{"id":45,"meta":0},{"id":45,"meta":0},{"id":45,"meta":0},{"id":45,"meta":0},{"id":45,"meta":0},{"id":45,"meta":0}],[{"id":45,"meta":0},{"id":45,"meta":0},{"id":45,"meta":0},{"id":45,"meta":0},{"id":45,"meta":0},{"id":45,"meta":0},{"id":45,"meta":0},{"id":45,"meta":0},{"id":45,"meta":0},{"id":45,"meta":0},{"id":45,"meta":0},{"id":45,"meta":0},{"id":45,"meta":0},{"id":45,"meta":0},{"id":45,"meta":0},{"id":45,"meta":0}],[{"id":45,"meta":0},{"id":45,"meta":0},{"id":45,"meta":0},{"id":45,"meta":0},{"id":45,"meta":0},{"id":45,"meta":0},{"id":45,"meta":0},{"id":45,"meta":0},{"id":45,"meta":0},{"id":45,"meta":0},{"id":45,"meta":0},{"id":45,"meta":0},{"id":45,"meta":0},{"id":45,"meta":0},{"id":45,"meta":0},{"id":45,"meta":0}],[{"id":45,"meta":0},{"id":45,"meta":0},{"id":45,"meta":0},{"id":45,"meta":0},{"id":45,"meta":0},{"id":45,"meta":0},{"id":45,"meta":0},{"id":45,"meta":0},{"id":45,"meta":0},{"id":45,"meta":0},{"id":45,"meta":0},{"id":45,"meta":0},{"id":45,"meta":0},{"id":45,"meta":0},{"id":45,"meta":0},{"id":45,"meta":0}],[{"id":45,"meta":0},{"id":45,"meta":0},{"id":45,"meta":0},{"id":45,"meta":0},{"id":45,"meta":0},{"id":45,"meta":0},{"id":45,"meta":0},{"id":45,"meta":0},{"id":45,"meta":0},{"id":45,"meta":0},{"id":45,"meta":0},{"id":45,"meta":0},{"id":45,"meta":0},{"id":45,"meta":0},{"id":45,"meta":0},{"id":45,"meta":0}],[{"id":45,"meta":0},{"id":45,"meta":0},{"id":45,"meta":0},{"id":45,"meta":0},{"id":46,"meta":0},{"id":45,"meta":0},{"id":45,"meta":0},{"id":45,"meta":0},{"id":45,"meta":0},{"id":45,"meta":0},{"id":45,"meta":0},{"id":45,"meta":0},{"id":45,"meta":0},{"id":45,"meta":0},{"id":45,"meta":0},{"id":45,"meta":0}],[{"id":45,"meta":0},{"id":45,"meta":0},{"id":45,"meta":0},{"id":45,"meta":0},{"id":45,"meta":0},{"id":45,"meta":0},{"id":45,"meta":0},{"id":45,"meta":0},{"id":45,"meta":0},{"id":45,"meta":0},{"id":45,"meta":0},{"id":45,"meta":0},{"id":45,"meta":0},{"id":45,"meta":0},{"id":45,"meta":0},{"id":45,"meta":0}],[{"id":45,"meta":0},{"id":45,"meta":0},{"id":45,"meta":0},{"id":45,"meta":0},{"id":45,"meta":0},{"id":45,"meta":0},{"id":45,"meta":0},{"id":45,"meta":0},{"id":45,"meta":0},{"id":45,"meta":0},{"id":45,"meta":0},{"id":45,"meta":0},{"id":45,"meta":0},{"id":45,"meta":0},{"id":45,"meta":0},{"id":45,"meta":0}],[{"id":45,"meta":0},{"id":45,"meta":0},{"id":45,"meta":0},{"id":45,"meta":0},{"id":45,"meta":0},{"id":45,"meta":0},{"id":45,"meta":0},{"id":45,"meta":0},{"id":45,"meta":0},{"id":45,"meta":0},{"id":45,"meta":0},{"id":45,"meta":0},{"id":45,"meta":0},{"id":45,"meta":0},{"id":45,"meta":0},{"id":45,"meta":0}],[{"id":45,"meta":0},{"id":45,"meta":0},{"id":45,"meta":0},{"id":45,"meta":0},{"id":45,"meta":0},{"id":45,"meta":0},{"id":45,"meta":0},{"id":45,"meta":0},{"id":45,"meta":0},{"id":45,"meta":0},{"id":45,"meta":0},{"id":45,"meta":0},{"id":45,"meta":0},{"id":45,"meta":0},{"id":45,"meta":0},{"id":45,"meta":0}],[{"id":45,"meta":0},{"id":45,"meta":0},{"id":45,"meta":0},{"id":45,"meta":0},{"id":45,"meta":0},{"id":45,"meta":0},{"id":45,"meta":0},{"id":45,"meta":0},{"id":45,"meta":0},{"id":45,"meta":0},{"id":45,"meta":0},{"id":45,"meta":0},{"id":45,"meta":0},{"id":45,"meta":0},{"id":45,"meta":0},{"id":45,"meta":0}],[{"id":45,"meta":0},{"id":45,"meta":0},{"id":45,"meta":0},{"id":45,"meta":0},{"id":45,"meta":0},{"id":45,"meta":0},{"id":45,"meta":0},{"id":45,"meta":0},{"id":45,"meta":0},{"id":45,"meta":0},{"id":45,"meta":0},{"id":45,"meta":0},{"id":45,"meta":0},{"id":45,"meta":0},{"id":45,"meta":0},{"id":45,"meta":0}]],[[{"id":45,"meta":0},{"id":45,"meta":0},{"id":45,"meta":0},{"id":45,"meta":0},{"id":45,"meta":0},{"id":45,"meta":0},{"id":45,"meta":0},{"id":0,"meta":0},{"id":0,"meta":0},{"id":45,"meta":0},{"id":45,"meta":0},{"id":45,"meta":0},{"id":45,"meta":0},{"id":45,"meta":0},{"id":45,"meta":0},{"id":45,"meta":0}],[{"id":45,"meta":0},{"id":0,"meta":0},{"id":0,"meta":0},{"id":0,"meta":0},{"id":0,"meta":0},{"id":45,"meta":0},{"id":45,"meta":0},{"id":101,"meta":0},{"id":101,"meta":0},{"id":45,"meta":0},{"id":45,"meta":0},{"id":45,"meta":0},{"id":45,"meta":0},{"id":45,"meta":0},{"id":45,"meta":0},{"id":45,"meta":0}],[{"id":45,"meta":0},{"id":0,"meta":0},{"id":0,"meta":0},{"id":0,"meta":0},{"id":0,"meta":0},{"id":45,"meta":0},{"id":0,"meta":0},{"id":0,"meta":0},{"id":0,"meta":0},{"id":159,"meta":0},{"id":108,"meta":2},{"id":45,"meta":0},{"id":108,"meta":7},{"id":0,"meta":0},{"id":0,"meta":0},{"id":45,"meta":0}],[{"id":45,"meta":0},{"id":0,"meta":0},{"id":0,"meta":0},{"id":0,"meta":0},{"id":0,"meta":0},{"id":64,"meta":3},{"id":0,"meta":0},{"id":0,"meta":0},{"id":0,"meta":0},{"id":159,"meta":0},{"id":108,"meta":2},{"id":45,"meta":0},{"id":108,"meta":7},{"id":0,"meta":0},{"id":0,"meta":0},{"id":45,"meta":0}],[{"id":45,"meta":0},{"id":0,"meta":0},{"id":0,"meta":0},{"id":0,"meta":0},{"id":0,"meta":0},{"id":64,"meta":3},{"id":0,"meta":0},{"id":0,"meta":0},{"id":0,"meta":0},{"id":159,"meta":0},{"id":0,"meta":0},{"id":108,"meta":6},{"id":45,"meta":0},{"id":108,"meta":3},{"id":0,"meta":0},{"id":45,"meta":0}],[{"id":45,"meta":0},{"id":0,"meta":0},{"id":0,"meta":0},{"id":0,"meta":0},{"id":0,"meta":0},{"id":45,"meta":0},{"id":0,"meta":0},{"id":0,"meta":0},{"id":0,"meta":0},{"id":159,"meta":0},{"id":0,"meta":0},{"id":108,"meta":6},{"id":45,"meta":0},{"id":108,"meta":3},{"id":0,"meta":0},{"id":45,"meta":0}],[{"id":45,"meta":0},{"id":0,"meta":0},{"id":0,"meta":0},{"id":0,"meta":0},{"id":0,"meta":0},{"id":45,"meta":0},{"id":0,"meta":0},{"id":0,"meta":0},{"id":0,"meta":0},{"id":45,"meta":0},{"id":45,"meta":0},{"id":45,"meta":0},{"id":45,"meta":0},{"id":45,"meta":0},{"id":45,"meta":0},{"id":45,"meta":0}],[{"id":45,"meta":0},{"id":0,"meta":0},{"id":45,"meta":0},{"id":0,"meta":0},{"id":0,"meta":0},{"id":45,"meta":0},{"id":0,"meta":0},{"id":0,"meta":0},{"id":0,"meta":0},{"id":64,"meta":5},{"id":0,"meta":0},{"id":0,"meta":0},{"id":0,"meta":0},{"id":0,"meta":0},{"id":0,"meta":0},{"id":45,"meta":0}],[{"id":45,"meta":0},{"id":45,"meta":0},{"id":0,"meta":0},{"id":0,"meta":0},{"id":0,"meta":0},{"id":45,"meta":0},{"id":0,"meta":0},{"id":0,"meta":0},{"id":0,"meta":0},{"id":64,"meta":1},{"id":0,"meta":0},{"id":0,"meta":0},{"id":0,"meta":0},{"id":0,"meta":0},{"id":0,"meta":0},{"id":45,"meta":0}],[{"id":45,"meta":0},{"id":0,"meta":0},{"id":0,"meta":0},{"id":0,"meta":0},{"id":146,"meta":4},{"id":45,"meta":0},{"id":45,"meta":0},{"id":45,"meta":0},{"id":45,"meta":0},{"id":45,"meta":0},{"id":0,"meta":0},{"id":0,"meta":0},{"id":0,"meta":0},{"id":0,"meta":0},{"id":0,"meta":0},{"id":45,"meta":0}],[{"id":45,"meta":0},{"id":0,"meta":0},{"id":0,"meta":0},{"id":0,"meta":0},{"id":45,"meta":0},{"id":0,"meta":0},{"id":0,"meta":0},{"id":45,"meta":0},{"id":0,"meta":0},{"id":0,"meta":0},{"id":0,"meta":0},{"id":0,"meta":0},{"id":0,"meta":0},{"id":0,"meta":0},{"id":0,"meta":0},{"id":45,"meta":0}],[{"id":45,"meta":0},{"id":0,"meta":0},{"id":0,"meta":0},{"id":45,"meta":0},{"id":0,"meta":0},{"id":0,"meta":0},{"id":0,"meta":0},{"id":64,"meta":7},{"id":0,"meta":0},{"id":0,"meta":0},{"id":0,"meta":0},{"id":0,"meta":0},{"id":0,"meta":0},{"id":0,"meta":0},{"id":0,"meta":0},{"id":45,"meta":0}],[{"id":45,"meta":0},{"id":0,"meta":0},{"id":45,"meta":0},{"id":0,"meta":0},{"id":0,"meta":0},{"id":0,"meta":0},{"id":0,"meta":0},{"id":64,"meta":7},{"id":0,"meta":0},{"id":0,"meta":0},{"id":0,"meta":0},{"id":0,"meta":0},{"id":0,"meta":0},{"id":0,"meta":0},{"id":0,"meta":0},{"id":45,"meta":0}],[{"id":45,"meta":0},{"id":45,"meta":0},{"id":0,"meta":0},{"id":0,"meta":0},{"id":0,"meta":0},{"id":0,"meta":0},{"id":0,"meta":0},{"id":45,"meta":0},{"id":0,"meta":0},{"id":0,"meta":0},{"id":0,"meta":0},{"id":0,"meta":0},{"id":0,"meta":0},{"id":0,"meta":0},{"id":0,"meta":0},{"id":45,"meta":0}],[{"id":45,"meta":0},{"id":0,"meta":0},{"id":0,"meta":0},{"id":0,"meta":0},{"id":0,"meta":0},{"id":0,"meta":0},{"id":0,"meta":0},{"id":45,"meta":0},{"id":0,"meta":0},{"id":0,"meta":0},{"id":0,"meta":0},{"id":0,"meta":0},{"id":0,"meta":0},{"id":0,"meta":0},{"id":0,"meta":0},{"id":45,"meta":0}],[{"id":45,"meta":0},{"id":45,"meta":0},{"id":45,"meta":0},{"id":45,"meta":0},{"id":45,"meta":0},{"id":45,"meta":0},{"id":45,"meta":0},{"id":45,"meta":0},{"id":45,"meta":0},{"id":45,"meta":0},{"id":45,"meta":0},{"id":45,"meta":0},{"id":45,"meta":0},{"id":45,"meta":0},{"id":45,"meta":0},{"id":45,"meta":0}]],[[{"id":45,"meta":0},{"id":102,"meta":0},{"id":102,"meta":0},{"id":102,"meta":0},{"id":45,"meta":0},{"id":45,"meta":0},{"id":45,"meta":0},{"id":0,"meta":0},{"id":0,"meta":0},{"id":45,"meta":0},{"id":45,"meta":0},{"id":45,"meta":0},{"id":45,"meta":0},{"id":45,"meta":0},{"id":45,"meta":0},{"id":45,"meta":0}],[{"id":102,"meta":0},{"id":0,"meta":0},{"id":0,"meta":0},{"id":0,"meta":0},{"id":0,"meta":0},{"id":45,"meta":0},{"id":45,"meta":0},{"id":101,"meta":0},{"id":101,"meta":0},{"id":45,"meta":0},{"id":45,"meta":0},{"id":45,"meta":0},{"id":45,"meta":0},{"id":45,"meta":0},{"id":45,"meta":0},{"id":45,"meta":0}],[{"id":102,"meta":0},{"id":0,"meta":0},{"id":0,"meta":0},{"id":0,"meta":0},{"id":0,"meta":0},{"id":45,"meta":0},{"id":0,"meta":0},{"id":0,"meta":0},{"id":0,"meta":0},{"id":159,"meta":0},{"id":0,"meta":0},{"id":108,"meta":2},{"id":45,"meta":0},{"id":108,"meta":7},{"id":0,"meta":0},{"id":45,"meta":0}],[{"id":102,"meta":0},{"id":0,"meta":0},{"id":0,"meta":0},{"id":0,"meta":0},{"id":0,"meta":0},{"id":64,"meta":8},{"id":0,"meta":0},{"id":0,"meta":0},{"id":0,"meta":0},{"id":159,"meta":0},{"id":0,"meta":0},{"id":108,"meta":2},{"id":45,"meta":0},{"id":108,"meta":7},{"id":0,"meta":0},{"id":45,"meta":0}],[{"id":45,"meta":0},{"id":0,"meta":0},{"id":0,"meta":0},{"id":0,"meta":0},{"id":0,"meta":0},{"id":64,"meta":9},{"id":0,"meta":0},{"id":0,"meta":0},{"id":0,"meta":0},{"id":159,"meta":0},{"id":108,"meta":6},{"id":45,"meta":0},{"id":108,"meta":3},{"id":0,"meta":0},{"id":0,"meta":0},{"id":45,"meta":0}],[{"id":102,"meta":0},{"id":0,"meta":0},{"id":0,"meta":0},{"id":0,"meta":0},{"id":0,"meta":0},{"id":45,"meta":0},{"id":0,"meta":0},{"id":0,"meta":0},{"id":0,"meta":0},{"id":159,"meta":0},{"id":108,"meta":6},{"id":45,"meta":0},{"id":108,"meta":3},{"id":0,"meta":0},{"id":0,"meta":0},{"id":45,"meta":0}],[{"id":102,"meta":0},{"id":0,"meta":0},{"id":0,"meta":0},{"id":0,"meta":0},{"id":0,"meta":0},{"id":45,"meta":0},{"id":0,"meta":0},{"id":0,"meta":0},{"id":0,"meta":0},{"id":45,"meta":0},{"id":45,"meta":0},{"id":45,"meta":0},{"id":45,"meta":0},{"id":45,"meta":0},{"id":45,"meta":0},{"id":45,"meta":0}],[{"id":102,"meta":0},{"id":0,"meta":0},{"id":45,"meta":0},{"id":0,"meta":0},{"id":0,"meta":0},{"id":45,"meta":0},{"id":0,"meta":0},{"id":0,"meta":0},{"id":0,"meta":0},{"id":64,"meta":9},{"id":0,"meta":0},{"id":0,"meta":0},{"id":0,"meta":0},{"id":0,"meta":0},{"id":0,"meta":0},{"id":45,"meta":0}],[{"id":45,"meta":0},{"id":45,"meta":0},{"id":0,"meta":0},{"id":0,"meta":0},{"id":0,"meta":0},{"id":45,"meta":0},{"id":0,"meta":0},{"id":0,"meta":0},{"id":0,"meta":0},{"id":64,"meta":8},{"id":0,"meta":0},{"id":0,"meta":0},{"id":0,"meta":0},{"id":0,"meta":0},{"id":0,"meta":0},{"id":102,"meta":0}],[{"id":102,"meta":0},{"id":0,"meta":0},{"id":0,"meta":0},{"id":0,"meta":0},{"id":0,"meta":0},{"id":45,"meta":0},{"id":45,"meta":0},{"id":45,"meta":0},{"id":45,"meta":0},{"id":45,"meta":0},{"id":0,"meta":0},{"id":0,"meta":0},{"id":0,"meta":0},{"id":0,"meta":0},{"id":0,"meta":0},{"id":102,"meta":0}],[{"id":102,"meta":0},{"id":0,"meta":0},{"id":0,"meta":0},{"id":0,"meta":0},{"id":45,"meta":0},{"id":0,"meta":0},{"id":0,"meta":0},{"id":45,"meta":0},{"id":0,"meta":0},{"id":0,"meta":0},{"id":0,"meta":0},{"id":0,"meta":0},{"id":0,"meta":0},{"id":0,"meta":0},{"id":0,"meta":0},{"id":102,"meta":0}],[{"id":102,"meta":0},{"id":0,"meta":0},{"id":0,"meta":0},{"id":45,"meta":0},{"id":0,"meta":0},{"id":0,"meta":0},{"id":0,"meta":0},{"id":64,"meta":8},{"id":0,"meta":0},{"id":0,"meta":0},{"id":0,"meta":0},{"id":0,"meta":0},{"id":0,"meta":0},{"id":0,"meta":0},{"id":0,"meta":0},{"id":45,"meta":0}],[{"id":45,"meta":0},{"id":0,"meta":0},{"id":45,"meta":0},{"id":0,"meta":0},{"id":0,"meta":0},{"id":0,"meta":0},{"id":0,"meta":0},{"id":64,"meta":9},{"id":0,"meta":0},{"id":0,"meta":0},{"id":0,"meta":0},{"id":0,"meta":0},{"id":0,"meta":0},{"id":0,"meta":0},{"id":0,"meta":0},{"id":102,"meta":0}],[{"id":45,"meta":0},{"id":45,"meta":0},{"id":0,"meta":0},{"id":0,"meta":0},{"id":0,"meta":0},{"id":0,"meta":0},{"id":0,"meta":0},{"id":45,"meta":0},{"id":0,"meta":0},{"id":0,"meta":0},{"id":0,"meta":0},{"id":0,"meta":0},{"id":0,"meta":0},{"id":0,"meta":0},{"id":0,"meta":0},{"id":102,"meta":0}],[{"id":102,"meta":0},{"id":0,"meta":0},{"id":0,"meta":0},{"id":0,"meta":0},{"id":0,"meta":0},{"id":0,"meta":0},{"id":0,"meta":0},{"id":45,"meta":0},{"id":0,"meta":0},{"id":0,"meta":0},{"id":0,"meta":0},{"id":0,"meta":0},{"id":0,"meta":0},{"id":0,"meta":0},{"id":0,"meta":0},{"id":102,"meta":0}],[{"id":45,"meta":0},{"id":102,"meta":0},{"id":102,"meta":0},{"id":45,"meta":0},{"id":102,"meta":0},{"id":102,"meta":0},{"id":102,"meta":0},{"id":45,"meta":0},{"id":102,"meta":0},{"id":102,"meta":0},{"id":102,"meta":0},{"id":45,"meta":0},{"id":102,"meta":0},{"id":102,"meta":0},{"id":102,"meta":0},{"id":45,"meta":0}]],[[{"id":45,"meta":0},{"id":102,"meta":0},{"id":102,"meta":0},{"id":102,"meta":0},{"id":45,"meta":0},{"id":45,"meta":0},{"id":45,"meta":0},{"id":45,"meta":0},{"id":45,"meta":0},{"id":45,"meta":0},{"id":45,"meta":0},{"id":45,"meta":0},{"id":45,"meta":0},{"id":45,"meta":0},{"id":45,"meta":0},{"id":45,"meta":0}],[{"id":102,"meta":0},{"id":0,"meta":0},{"id":0,"meta":0},{"id":0,"meta":0},{"id":0,"meta":0},{"id":45,"meta":0},{"id":45,"meta":0},{"id":45,"meta":0},{"id":45,"meta":0},{"id":45,"meta":0},{"id":45,"meta":0},{"id":45,"meta":0},{"id":45,"meta":0},{"id":45,"meta":0},{"id":45,"meta":0},{"id":45,"meta":0}],[{"id":102,"meta":0},{"id":0,"meta":0},{"id":0,"meta":0},{"id":0,"meta":0},{"id":0,"meta":0},{"id":45,"meta":0},{"id":0,"meta":0},{"id":0,"meta":0},{"id":0,"meta":0},{"id":159,"meta":0},{"id":0,"meta":0},{"id":0,"meta":0},{"id":108,"meta":2},{"id":45,"meta":0},{"id":108,"meta":7},{"id":45,"meta":0}],[{"id":102,"meta":0},{"id":0,"meta":0},{"id":0,"meta":0},{"id":0,"meta":0},{"id":0,"meta":0},{"id":45,"meta":0},{"id":0,"meta":0},{"id":0,"meta":0},{"id":0,"meta":0},{"id":159,"meta":0},{"id":0,"meta":0},{"id":0,"meta":0},{"id":108,"meta":2},{"id":45,"meta":0},{"id":108,"meta":7},{"id":45,"meta":0}],[{"id":45,"meta":0},{"id":0,"meta":0},{"id":0,"meta":0},{"id":0,"meta":0},{"id":0,"meta":0},{"id":45,"meta":0},{"id":0,"meta":0},{"id":0,"meta":0},{"id":0,"meta":0},{"id":159,"meta":0},{"id":45,"meta":0},{"id":108,"meta":3},{"id":0,"meta":0},{"id":0,"meta":0},{"id":0,"meta":0},{"id":45,"meta":0}],[{"id":102,"meta":0},{"id":0,"meta":0},{"id":0,"meta":0},{"id":0,"meta":0},{"id":0,"meta":0},{"id":45,"meta":0},{"id":0,"meta":0},{"id":0,"meta":0},{"id":0,"meta":0},{"id":159,"meta":0},{"id":45,"meta":0},{"id":108,"meta":3},{"id":0,"meta":0},{"id":0,"meta":0},{"id":0,"meta":0},{"id":45,"meta":0}],[{"id":102,"meta":0},{"id":0,"meta":0},{"id":0,"meta":0},{"id":0,"meta":0},{"id":0,"meta":0},{"id":45,"meta":0},{"id":0,"meta":0},{"id":0,"meta":0},{"id":0,"meta":0},{"id":45,"meta":0},{"id":45,"meta":0},{"id":45,"meta":0},{"id":45,"meta":0},{"id":45,"meta":0},{"id":45,"meta":0},{"id":45,"meta":0}],[{"id":102,"meta":0},{"id":0,"meta":0},{"id":45,"meta":0},{"id":45,"meta":0},{"id":45,"meta":0},{"id":45,"meta":0},{"id":0,"meta":0},{"id":0,"meta":0},{"id":0,"meta":0},{"id":45,"meta":0},{"id":0,"meta":0},{"id":0,"meta":0},{"id":0,"meta":0},{"id":0,"meta":0},{"id":0,"meta":0},{"id":45,"meta":0}],[{"id":45,"meta":0},{"id":45,"meta":0},{"id":0,"meta":0},{"id":0,"meta":0},{"id":0,"meta":0},{"id":45,"meta":0},{"id":0,"meta":0},{"id":0,"meta":0},{"id":0,"meta":0},{"id":45,"meta":0},{"id":0,"meta":0},{"id":0,"meta":0},{"id":0,"meta":0},{"id":0,"meta":0},{"id":0,"meta":0},{"id":102,"meta":0}],[{"id":102,"meta":0},{"id":0,"meta":0},{"id":0,"meta":0},{"id":0,"meta":0},{"id":0,"meta":0},{"id":45,"meta":0},{"id":45,"meta":0},{"id":45,"meta":0},{"id":45,"meta":0},{"id":45,"meta":0},{"id":0,"meta":0},{"id":0,"meta":0},{"id":0,"meta":0},{"id":0,"meta":0},{"id":0,"meta":0},{"id":102,"meta":0}],[{"id":102,"meta":0},{"id":0,"meta":0},{"id":0,"meta":0},{"id":0,"meta":0},{"id":45,"meta":0},{"id":0,"meta":0},{"id":0,"meta":0},{"id":45,"meta":0},{"id":0,"meta":0},{"id":0,"meta":0},{"id":0,"meta":0},{"id":0,"meta":0},{"id":0,"meta":0},{"id":0,"meta":0},{"id":0,"meta":0},{"id":102,"meta":0}],[{"id":102,"meta":0},{"id":0,"meta":0},{"id":0,"meta":0},{"id":45,"meta":0},{"id":0,"meta":0},{"id":0,"meta":0},{"id":0,"meta":0},{"id":45,"meta":0},{"id":0,"meta":0},{"id":0,"meta":0},{"id":0,"meta":0},{"id":0,"meta":0},{"id":0,"meta":0},{"id":0,"meta":0},{"id":0,"meta":0},{"id":45,"meta":0}],[{"id":45,"meta":0},{"id":0,"meta":0},{"id":45,"meta":0},{"id":0,"meta":0},{"id":0,"meta":0},{"id":0,"meta":0},{"id":0,"meta":0},{"id":45,"meta":0},{"id":0,"meta":0},{"id":0,"meta":0},{"id":0,"meta":0},{"id":0,"meta":0},{"id":0,"meta":0},{"id":0,"meta":0},{"id":0,"meta":0},{"id":102,"meta":0}],[{"id":45,"meta":0},{"id":45,"meta":0},{"id":0,"meta":0},{"id":0,"meta":0},{"id":0,"meta":0},{"id":0,"meta":0},{"id":0,"meta":0},{"id":45,"meta":0},{"id":0,"meta":0},{"id":0,"meta":0},{"id":0,"meta":0},{"id":0,"meta":0},{"id":0,"meta":0},{"id":0,"meta":0},{"id":0,"meta":0},{"id":102,"meta":0}],[{"id":102,"meta":0},{"id":0,"meta":0},{"id":0,"meta":0},{"id":0,"meta":0},{"id":0,"meta":0},{"id":0,"meta":0},{"id":0,"meta":0},{"id":45,"meta":0},{"id":0,"meta":0},{"id":0,"meta":0},{"id":0,"meta":0},{"id":0,"meta":0},{"id":0,"meta":0},{"id":0,"meta":0},{"id":0,"meta":0},{"id":102,"meta":0}],[{"id":45,"meta":0},{"id":102,"meta":0},{"id":102,"meta":0},{"id":45,"meta":0},{"id":102,"meta":0},{"id":102,"meta":0},{"id":102,"meta":0},{"id":45,"meta":0},{"id":102,"meta":0},{"id":102,"meta":0},{"id":102,"meta":0},{"id":45,"meta":0},{"id":102,"meta":0},{"id":102,"meta":0},{"id":102,"meta":0},{"id":45,"meta":0}]],[[{"id":45,"meta":0},{"id":45,"meta":0},{"id":45,"meta":0},{"id":45,"meta":0},{"id":45,"meta":0},{"id":45,"meta":0},{"id":45,"meta":0},{"id":45,"meta":0},{"id":45,"meta":0},{"id":45,"meta":0},{"id":45,"meta":0},{"id":45,"meta":0},{"id":45,"meta":0},{"id":45,"meta":0},{"id":45,"meta":0},{"id":45,"meta":0}],[{"id":45,"meta":0},{"id":45,"meta":0},{"id":45,"meta":0},{"id":45,"meta":0},{"id":45,"meta":0},{"id":45,"meta":0},{"id":45,"meta":0},{"id":45,"meta":0},{"id":45,"meta":0},{"id":45,"meta":0},{"id":45,"meta":0},{"id":45,"meta":0},{"id":45,"meta":0},{"id":45,"meta":0},{"id":45,"meta":0},{"id":45,"meta":0}],[{"id":45,"meta":0},{"id":45,"meta":0},{"id":45,"meta":0},{"id":45,"meta":0},{"id":45,"meta":0},{"id":45,"meta":0},{"id":45,"meta":0},{"id":45,"meta":0},{"id":45,"meta":0},{"id":45,"meta":0},{"id":45,"meta":0},{"id":45,"meta":0},{"id":45,"meta":0},{"id":45,"meta":0},{"id":45,"meta":0},{"id":45,"meta":0}],[{"id":45,"meta":0},{"id":45,"meta":0},{"id":45,"meta":0},{"id":45,"meta":0},{"id":45,"meta":0},{"id":45,"meta":0},{"id":45,"meta":0},{"id":45,"meta":0},{"id":45,"meta":0},{"id":45,"meta":0},{"id":45,"meta":0},{"id":45,"meta":0},{"id":45,"meta":0},{"id":45,"meta":0},{"id":45,"meta":0},{"id":45,"meta":0}],[{"id":45,"meta":0},{"id":45,"meta":0},{"id":45,"meta":0},{"id":45,"meta":0},{"id":45,"meta":0},{"id":45,"meta":0},{"id":45,"meta":0},{"id":45,"meta":0},{"id":45,"meta":0},{"id":45,"meta":0},{"id":45,"meta":0},{"id":45,"meta":0},{"id":45,"meta":0},{"id":45,"meta":0},{"id":45,"meta":0},{"id":45,"meta":0}],[{"id":45,"meta":0},{"id":45,"meta":0},{"id":45,"meta":0},{"id":45,"meta":0},{"id":45,"meta":0},{"id":45,"meta":0},{"id":45,"meta":0},{"id":45,"meta":0},{"id":45,"meta":0},{"id":45,"meta":0},{"id":45,"meta":0},{"id":45,"meta":0},{"id":45,"meta":0},{"id":45,"meta":0},{"id":45,"meta":0},{"id":45,"meta":0}],[{"id":45,"meta":0},{"id":45,"meta":0},{"id":45,"meta":0},{"id":45,"meta":0},{"id":45,"meta":0},{"id":45,"meta":0},{"id":45,"meta":0},{"id":45,"meta":0},{"id":45,"meta":0},{"id":45,"meta":0},{"id":45,"meta":0},{"id":45,"meta":0},{"id":45,"meta":0},{"id":45,"meta":0},{"id":45,"meta":0},{"id":45,"meta":0}],[{"id":45,"meta":0},{"id":45,"meta":0},{"id":45,"meta":0},{"id":45,"meta":0},{"id":45,"meta":0},{"id":45,"meta":0},{"id":45,"meta":0},{"id":45,"meta":0},{"id":45,"meta":0},{"id":45,"meta":0},{"id":45,"meta":0},{"id":45,"meta":0},{"id":45,"meta":0},{"id":45,"meta":0},{"id":45,"meta":0},{"id":45,"meta":0}],[{"id":45,"meta":0},{"id":45,"meta":0},{"id":45,"meta":0},{"id":45,"meta":0},{"id":45,"meta":0},{"id":45,"meta":0},{"id":45,"meta":0},{"id":45,"meta":0},{"id":45,"meta":0},{"id":45,"meta":0},{"id":45,"meta":0},{"id":45,"meta":0},{"id":45,"meta":0},{"id":45,"meta":0},{"id":45,"meta":0},{"id":45,"meta":0}],[{"id":45,"meta":0},{"id":45,"meta":0},{"id":45,"meta":0},{"id":45,"meta":0},{"id":45,"meta":0},{"id":45,"meta":0},{"id":45,"meta":0},{"id":45,"meta":0},{"id":45,"meta":0},{"id":45,"meta":0},{"id":45,"meta":0},{"id":45,"meta":0},{"id":45,"meta":0},{"id":45,"meta":0},{"id":45,"meta":0},{"id":45,"meta":0}],[{"id":45,"meta":0},{"id":45,"meta":0},{"id":45,"meta":0},{"id":45,"meta":0},{"id":45,"meta":0},{"id":45,"meta":0},{"id":45,"meta":0},{"id":45,"meta":0},{"id":45,"meta":0},{"id":45,"meta":0},{"id":45,"meta":0},{"id":45,"meta":0},{"id":45,"meta":0},{"id":45,"meta":0},{"id":45,"meta":0},{"id":45,"meta":0}],[{"id":45,"meta":0},{"id":45,"meta":0},{"id":45,"meta":0},{"id":45,"meta":0},{"id":45,"meta":0},{"id":45,"meta":0},{"id":45,"meta":0},{"id":45,"meta":0},{"id":45,"meta":0},{"id":45,"meta":0},{"id":45,"meta":0},{"id":45,"meta":0},{"id":45,"meta":0},{"id":45,"meta":0},{"id":45,"meta":0},{"id":45,"meta":0}],[{"id":45,"meta":0},{"id":45,"meta":0},{"id":45,"meta":0},{"id":45,"meta":0},{"id":45,"meta":0},{"id":45,"meta":0},{"id":45,"meta":0},{"id":45,"meta":0},{"id":45,"meta":0},{"id":45,"meta":0},{"id":45,"meta":0},{"id":45,"meta":0},{"id":45,"meta":0},{"id":45,"meta":0},{"id":45,"meta":0},{"id":45,"meta":0}],[{"id":45,"meta":0},{"id":45,"meta":0},{"id":45,"meta":0},{"id":45,"meta":0},{"id":45,"meta":0},{"id":45,"meta":0},{"id":45,"meta":0},{"id":45,"meta":0},{"id":45,"meta":0},{"id":45,"meta":0},{"id":45,"meta":0},{"id":45,"meta":0},{"id":45,"meta":0},{"id":45,"meta":0},{"id":45,"meta":0},{"id":45,"meta":0}],[{"id":45,"meta":0},{"id":45,"meta":0},{"id":45,"meta":0},{"id":45,"meta":0},{"id":45,"meta":0},{"id":45,"meta":0},{"id":45,"meta":0},{"id":45,"meta":0},{"id":45,"meta":0},{"id":45,"meta":0},{"id":45,"meta":0},{"id":45,"meta":0},{"id":45,"meta":0},{"id":45,"meta":0},{"id":45,"meta":0},{"id":45,"meta":0}],[{"id":45,"meta":0},{"id":45,"meta":0},{"id":45,"meta":0},{"id":45,"meta":0},{"id":45,"meta":0},{"id":45,"meta":0},{"id":45,"meta":0},{"id":45,"meta":0},{"id":45,"meta":0},{"id":45,"meta":0},{"id":45,"meta":0},{"id":45,"meta":0},{"id":45,"meta":0},{"id":45,"meta":0},{"id":45,"meta":0},{"id":45,"meta":0}]]]