[[[{"id":0,"meta":0},{"id":0,"meta":0},{"id":0,"meta":0},{"id":0,"meta":0},{"id":0,"meta":0},{"id":44,"meta":5},{"id":44,"meta":5},{"id":0,"meta":0},{"id":0,"meta":0},{"id":0,"meta":0},{"id":0,"meta":0},{"id":0,"meta":0}],[{"id":0,"meta":0},{"id":0,"meta":0},{"id":0,"meta":0},{"id":0,"meta":0},{"id":44,"meta":5},{"id":9,"meta":9},{"id":9,"meta":9},{"id":44,"meta":5},{"id":0,"meta":0},{"id":0,"meta":0},{"id":0,"meta":0},{"id":0,"meta":0}],[{"id":0,"meta":0},{"id":0,"meta":0},{"id":0,"meta":0},{"id":44,"meta":5},{"id":9,"meta":9},{"id":9,"meta":1},{"id":9,"meta":1},{"id":9,"meta":9},{"id":44,"meta":5},{"id":0,"meta":0},{"id":0,"meta":0},{"id":0,"meta":0}],[{"id":0,"meta":0},{"id":0,"meta":0},{"id":44,"meta":5},{"id":9,"meta":9},{"id":9,"meta":1},{"id":1,"meta":5},{"id":1,"meta":0},{"id":9,"meta":1},{"id":9,"meta":9},{"id":44,"meta":5},{"id":0,"meta":0},{"id":0,"meta":0}],[{"id":0,"meta":0},{"id":44,"meta":5},{"id":9,"meta":9},{"id":9,"meta":1},{"id":1,"meta":0},{"id":1,"meta":5},{"id":173,"meta":0},{"id":1,"meta":0},{"id":9,"meta":1},{"id":9,"meta":9},{"id":44,"meta":5},{"id":0,"meta":0}],[{"id":44,"meta":5},{"id":9,"meta":9},{"id":9,"meta":1},{"id":173,"meta":0},{"id":1,"meta":5},{"id":1,"meta":0},{"id":1,"meta":0},{"id":1,"meta":5},{"id":35,"meta":8},{"id":9,"meta":1},{"id":9,"meta":9},{"id":44,"meta":5}],[{"id":44,"meta":5},{"id":9,"meta":9},{"id":9,"meta":1},{"id":1,"meta":0},{"id":173,"meta":0},{"id":1,"meta":5},{"id":173,"meta":0},{"id":35,"meta":8},{"id":35,"meta":8},{"id":9,"meta":1},{"id":9,"meta":9},{"id":44,"meta":5}],[{"id":0,"meta":0},{"id":44,"meta":5},{"id":9,"meta":9},{"id":9,"meta":1},{"id":173,"meta":0},{"id":1,"meta":0},{"id":1,"meta":5},{"id":35,"meta":8},{"id":9,"meta":1},{"id":9,"meta":9},{"id":44,"meta":5},{"id":0,"meta":0}],[{"id":0,"meta":0},{"id":0,"meta":0},{"id":44,"meta":5},{"id":9,"meta":9},{"id":9,"meta":1},{"id":173,"meta":0},{"id":173,"meta":0},{"id":9,"meta":1},{"id":9,"meta":9},{"id":44,"meta":5},{"id":0,"meta":0},{"id":0,"meta":0}],[{"id":0,"meta":0},{"id":0,"meta":0},{"id":0,"meta":0},{"id":44,"meta":5},{"id":9,"meta":9},{"id":9,"meta":1},{"id":9,"meta":1},{"id":9,"meta":9},{"id":44,"meta":5},{"id":0,"meta":0},{"id":0,"meta":0},{"id":0,"meta":0}],[{"id":0,"meta":0},{"id":0,"meta":0},{"id":0,"meta":0},{"id":0,"meta":0},{"id":44,"meta":5},{"id":9,"meta":9},{"id":9,"meta":9},{"id":44,"meta":5},{"id":0,"meta":0},{"id":0,"meta":0},{"id":0,"meta":0},{"id":0,"meta":0}],[{"id":0,"meta":0},{"id":0,"meta":0},{"id":0,"meta":0},{"id":0,"meta":0},{"id":0,"meta":0},{"id":44,"meta":5},{"id":44,"meta":5},{"id":0,"meta":0},{"id":0,"meta":0},{"id":0,"meta":0},{"id":0,"meta":0},{"id":0,"meta":0}]],[[{"id":0,"meta":0},{"id":0,"meta":0},{"id":0,"meta":0},{"id":0,"meta":0},{"id":0,"meta":0},{"id":0,"meta":0},{"id":0,"meta":0},{"id":0,"meta":0},{"id":0,"meta":0},{"id":0,"meta":0},{"id":0,"meta":0},{"id":0,"meta":0}],[{"id":0,"meta":0},{"id":0,"meta":0},{"id":0,"meta":0},{"id":0,"meta":0},{"id":0,"meta":0},{"id":9,"meta":9},{"id":9,"meta":9},{"id":0,"meta":0},{"id":0,"meta":0},{"id":0,"meta":0},{"id":0,"meta":0},{"id":0,"meta":0}],[{"id":0,"meta":0},{"id":0,"meta":0},{"id":0,"meta":0},{"id":0,"meta":0},{"id":9,"meta":9},{"id":1,"meta":5},{"id":1,"meta":0},{"id":9,"meta":9},{"id":0,"meta":0},{"id":0,"meta":0},{"id":0,"meta":0},{"id":0,"meta":0}],[{"id":0,"meta":0},{"id":0,"meta":0},{"id":0,"meta":0},{"id":9,"meta":9},{"id":1,"meta":0},{"id":1,"meta":5},{"id":1,"meta":0},{"id":1,"meta":5},{"id":9,"meta":9},{"id":0,"meta":0},{"id":0,"meta":0},{"id":0,"meta":0}],[{"id":0,"meta":0},{"id":0,"meta":0},{"id":9,"meta":9},{"id":1,"meta":5},{"id":173,"meta":0},{"id":35,"meta":8},{"id":35,"meta":8},{"id":1,"meta":5},{"id":1,"meta":5},{"id":9,"meta":9},{"id":0,"meta":0},{"id":0,"meta":0}],[{"id":0,"meta":0},{"id":9,"meta":9},{"id":1,"meta":0},{"id":35,"meta":8},{"id":1,"meta":0},{"id":46,"meta":0},{"id":1,"meta":5},{"id":173,"meta":0},{"id":1,"meta":5},{"id":1,"meta":0},{"id":9,"meta":9},{"id":0,"meta":0}],[{"id":0,"meta":0},{"id":9,"meta":9},{"id":1,"meta":5},{"id":35,"meta":8},{"id":1,"meta":5},{"id":1,"meta":5},{"id":35,"meta":8},{"id":1,"meta":0},{"id":35,"meta":8},{"id":1,"meta":0},{"id":9,"meta":9},{"id":0,"meta":0}],[{"id":0,"meta":0},{"id":0,"meta":0},{"id":9,"meta":9},{"id":1,"meta":0},{"id":1,"meta":0},{"id":35,"meta":8},{"id":1,"meta":0},{"id":173,"meta":0},{"id":1,"meta":5},{"id":9,"meta":9},{"id":0,"meta":0},{"id":0,"meta":0}],[{"id":0,"meta":0},{"id":0,"meta":0},{"id":0,"meta":0},{"id":9,"meta":9},{"id":1,"meta":5},{"id":1,"meta":0},{"id":1,"meta":5},{"id":1,"meta":0},{"id":9,"meta":9},{"id":0,"meta":0},{"id":0,"meta":0},{"id":0,"meta":0}],[{"id":0,"meta":0},{"id":0,"meta":0},{"id":0,"meta":0},{"id":0,"meta":0},{"id":9,"meta":9},{"id":1,"meta":0},{"id":1,"meta":5},{"id":9,"meta":9},{"id":0,"meta":0},{"id":0,"meta":0},{"id":0,"meta":0},{"id":0,"meta":0}],[{"id":0,"meta":0},{"id":0,"meta":0},{"id":0,"meta":0},{"id":0,"meta":0},{"id":0,"meta":0},{"id":9,"meta":9},{"id":9,"meta":9},{"id":0,"meta":0},{"id":0,"meta":0},{"id":0,"meta":0},{"id":0,"meta":0},{"id":0,"meta":0}],[{"id":0,"meta":0},{"id":0,"meta":0},{"id":0,"meta":0},{"id":0,"meta":0},{"id":0,"meta":0},{"id":0,"meta":0},{"id":0,"meta":0},{"id":0,"meta":0},{"id":0,"meta":0},{"id":0,"meta":0},{"id":0,"meta":0},{"id":0,"meta":0}]],[[{"id":0,"meta":0},{"id":0,"meta":0},{"id":0,"meta":0},{"id":0,"meta":0},{"id":0,"meta":0},{"id":0,"meta":0},{"id":0,"meta":0},{"id":0,"meta":0},{"id":0,"meta":0},{"id":0,"meta":0},{"id":0,"meta":0},{"id":0,"meta":0}],[{"id":0,"meta":0},{"id":0,"meta":0},{"id":0,"meta":0},{"id":0,"meta":0},{"id":0,"meta":0},{"id":9,"meta":9},{"id":9,"meta":9},{"id":0,"meta":0},{"id":0,"meta":0},{"id":0,"meta":0},{"id":0,"meta":0},{"id":0,"meta":0}],[{"id":0,"meta":0},{"id":0,"meta":0},{"id":0,"meta":0},{"id":0,"meta":0},{"id":9,"meta":9},{"id":1,"meta":0},{"id":35,"meta":8},{"id":9,"meta":9},{"id":0,"meta":0},{"id":0,"meta":0},{"id":0,"meta":0},{"id":0,"meta":0}],[{"id":0,"meta":0},{"id":0,"meta":0},{"id":0,"meta":0},{"id":9,"meta":9},{"id":1,"meta":5},{"id":1,"meta":5},{"id":1,"meta":5},{"id":1,"meta":5},{"id":9,"meta":9},{"id":0,"meta":0},{"id":0,"meta":0},{"id":0,"meta":0}],[{"id":0,"meta":0},{"id":0,"meta":0},{"id":9,"meta":9},{"id":1,"meta":5},{"id":1,"meta":0},{"id":1,"meta":5},{"id":87,"meta":0},{"id":1,"meta":0},{"id":35,"meta":8},{"id":9,"meta":9},{"id":0,"meta":0},{"id":0,"meta":0}],[{"id":0,"meta":0},{"id":9,"meta":9},{"id":1,"meta":5},{"id":1,"meta":0},{"id":1,"meta":5},{"id":173,"meta":0},{"id":1,"meta":5},{"id":46,"meta":0},{"id":1,"meta":0},{"id":1,"meta":0},{"id":9,"meta":9},{"id":0,"meta":0}],[{"id":0,"meta":0},{"id":9,"meta":9},{"id":35,"meta":8},{"id":1,"meta":0},{"id":1,"meta":0},{"id":87,"meta":0},{"id":87,"meta":0},{"id":35,"meta":8},{"id":1,"meta":0},{"id":1,"meta":0},{"id":9,"meta":9},{"id":0,"meta":0}],[{"id":0,"meta":0},{"id":0,"meta":0},{"id":9,"meta":9},{"id":35,"meta":8},{"id":35,"meta":8},{"id":1,"meta":5},{"id":46,"meta":0},{"id":35,"meta":8},{"id":35,"meta":8},{"id":9,"meta":9},{"id":0,"meta":0},{"id":0,"meta":0}],[{"id":0,"meta":0},{"id":0,"meta":0},{"id":0,"meta":0},{"id":9,"meta":9},{"id":1,"meta":5},{"id":35,"meta":8},{"id":35,"meta":8},{"id":1,"meta":0},{"id":9,"meta":9},{"id":0,"meta":0},{"id":0,"meta":0},{"id":0,"meta":0}],[{"id":0,"meta":0},{"id":0,"meta":0},{"id":0,"meta":0},{"id":0,"meta":0},{"id":9,"meta":9},{"id":1,"meta":5},{"id":1,"meta":0},{"id":9,"meta":9},{"id":0,"meta":0},{"id":0,"meta":0},{"id":0,"meta":0},{"id":0,"meta":0}],[{"id":0,"meta":0},{"id":0,"meta":0},{"id":0,"meta":0},{"id":0,"meta":0},{"id":0,"meta":0},{"id":9,"meta":9},{"id":9,"meta":9},{"id":0,"meta":0},{"id":0,"meta":0},{"id":0,"meta":0},{"id":0,"meta":0},{"id":0,"meta":0}],[{"id":0,"meta":0},{"id":0,"meta":0},{"id":0,"meta":0},{"id":0,"meta":0},{"id":0,"meta":0},{"id":0,"meta":0},{"id":0,"meta":0},{"id":0,"meta":0},{"id":0,"meta":0},{"id":0,"meta":0},{"id":0,"meta":0},{"id":0,"meta":0}]],[[{"id":0,"meta":0},{"id":0,"meta":0},{"id":0,"meta":0},{"id":0,"meta":0},{"id":0,"meta":0},{"id":0,"meta":0},{"id":0,"meta":0},{"id":0,"meta":0},{"id":0,"meta":0},{"id":0,"meta":0},{"id":0,"meta":0},{"id":0,"meta":0}],[{"id":0,"meta":0},{"id":0,"meta":0},{"id":0,"meta":0},{"id":0,"meta":0},{"id":0,"meta":0},{"id":9,"meta":9},{"id":9,"meta":9},{"id":0,"meta":0},{"id":0,"meta":0},{"id":0,"meta":0},{"id":0,"meta":0},{"id":0,"meta":0}],[{"id":0,"meta":0},{"id":0,"meta":0},{"id":0,"meta":0},{"id":0,"meta":0},{"id":9,"meta":9},{"id":1,"meta":5},{"id":1,"meta":0},{"id":9,"meta":9},{"id":0,"meta":0},{"id":0,"meta":0},{"id":0,"meta":0},{"id":0,"meta":0}],[{"id":0,"meta":0},{"id":0,"meta":0},{"id":0,"meta":0},{"id":9,"meta":9},{"id":1,"meta":0},{"id":1,"meta":0},{"id":1,"meta":0},{"id":1,"meta":0},{"id":9,"meta":9},{"id":0,"meta":0},{"id":0,"meta":0},{"id":0,"meta":0}],[{"id":0,"meta":0},{"id":0,"meta":0},{"id":9,"meta":9},{"id":1,"meta":0},{"id":1,"meta":0},{"id":87,"meta":0},{"id":1,"meta":5},{"id":1,"meta":0},{"id":1,"meta":5},{"id":9,"meta":9},{"id":0,"meta":0},{"id":0,"meta":0}],[{"id":0,"meta":0},{"id":9,"meta":9},{"id":1,"meta":5},{"id":1,"meta":0},{"id":46,"meta":0},{"id":1,"meta":0},{"id":46,"meta":0},{"id":1,"meta":0},{"id":1,"meta":5},{"id":35,"meta":8},{"id":9,"meta":9},{"id":0,"meta":0}],[{"id":0,"meta":0},{"id":9,"meta":9},{"id":1,"meta":5},{"id":1,"meta":0},{"id":87,"meta":0},{"id":1,"meta":0},{"id":87,"meta":0},{"id":1,"meta":0},{"id":1,"meta":5},{"id":1,"meta":5},{"id":9,"meta":9},{"id":0,"meta":0}],[{"id":0,"meta":0},{"id":0,"meta":0},{"id":9,"meta":9},{"id":1,"meta":0},{"id":1,"meta":0},{"id":46,"meta":0},{"id":87,"meta":0},{"id":1,"meta":5},{"id":1,"meta":5},{"id":9,"meta":9},{"id":0,"meta":0},{"id":0,"meta":0}],[{"id":0,"meta":0},{"id":0,"meta":0},{"id":0,"meta":0},{"id":9,"meta":9},{"id":1,"meta":5},{"id":1,"meta":5},{"id":1,"meta":0},{"id":1,"meta":5},{"id":9,"meta":9},{"id":0,"meta":0},{"id":0,"meta":0},{"id":0,"meta":0}],[{"id":0,"meta":0},{"id":0,"meta":0},{"id":0,"meta":0},{"id":0,"meta":0},{"id":9,"meta":9},{"id":1,"meta":5},{"id":35,"meta":8},{"id":9,"meta":9},{"id":0,"meta":0},{"id":0,"meta":0},{"id":0,"meta":0},{"id":0,"meta":0}],[{"id":0,"meta":0},{"id":0,"meta":0},{"id":0,"meta":0},{"id":0,"meta":0},{"id":0,"meta":0},{"id":9,"meta":9},{"id":9,"meta":9},{"id":0,"meta":0},{"id":0,"meta":0},{"id":0,"meta":0},{"id":0,"meta":0},{"id":0,"meta":0}],[{"id":0,"meta":0},{"id":0,"meta":0},{"id":0,"meta":0},{"id":0,"meta":0},{"id":0,"meta":0},{"id":0,"meta":0},{"id":0,"meta":0},{"id":0,"meta":0},{"id":0,"meta":0},{"id":0,"meta":0},{"id":0,"meta":0},{"id":0,"meta":0}]],[[{"id":0,"meta":0},{"id":0,"meta":0},{"id":0,"meta":0},{"id":0,"meta":0},{"id":0,"meta":0},{"id":0,"meta":0},{"id":0,"meta":0},{"id":0,"meta":0},{"id":0,"meta":0},{"id":0,"meta":0},{"id":0,"meta":0},{"id":0,"meta":0}],[{"id":0,"meta":0},{"id":0,"meta":0},{"id":0,"meta":0},{"id":0,"meta":0},{"id":0,"meta":0},{"id":9,"meta":1},{"id":9,"meta":1},{"id":0,"meta":0},{"id":0,"meta":0},{"id":0,"meta":0},{"id":0,"meta":0},{"id":0,"meta":0}],[{"id":0,"meta":0},{"id":0,"meta":0},{"id":0,"meta":0},{"id":0,"meta":0},{"id":9,"meta":1},{"id":9,"meta":9},{"id":9,"meta":9},{"id":9,"meta":1},{"id":0,"meta":0},{"id":0,"meta":0},{"id":0,"meta":0},{"id":0,"meta":0}],[{"id":0,"meta":0},{"id":0,"meta":0},{"id":0,"meta":0},{"id":9,"meta":1},{"id":9,"meta":9},{"id":1,"meta":0},{"id":1,"meta":0},{"id":9,"meta":9},{"id":9,"meta":1},{"id":0,"meta":0},{"id":0,"meta":0},{"id":0,"meta":0}],[{"id":0,"meta":0},{"id":0,"meta":0},{"id":9,"meta":1},{"id":9,"meta":9},{"id":173,"meta":0},{"id":46,"meta":0},{"id":87,"meta":0},{"id":173,"meta":0},{"id":9,"meta":9},{"id":9,"meta":1},{"id":0,"meta":0},{"id":0,"meta":0}],[{"id":0,"meta":0},{"id":9,"meta":1},{"id":9,"meta":9},{"id":1,"meta":0},{"id":46,"meta":0},{"id":87,"meta":0},{"id":46,"meta":0},{"id":173,"meta":0},{"id":1,"meta":0},{"id":9,"meta":9},{"id":9,"meta":1},{"id":0,"meta":0}],[{"id":0,"meta":0},{"id":9,"meta":1},{"id":9,"meta":9},{"id":1,"meta":0},{"id":173,"meta":0},{"id":46,"meta":0},{"id":46,"meta":0},{"id":87,"meta":0},{"id":1,"meta":0},{"id":9,"meta":9},{"id":9,"meta":1},{"id":0,"meta":0}],[{"id":0,"meta":0},{"id":0,"meta":0},{"id":9,"meta":1},{"id":9,"meta":9},{"id":1,"meta":0},{"id":173,"meta":0},{"id":46,"meta":0},{"id":1,"meta":0},{"id":9,"meta":9},{"id":9,"meta":1},{"id":0,"meta":0},{"id":0,"meta":0}],[{"id":0,"meta":0},{"id":0,"meta":0},{"id":0,"meta":0},{"id":9,"meta":1},{"id":9,"meta":9},{"id":1,"meta":0},{"id":1,"meta":0},{"id":9,"meta":9},{"id":9,"meta":1},{"id":0,"meta":0},{"id":0,"meta":0},{"id":0,"meta":0}],[{"id":0,"meta":0},{"id":0,"meta":0},{"id":0,"meta":0},{"id":0,"meta":0},{"id":9,"meta":1},{"id":9,"meta":9},{"id":9,"meta":9},{"id":9,"meta":1},{"id":0,"meta":0},{"id":0,"meta":0},{"id":0,"meta":0},{"id":0,"meta":0}],[{"id":0,"meta":0},{"id":0,"meta":0},{"id":0,"meta":0},{"id":0,"meta":0},{"id":0,"meta":0},{"id":9,"meta":1},{"id":9,"meta":1},{"id":0,"meta":0},{"id":0,"meta":0},{"id":0,"meta":0},{"id":0,"meta":0},{"id":0,"meta":0}],[{"id":0,"meta":0},{"id":0,"meta":0},{"id":0,"meta":0},{"id":0,"meta":0},{"id":0,"meta":0},{"id":0,"meta":0},{"id":0,"meta":0},{"id":0,"meta":0},{"id":0,"meta":0},{"id":0,"meta":0},{"id":0,"meta":0},{"id":0,"meta":0}]],[[{"id":0,"meta":0},{"id":0,"meta":0},{"id":0,"meta":0},{"id":0,"meta":0},{"id":0,"meta":0},{"id":0,"meta":0},{"id":0,"meta":0},{"id":0,"meta":0},{"id":0,"meta":0},{"id":0,"meta":0},{"id":0,"meta":0},{"id":0,"meta":0}],[{"id":0,"meta":0},{"id":0,"meta":0},{"id":0,"meta":0},{"id":0,"meta":0},{"id":0,"meta":0},{"id":0,"meta":0},{"id":0,"meta":0},{"id":0,"meta":0},{"id":0,"meta":0},{"id":0,"meta":0},{"id":0,"meta":0},{"id":0,"meta":0}],[{"id":0,"meta":0},{"id":0,"meta":0},{"id":0,"meta":0},{"id":0,"meta":0},{"id":0,"meta":0},{"id":9,"meta":1},{"id":9,"meta":1},{"id":0,"meta":0},{"id":0,"meta":0},{"id":0,"meta":0},{"id":0,"meta":0},{"id":0,"meta":0}],[{"id":0,"meta":0},{"id":0,"meta":0},{"id":0,"meta":0},{"id":0,"meta":0},{"id":9,"meta":1},{"id":9,"meta":10},{"id":9,"meta":10},{"id":9,"meta":1},{"id":0,"meta":0},{"id":0,"meta":0},{"id":0,"meta":0},{"id":0,"meta":0}],[{"id":0,"meta":0},{"id":0,"meta":0},{"id":0,"meta":0},{"id":9,"meta":1},{"id":9,"meta":10},{"id":1,"meta":5},{"id":1,"meta":5},{"id":9,"meta":10},{"id":9,"meta":1},{"id":0,"meta":0},{"id":0,"meta":0},{"id":0,"meta":0}],[{"id":0,"meta":0},{"id":0,"meta":0},{"id":9,"meta":1},{"id":9,"meta":10},{"id":1,"meta":5},{"id":1,"meta":5},{"id":1,"meta":5},{"id":1,"meta":5},{"id":9,"meta":10},{"id":9,"meta":1},{"id":0,"meta":0},{"id":0,"meta":0}],[{"id":0,"meta":0},{"id":0,"meta":0},{"id":9,"meta":1},{"id":9,"meta":10},{"id":173,"meta":0},{"id":1,"meta":5},{"id":1,"meta":5},{"id":1,"meta":5},{"id":9,"meta":10},{"id":9,"meta":1},{"id":0,"meta":0},{"id":0,"meta":0}],[{"id":0,"meta":0},{"id":0,"meta":0},{"id":0,"meta":0},{"id":9,"meta":1},{"id":9,"meta":10},{"id":1,"meta":5},{"id":1,"meta":5},{"id":9,"meta":10},{"id":9,"meta":1},{"id":0,"meta":0},{"id":0,"meta":0},{"id":0,"meta":0}],[{"id":0,"meta":0},{"id":0,"meta":0},{"id":0,"meta":0},{"id":0,"meta":0},{"id":9,"meta":1},{"id":9,"meta":10},{"id":9,"meta":10},{"id":9,"meta":1},{"id":0,"meta":0},{"id":0,"meta":0},{"id":0,"meta":0},{"id":0,"meta":0}],[{"id":0,"meta":0},{"id":0,"meta":0},{"id":0,"meta":0},{"id":0,"meta":0},{"id":0,"meta":0},{"id":9,"meta":1},{"id":9,"meta":1},{"id":0,"meta":0},{"id":0,"meta":0},{"id":0,"meta":0},{"id":0,"meta":0},{"id":0,"meta":0}],[{"id":0,"meta":0},{"id":0,"meta":0},{"id":0,"meta":0},{"id":0,"meta":0},{"id":0,"meta":0},{"id":0,"meta":0},{"id":0,"meta":0},{"id":0,"meta":0},{"id":0,"meta":0},{"id":0,"meta":0},{"id":0,"meta":0},{"id":0,"meta":0}],[{"id":0,"meta":0},{"id":0,"meta":0},{"id":0,"meta":0},{"id":0,"meta":0},{"id":0,"meta":0},{"id":0,"meta":0},{"id":0,"meta":0},{"id":0,"meta":0},{"id":0,"meta":0},{"id":0,"meta":0},{"id":0,"meta":0},{"id":0,"meta":0}]],[[{"id":0,"meta":0},{"id":0,"meta":0},{"id":0,"meta":0},{"id":0,"meta":0},{"id":0,"meta":0},{"id":0,"meta":0},{"id":0,"meta":0},{"id":0,"meta":0},{"id":0,"meta":0},{"id":0,"meta":0},{"id":0,"meta":0},{"id":0,"meta":0}],[{"id":0,"meta":0},{"id":0,"meta":0},{"id":0,"meta":0},{"id":0,"meta":0},{"id":0,"meta":0},{"id":0,"meta":0},{"id":0,"meta":0},{"id":0,"meta":0},{"id":0,"meta":0},{"id":0,"meta":0},{"id":0,"meta":0},{"id":0,"meta":0}],[{"id":0,"meta":0},{"id":0,"meta":0},{"id":0,"meta":0},{"id":0,"meta":0},{"id":0,"meta":0},{"id":0,"meta":0},{"id":0,"meta":0},{"id":0,"meta":0},{"id":0,"meta":0},{"id":0,"meta":0},{"id":0,"meta":0},{"id":0,"meta":0}],[{"id":0,"meta":0},{"id":0,"meta":0},{"id":0,"meta":0},{"id":0,"meta":0},{"id":0,"meta":0},{"id":9,"meta":2},{"id":9,"meta":2},{"id":0,"meta":0},{"id":0,"meta":0},{"id":0,"meta":0},{"id":0,"meta":0},{"id":0,"meta":0}],[{"id":0,"meta":0},{"id":0,"meta":0},{"id":0,"meta":0},{"id":0,"meta":0},{"id":9,"meta":2},{"id":9,"meta":1},{"id":9,"meta":1},{"id":9,"meta":2},{"id":0,"meta":0},{"id":0,"meta":0},{"id":0,"meta":0},{"id":0,"meta":0}],[{"id":0,"meta":0},{"id":0,"meta":0},{"id":0,"meta":0},{"id":9,"meta":2},{"id":9,"meta":1},{"id":9,"meta":0},{"id":9,"meta":0},{"id":9,"meta":1},{"id":9,"meta":2},{"id":0,"meta":0},{"id":0,"meta":0},{"id":0,"meta":0}],[{"id":0,"meta":0},{"id":0,"meta":0},{"id":0,"meta":0},{"id":9,"meta":2},{"id":9,"meta":1},{"id":9,"meta":0},{"id":9,"meta":0},{"id":9,"meta":1},{"id":9,"meta":2},{"id":0,"meta":0},{"id":0,"meta":0},{"id":0,"meta":0}],[{"id":0,"meta":0},{"id":0,"meta":0},{"id":0,"meta":0},{"id":0,"meta":0},{"id":9,"meta":2},{"id":9,"meta":1},{"id":9,"meta":1},{"id":9,"meta":2},{"id":0,"meta":0},{"id":0,"meta":0},{"id":0,"meta":0},{"id":0,"meta":0}],[{"id":0,"meta":0},{"id":0,"meta":0},{"id":0,"meta":0},{"id":0,"meta":0},{"id":0,"meta":0},{"id":9,"meta":2},{"id":9,"meta":2},{"id":0,"meta":0},{"id":0,"meta":0},{"id":0,"meta":0},{"id":0,"meta":0},{"id":0,"meta":0}],[{"id":0,"meta":0},{"id":0,"meta":0},{"id":0,"meta":0},{"id":0,"meta":0},{"id":0,"meta":0},{"id":0,"meta":0},{"id":0,"meta":0},{"id":0,"meta":0},{"id":0,"meta":0},{"id":0,"meta":0},{"id":0,"meta":0},{"id":0,"meta":0}],[{"id":0,"meta":0},{"id":0,"meta":0},{"id":0,"meta":0},{"id":0,"meta":0},{"id":0,"meta":0},{"id":0,"meta":0},{"id":0,"meta":0},{"id":0,"meta":0},{"id":0,"meta":0},{"id":0,"meta":0},{"id":0,"meta":0},{"id":0,"meta":0}],[{"id":0,"meta":0},{"id":0,"meta":0},{"id":0,"meta":0},{"id":0,"meta":0},{"id":0,"meta":0},{"id":0,"meta":0},{"id":0,"meta":0},{"id":0,"meta":0},{"id":0,"meta":0},{"id":0,"meta":0},{"id":0,"meta":0},{"id":0,"meta":0}]],[[{"id":0,"meta":0},{"id":0,"meta":0},{"id":0,"meta":0},{"id":0,"meta":0},{"id":0,"meta":0},{"id":0,"meta":0},{"id":0,"meta":0},{"id":0,"meta":0},{"id":0,"meta":0},{"id":0,"meta":0},{"id":0,"meta":0},{"id":0,"meta":0}],[{"id":0,"meta":0},{"id":0,"meta":0},{"id":0,"meta":0},{"id":0,"meta":0},{"id":0,"meta":0},{"id":0,"meta":0},{"id":0,"meta":0},{"id":0,"meta":0},{"id":0,"meta":0},{"id":0,"meta":0},{"id":0,"meta":0},{"id":0,"meta":0}],[{"id":0,"meta":0},{"id":0,"meta":0},{"id":0,"meta":0},{"id":0,"meta":0},{"id":0,"meta":0},{"id":0,"meta":0},{"id":0,"meta":0},{"id":0,"meta":0},{"id":0,"meta":0},{"id":0,"meta":0},{"id":0,"meta":0},{"id":0,"meta":0}],[{"id":0,"meta":0},{"id":0,"meta":0},{"id":0,"meta":0},{"id":0,"meta":0},{"id":0,"meta":0},{"id":0,"meta":0},{"id":0,"meta":0},{"id":0,"meta":0},{"id":0,"meta":0},{"id":0,"meta":0},{"id":0,"meta":0},{"id":0,"meta":0}],[{"id":0,"meta":0},{"id":0,"meta":0},{"id":0,"meta":0},{"id":0,"meta":0},{"id":0,"meta":0},{"id":0,"meta":0},{"id":0,"meta":0},{"id":0,"meta":0},{"id":0,"meta":0},{"id":0,"meta":0},{"id":0,"meta":0},{"id":0,"meta":0}],[{"id":0,"meta":0},{"id":0,"meta":0},{"id":0,"meta":0},{"id":0,"meta":0},{"id":0,"meta":0},{"id":0,"meta":0},{"id":0,"meta":0},{"id":0,"meta":0},{"id":0,"meta":0},{"id":0,"meta":0},{"id":0,"meta":0},{"id":0,"meta":0}],[{"id":0,"meta":0},{"id":0,"meta":0},{"id":0,"meta":0},{"id":0,"meta":0},{"id":0,"meta":0},{"id":0,"meta":0},{"id":0,"meta":0},{"id":0,"meta":0},{"id":0,"meta":0},{"id":0,"meta":0},{"id":0,"meta":0},{"id":0,"meta":0}],[{"id":0,"meta":0},{"id":0,"meta":0},{"id":0,"meta":0},{"id":0,"meta":0},{"id":0,"meta":0},{"id":0,"meta":0},{"id":0,"meta":0},{"id":0,"meta":0},{"id":0,"meta":0},{"id":0,"meta":0},{"id":0,"meta":0},{"id":0,"meta":0}],[{"id":0,"meta":0},{"id":0,"meta":0},{"id":0,"meta":0},{"id":0,"meta":0},{"id":0,"meta":0},{"id":0,"meta":0},{"id":0,"meta":0},{"id":0,"meta":0},{"id":0,"meta":0},{"id":0,"meta":0},{"id":0,"meta":0},{"id":0,"meta":0}],[{"id":0,"meta":0},{"id":0,"meta":0},{"id":0,"meta":0},{"id":0,"meta":0},{"id":0,"meta":0},{"id":0,"meta":0},{"id":0,"meta":0},{"id":0,"meta":0},{"id":0,"meta":0},{"id":0,"meta":0},{"id":0,"meta":0},{"id":0,"meta":0}],[{"id":0,"meta":0},{"id":0,"meta":0},{"id":0,"meta":0},{"id":0,"meta":0},{"id":0,"meta":0},{"id":0,"meta":0},{"id":0,"meta":0},{"id":0,"meta":0},{"id":0,"meta":0},{"id":0,"meta":0},{"id":0,"meta":0},{"id":0,"meta":0}],[{"id":0,"meta":0},{"id":0,"meta":0},{"id":0,"meta":0},{"id":0,"meta":0},{"id":0,"meta":0},{"id":0,"meta":0},{"id":0,"meta":0},{"id":0,"meta":0},{"id":0,"meta":0},{"id":0,"meta":0},{"id":0,"meta":0},{"id":0,"meta":0}]]]