[[[{"id":3,"meta":0},{"id":3,"meta":0},{"id":3,"meta":0},{"id":3,"meta":0},{"id":3,"meta":0},{"id":3,"meta":0},{"id":3,"meta":0},{"id":3,"meta":0},{"id":3,"meta":0},{"id":3,"meta":0},{"id":3,"meta":0},{"id":3,"meta":0},{"id":3,"meta":0},{"id":3,"meta":0},{"id":3,"meta":0},{"id":3,"meta":0}],[{"id":3,"meta":0},{"id":24,"meta":0},{"id":24,"meta":0},{"id":24,"meta":0},{"id":24,"meta":0},{"id":24,"meta":0},{"id":24,"meta":1},{"id":24,"meta":0},{"id":24,"meta":0},{"id":24,"meta":0},{"id":24,"meta":0},{"id":24,"meta":0},{"id":24,"meta":0},{"id":24,"meta":1},{"id":24,"meta":0},{"id":3,"meta":0}],[{"id":3,"meta":0},{"id":24,"meta":0},{"id":24,"meta":0},{"id":24,"meta":1},{"id":24,"meta":0},{"id":24,"meta":0},{"id":24,"meta":0},{"id":24,"meta":0},{"id":24,"meta":0},{"id":24,"meta":0},{"id":24,"meta":0},{"id":24,"meta":0},{"id":24,"meta":0},{"id":24,"meta":0},{"id":24,"meta":0},{"id":3,"meta":0}],[{"id":3,"meta":0},{"id":24,"meta":0},{"id":24,"meta":0},{"id":24,"meta":0},{"id":24,"meta":0},{"id":24,"meta":0},{"id":24,"meta":0},{"id":12,"meta":0},{"id":24,"meta":1},{"id":24,"meta":0},{"id":24,"meta":0},{"id":24,"meta":0},{"id":24,"meta":1},{"id":24,"meta":0},{"id":24,"meta":0},{"id":3,"meta":0}],[{"id":3,"meta":0},{"id":24,"meta":0},{"id":24,"meta":0},{"id":24,"meta":0},{"id":24,"meta":0},{"id":24,"meta":0},{"id":12,"meta":0},{"id":12,"meta":0},{"id":12,"meta":0},{"id":12,"meta":0},{"id":24,"meta":0},{"id":24,"meta":0},{"id":24,"meta":0},{"id":24,"meta":0},{"id":24,"meta":0},{"id":3,"meta":0}],[{"id":3,"meta":0},{"id":24,"meta":0},{"id":24,"meta":0},{"id":24,"meta":0},{"id":24,"meta":1},{"id":12,"meta":0},{"id":12,"meta":0},{"id":12,"meta":0},{"id":12,"meta":0},{"id":12,"meta":0},{"id":12,"meta":0},{"id":24,"meta":0},{"id":24,"meta":0},{"id":24,"meta":0},{"id":24,"meta":0},{"id":3,"meta":0}],[{"id":3,"meta":0},{"id":24,"meta":0},{"id":24,"meta":0},{"id":24,"meta":0},{"id":24,"meta":0},{"id":12,"meta":0},{"id":12,"meta":0},{"id":12,"meta":0},{"id":12,"meta":0},{"id":12,"meta":0},{"id":12,"meta":0},{"id":12,"meta":0},{"id":24,"meta":0},{"id":24,"meta":0},{"id":24,"meta":1},{"id":3,"meta":0}],[{"id":3,"meta":0},{"id":24,"meta":0},{"id":24,"meta":1},{"id":24,"meta":0},{"id":12,"meta":0},{"id":12,"meta":0},{"id":12,"meta":0},{"id":12,"meta":0},{"id":12,"meta":0},{"id":12,"meta":0},{"id":12,"meta":0},{"id":12,"meta":0},{"id":12,"meta":0},{"id":24,"meta":0},{"id":24,"meta":0},{"id":3,"meta":0}],[{"id":3,"meta":0},{"id":24,"meta":0},{"id":24,"meta":0},{"id":24,"meta":0},{"id":12,"meta":0},{"id":12,"meta":0},{"id":12,"meta":0},{"id":12,"meta":0},{"id":12,"meta":0},{"id":12,"meta":0},{"id":12,"meta":0},{"id":12,"meta":0},{"id":12,"meta":0},{"id":12,"meta":0},{"id":24,"meta":0},{"id":3,"meta":0}],[{"id":3,"meta":0},{"id":24,"meta":0},{"id":24,"meta":0},{"id":24,"meta":0},{"id":24,"meta":0},{"id":12,"meta":0},{"id":12,"meta":0},{"id":12,"meta":0},{"id":12,"meta":0},{"id":12,"meta":0},{"id":12,"meta":0},{"id":12,"meta":0},{"id":12,"meta":0},{"id":12,"meta":0},{"id":24,"meta":0},{"id":3,"meta":0}],[{"id":3,"meta":0},{"id":24,"meta":0},{"id":24,"meta":0},{"id":24,"meta":0},{"id":24,"meta":0},{"id":24,"meta":0},{"id":12,"meta":0},{"id":12,"meta":0},{"id":12,"meta":0},{"id":12,"meta":0},{"id":12,"meta":0},{"id":12,"meta":0},{"id":12,"meta":0},{"id":24,"meta":0},{"id":24,"meta":0},{"id":3,"meta":0}],[{"id":3,"meta":0},{"id":24,"meta":0},{"id":24,"meta":0},{"id":24,"meta":0},{"id":24,"meta":0},{"id":24,"meta":0},{"id":24,"meta":0},{"id":12,"meta":0},{"id":12,"meta":0},{"id":12,"meta":0},{"id":12,"meta":0},{"id":12,"meta":0},{"id":24,"meta":0},{"id":24,"meta":0},{"id":24,"meta":0},{"id":3,"meta":0}],[{"id":3,"meta":0},{"id":24,"meta":1},{"id":24,"meta":0},{"id":24,"meta":0},{"id":24,"meta":0},{"id":24,"meta":0},{"id":24,"meta":1},{"id":24,"meta":0},{"id":12,"meta":0},{"id":12,"meta":0},{"id":12,"meta":0},{"id":24,"meta":0},{"id":24,"meta":0},{"id":24,"meta":0},{"id":24,"meta":0},{"id":3,"meta":0}],[{"id":3,"meta":0},{"id":24,"meta":0},{"id":24,"meta":0},{"id":24,"meta":0},{"id":24,"meta":0},{"id":24,"meta":0},{"id":24,"meta":0},{"id":24,"meta":0},{"id":24,"meta":0},{"id":24,"meta":0},{"id":24,"meta":0},{"id":24,"meta":0},{"id":24,"meta":0},{"id":24,"meta":0},{"id":24,"meta":0},{"id":3,"meta":0}],[{"id":3,"meta":0},{"id":24,"meta":0},{"id":24,"meta":0},{"id":24,"meta":0},{"id":24,"meta":0},{"id":24,"meta":0},{"id":24,"meta":0},{"id":24,"meta":0},{"id":24,"meta":0},{"id":24,"meta":0},{"id":24,"meta":1},{"id":24,"meta":0},{"id":24,"meta":0},{"id":24,"meta":0},{"id":24,"meta":0},{"id":3,"meta":0}],[{"id":3,"meta":0},{"id":3,"meta":0},{"id":3,"meta":0},{"id":3,"meta":0},{"id":3,"meta":0},{"id":3,"meta":0},{"id":3,"meta":0},{"id":3,"meta":0},{"id":3,"meta":0},{"id":3,"meta":0},{"id":3,"meta":0},{"id":3,"meta":0},{"id":3,"meta":0},{"id":3,"meta":0},{"id":3,"meta":0},{"id":3,"meta":0}]],[[{"id":3,"meta":0},{"id":3,"meta":0},{"id":3,"meta":0},{"id":3,"meta":0},{"id":3,"meta":0},{"id":3,"meta":0},{"id":3,"meta":0},{"id":3,"meta":0},{"id":3,"meta":0},{"id":3,"meta":0},{"id":3,"meta":0},{"id":3,"meta":0},{"id":3,"meta":0},{"id":3,"meta":0},{"id":3,"meta":0},{"id":3,"meta":0}],[{"id":3,"meta":0},{"id":12,"meta":0},{"id":12,"meta":0},{"id":12,"meta":0},{"id":24,"meta":1},{"id":24,"meta":1},{"id":12,"meta":0},{"id":24,"meta":0},{"id":12,"meta":0},{"id":12,"meta":0},{"id":24,"meta":0},{"id":12,"meta":0},{"id":24,"meta":1},{"id":12,"meta":0},{"id":12,"meta":0},{"id":3,"meta":0}],[{"id":3,"meta":0},{"id":12,"meta":0},{"id":24,"meta":0},{"id":24,"meta":1},{"id":12,"meta":0},{"id":46,"meta":0},{"id":12,"meta":0},{"id":12,"meta":0},{"id":12,"meta":0},{"id":46,"meta":0},{"id":24,"meta":1},{"id":12,"meta":0},{"id":12,"meta":0},{"id":12,"meta":0},{"id":24,"meta":1},{"id":3,"meta":0}],[{"id":3,"meta":0},{"id":12,"meta":0},{"id":12,"meta":0},{"id":12,"meta":0},{"id":12,"meta":0},{"id":12,"meta":0},{"id":12,"meta":0},{"id":12,"meta":0},{"id":12,"meta":0},{"id":12,"meta":0},{"id":12,"meta":0},{"id":12,"meta":0},{"id":24,"meta":0},{"id":46,"meta":0},{"id":12,"meta":0},{"id":3,"meta":0}],[{"id":3,"meta":0},{"id":12,"meta":0},{"id":46,"meta":0},{"id":12,"meta":0},{"id":24,"meta":0},{"id":12,"meta":0},{"id":12,"meta":0},{"id":12,"meta":0},{"id":12,"meta":0},{"id":12,"meta":0},{"id":12,"meta":0},{"id":46,"meta":0},{"id":12,"meta":0},{"id":12,"meta":0},{"id":24,"meta":0},{"id":3,"meta":0}],[{"id":3,"meta":0},{"id":12,"meta":0},{"id":12,"meta":0},{"id":12,"meta":0},{"id":12,"meta":0},{"id":12,"meta":0},{"id":12,"meta":0},{"id":12,"meta":0},{"id":12,"meta":0},{"id":12,"meta":0},{"id":12,"meta":0},{"id":12,"meta":0},{"id":12,"meta":0},{"id":46,"meta":0},{"id":12,"meta":0},{"id":3,"meta":0}],[{"id":3,"meta":0},{"id":24,"meta":0},{"id":12,"meta":0},{"id":24,"meta":1},{"id":12,"meta":0},{"id":12,"meta":0},{"id":12,"meta":0},{"id":9,"meta":0},{"id":9,"meta":0},{"id":12,"meta":0},{"id":12,"meta":0},{"id":12,"meta":0},{"id":12,"meta":0},{"id":24,"meta":0},{"id":12,"meta":0},{"id":3,"meta":0}],[{"id":3,"meta":0},{"id":12,"meta":0},{"id":46,"meta":0},{"id":12,"meta":0},{"id":12,"meta":0},{"id":12,"meta":0},{"id":9,"meta":9},{"id":9,"meta":0},{"id":9,"meta":0},{"id":9,"meta":0},{"id":12,"meta":0},{"id":12,"meta":0},{"id":12,"meta":0},{"id":12,"meta":0},{"id":24,"meta":1},{"id":3,"meta":0}],[{"id":3,"meta":0},{"id":24,"meta":0},{"id":12,"meta":0},{"id":12,"meta":0},{"id":12,"meta":0},{"id":12,"meta":0},{"id":12,"meta":0},{"id":9,"meta":0},{"id":9,"meta":0},{"id":9,"meta":0},{"id":9,"meta":0},{"id":12,"meta":0},{"id":12,"meta":0},{"id":12,"meta":0},{"id":12,"meta":0},{"id":3,"meta":0}],[{"id":3,"meta":0},{"id":12,"meta":0},{"id":12,"meta":0},{"id":24,"meta":1},{"id":24,"meta":0},{"id":12,"meta":0},{"id":12,"meta":0},{"id":12,"meta":0},{"id":9,"meta":0},{"id":9,"meta":0},{"id":9,"meta":0},{"id":12,"meta":0},{"id":12,"meta":0},{"id":12,"meta":0},{"id":46,"meta":0},{"id":3,"meta":0}],[{"id":3,"meta":0},{"id":24,"meta":0},{"id":12,"meta":0},{"id":12,"meta":0},{"id":12,"meta":0},{"id":12,"meta":0},{"id":12,"meta":0},{"id":12,"meta":0},{"id":12,"meta":0},{"id":9,"meta":0},{"id":12,"meta":0},{"id":12,"meta":0},{"id":12,"meta":0},{"id":24,"meta":1},{"id":12,"meta":0},{"id":3,"meta":0}],[{"id":3,"meta":0},{"id":12,"meta":0},{"id":12,"meta":0},{"id":46,"meta":0},{"id":12,"meta":0},{"id":12,"meta":0},{"id":24,"meta":0},{"id":12,"meta":0},{"id":12,"meta":0},{"id":12,"meta":0},{"id":12,"meta":0},{"id":12,"meta":0},{"id":12,"meta":0},{"id":12,"meta":0},{"id":24,"meta":0},{"id":3,"meta":0}],[{"id":3,"meta":0},{"id":12,"meta":0},{"id":24,"meta":0},{"id":24,"meta":1},{"id":12,"meta":0},{"id":24,"meta":1},{"id":12,"meta":0},{"id":12,"meta":0},{"id":12,"meta":0},{"id":12,"meta":0},{"id":12,"meta":0},{"id":12,"meta":0},{"id":46,"meta":0},{"id":12,"meta":0},{"id":12,"meta":0},{"id":3,"meta":0}],[{"id":3,"meta":0},{"id":12,"meta":0},{"id":12,"meta":0},{"id":46,"meta":0},{"id":12,"meta":0},{"id":46,"meta":0},{"id":12,"meta":0},{"id":24,"meta":0},{"id":12,"meta":0},{"id":24,"meta":1},{"id":24,"meta":0},{"id":12,"meta":0},{"id":12,"meta":0},{"id":24,"meta":0},{"id":46,"meta":0},{"id":3,"meta":0}],[{"id":3,"meta":0},{"id":12,"meta":0},{"id":12,"meta":0},{"id":12,"meta":0},{"id":12,"meta":0},{"id":12,"meta":0},{"id":24,"meta":1},{"id":12,"meta":0},{"id":12,"meta":0},{"id":46,"meta":0},{"id":12,"meta":0},{"id":12,"meta":0},{"id":24,"meta":0},{"id":12,"meta":0},{"id":24,"meta":1},{"id":3,"meta":0}],[{"id":3,"meta":0},{"id":3,"meta":0},{"id":3,"meta":0},{"id":3,"meta":0},{"id":3,"meta":0},{"id":3,"meta":0},{"id":3,"meta":0},{"id":3,"meta":0},{"id":3,"meta":0},{"id":3,"meta":0},{"id":3,"meta":0},{"id":3,"meta":0},{"id":3,"meta":0},{"id":3,"meta":0},{"id":3,"meta":0},{"id":3,"meta":0}]],[[{"id":2,"meta":0},{"id":2,"meta":0},{"id":2,"meta":0},{"id":2,"meta":0},{"id":2,"meta":0},{"id":2,"meta":0},{"id":2,"meta":0},{"id":2,"meta":0},{"id":2,"meta":0},{"id":2,"meta":0},{"id":2,"meta":0},{"id":2,"meta":0},{"id":2,"meta":0},{"id":2,"meta":0},{"id":2,"meta":0},{"id":2,"meta":0}],[{"id":2,"meta":0},{"id":12,"meta":0},{"id":12,"meta":0},{"id":12,"meta":0},{"id":12,"meta":0},{"id":12,"meta":0},{"id":12,"meta":0},{"id":12,"meta":0},{"id":12,"meta":0},{"id":12,"meta":0},{"id":12,"meta":0},{"id":12,"meta":0},{"id":12,"meta":0},{"id":12,"meta":0},{"id":12,"meta":0},{"id":2,"meta":0}],[{"id":2,"meta":0},{"id":12,"meta":0},{"id":12,"meta":0},{"id":12,"meta":0},{"id":12,"meta":0},{"id":12,"meta":0},{"id":12,"meta":0},{"id":12,"meta":0},{"id":12,"meta":0},{"id":12,"meta":0},{"id":12,"meta":0},{"id":12,"meta":0},{"id":12,"meta":0},{"id":12,"meta":0},{"id":12,"meta":0},{"id":2,"meta":0}],[{"id":2,"meta":0},{"id":12,"meta":0},{"id":12,"meta":0},{"id":12,"meta":0},{"id":12,"meta":0},{"id":12,"meta":0},{"id":12,"meta":0},{"id":12,"meta":0},{"id":12,"meta":0},{"id":12,"meta":0},{"id":12,"meta":0},{"id":12,"meta":0},{"id":12,"meta":0},{"id":12,"meta":0},{"id":12,"meta":0},{"id":2,"meta":0}],[{"id":2,"meta":0},{"id":12,"meta":0},{"id":12,"meta":0},{"id":12,"meta":0},{"id":12,"meta":0},{"id":12,"meta":0},{"id":12,"meta":0},{"id":9,"meta":0},{"id":12,"meta":0},{"id":12,"meta":0},{"id":12,"meta":0},{"id":12,"meta":0},{"id":12,"meta":0},{"id":12,"meta":0},{"id":12,"meta":0},{"id":2,"meta":0}],[{"id":2,"meta":0},{"id":12,"meta":0},{"id":12,"meta":0},{"id":12,"meta":0},{"id":9,"meta":0},{"id":12,"meta":0},{"id":9,"meta":0},{"id":9,"meta":0},{"id":9,"meta":0},{"id":9,"meta":0},{"id":12,"meta":0},{"id":12,"meta":0},{"id":12,"meta":0},{"id":12,"meta":0},{"id":12,"meta":0},{"id":2,"meta":0}],[{"id":2,"meta":0},{"id":12,"meta":0},{"id":12,"meta":0},{"id":12,"meta":0},{"id":12,"meta":0},{"id":12,"meta":0},{"id":9,"meta":0},{"id":9,"meta":0},{"id":9,"meta":0},{"id":9,"meta":0},{"id":12,"meta":0},{"id":12,"meta":0},{"id":12,"meta":0},{"id":12,"meta":0},{"id":12,"meta":0},{"id":2,"meta":0}],[{"id":2,"meta":0},{"id":12,"meta":0},{"id":12,"meta":0},{"id":12,"meta":0},{"id":12,"meta":0},{"id":9,"meta":0},{"id":9,"meta":1},{"id":9,"meta":0},{"id":9,"meta":0},{"id":9,"meta":0},{"id":9,"meta":0},{"id":9,"meta":0},{"id":12,"meta":0},{"id":12,"meta":0},{"id":12,"meta":0},{"id":2,"meta":0}],[{"id":2,"meta":0},{"id":12,"meta":0},{"id":12,"meta":0},{"id":12,"meta":0},{"id":12,"meta":0},{"id":9,"meta":0},{"id":9,"meta":0},{"id":9,"meta":0},{"id":9,"meta":0},{"id":9,"meta":0},{"id":9,"meta":0},{"id":9,"meta":0},{"id":9,"meta":0},{"id":12,"meta":0},{"id":12,"meta":0},{"id":2,"meta":0}],[{"id":2,"meta":0},{"id":12,"meta":0},{"id":12,"meta":0},{"id":12,"meta":0},{"id":12,"meta":0},{"id":12,"meta":0},{"id":9,"meta":0},{"id":9,"meta":0},{"id":9,"meta":0},{"id":9,"meta":0},{"id":9,"meta":0},{"id":9,"meta":0},{"id":9,"meta":0},{"id":12,"meta":0},{"id":12,"meta":0},{"id":2,"meta":0}],[{"id":2,"meta":0},{"id":12,"meta":0},{"id":24,"meta":0},{"id":24,"meta":0},{"id":24,"meta":0},{"id":12,"meta":0},{"id":12,"meta":0},{"id":12,"meta":0},{"id":9,"meta":0},{"id":9,"meta":0},{"id":9,"meta":0},{"id":9,"meta":0},{"id":12,"meta":0},{"id":12,"meta":0},{"id":12,"meta":0},{"id":2,"meta":0}],[{"id":2,"meta":0},{"id":12,"meta":0},{"id":24,"meta":0},{"id":251,"meta":1},{"id":24,"meta":0},{"id":12,"meta":0},{"id":12,"meta":0},{"id":12,"meta":0},{"id":9,"meta":0},{"id":9,"meta":0},{"id":9,"meta":0},{"id":12,"meta":0},{"id":12,"meta":0},{"id":12,"meta":0},{"id":12,"meta":0},{"id":2,"meta":0}],[{"id":2,"meta":0},{"id":12,"meta":0},{"id":24,"meta":0},{"id":24,"meta":1},{"id":24,"meta":0},{"id":12,"meta":0},{"id":12,"meta":0},{"id":12,"meta":0},{"id":12,"meta":0},{"id":12,"meta":0},{"id":12,"meta":0},{"id":12,"meta":0},{"id":12,"meta":0},{"id":12,"meta":0},{"id":12,"meta":0},{"id":2,"meta":0}],[{"id":2,"meta":0},{"id":12,"meta":0},{"id":24,"meta":0},{"id":24,"meta":1},{"id":24,"meta":0},{"id":24,"meta":0},{"id":12,"meta":0},{"id":12,"meta":0},{"id":12,"meta":0},{"id":12,"meta":0},{"id":12,"meta":0},{"id":12,"meta":0},{"id":12,"meta":0},{"id":12,"meta":0},{"id":12,"meta":0},{"id":2,"meta":0}],[{"id":2,"meta":0},{"id":12,"meta":0},{"id":12,"meta":0},{"id":12,"meta":0},{"id":12,"meta":0},{"id":12,"meta":0},{"id":12,"meta":0},{"id":12,"meta":0},{"id":12,"meta":0},{"id":12,"meta":0},{"id":12,"meta":0},{"id":12,"meta":0},{"id":12,"meta":0},{"id":12,"meta":0},{"id":12,"meta":0},{"id":2,"meta":0}],[{"id":2,"meta":0},{"id":2,"meta":0},{"id":2,"meta":0},{"id":2,"meta":0},{"id":2,"meta":0},{"id":2,"meta":0},{"id":2,"meta":0},{"id":2,"meta":0},{"id":2,"meta":0},{"id":2,"meta":0},{"id":2,"meta":0},{"id":2,"meta":0},{"id":2,"meta":0},{"id":2,"meta":0},{"id":2,"meta":0},{"id":2,"meta":0}]],[[{"id":0,"meta":0},{"id":0,"meta":0},{"id":0,"meta":0},{"id":0,"meta":0},{"id":0,"meta":0},{"id":0,"meta":0},{"id":0,"meta":0},{"id":0,"meta":0},{"id":0,"meta":0},{"id":0,"meta":0},{"id":0,"meta":0},{"id":0,"meta":0},{"id":0,"meta":0},{"id":0,"meta":0},{"id":0,"meta":0},{"id":0,"meta":0}],[{"id":0,"meta":0},{"id":0,"meta":0},{"id":0,"meta":0},{"id":0,"meta":0},{"id":55,"meta":0},{"id":55,"meta":0},{"id":55,"meta":0},{"id":46,"meta":0},{"id":55,"meta":0},{"id":55,"meta":0},{"id":0,"meta":0},{"id":24,"meta":0},{"id":24,"meta":0},{"id":24,"meta":0},{"id":24,"meta":0},{"id":0,"meta":0}],[{"id":0,"meta":0},{"id":0,"meta":0},{"id":0,"meta":0},{"id":55,"meta":0},{"id":55,"meta":0},{"id":0,"meta":0},{"id":46,"meta":0},{"id":46,"meta":0},{"id":0,"meta":0},{"id":55,"meta":0},{"id":24,"meta":0},{"id":24,"meta":0},{"id":24,"meta":0},{"id":24,"meta":0},{"id":24,"meta":0},{"id":0,"meta":0}],[{"id":0,"meta":0},{"id":0,"meta":0},{"id":0,"meta":0},{"id":0,"meta":0},{"id":0,"meta":0},{"id":0,"meta":0},{"id":0,"meta":0},{"id":0,"meta":0},{"id":0,"meta":0},{"id":24,"meta":0},{"id":24,"meta":0},{"id":24,"meta":0},{"id":24,"meta":0},{"id":24,"meta":0},{"id":24,"meta":0},{"id":0,"meta":0}],[{"id":0,"meta":0},{"id":0,"meta":0},{"id":0,"meta":0},{"id":43,"meta":1},{"id":44,"meta":1},{"id":43,"meta":1},{"id":0,"meta":0},{"id":0,"meta":0},{"id":44,"meta":1},{"id":9,"meta":11},{"id":9,"meta":10},{"id":24,"meta":0},{"id":24,"meta":0},{"id":24,"meta":0},{"id":24,"meta":0},{"id":0,"meta":0}],[{"id":0,"meta":0},{"id":0,"meta":0},{"id":0,"meta":0},{"id":44,"meta":1},{"id":0,"meta":0},{"id":44,"meta":1},{"id":0,"meta":0},{"id":0,"meta":0},{"id":0,"meta":0},{"id":9,"meta":12},{"id":9,"meta":11},{"id":24,"meta":0},{"id":24,"meta":0},{"id":24,"meta":0},{"id":24,"meta":0},{"id":0,"meta":0}],[{"id":0,"meta":0},{"id":0,"meta":0},{"id":0,"meta":0},{"id":43,"meta":1},{"id":44,"meta":1},{"id":43,"meta":1},{"id":0,"meta":0},{"id":0,"meta":0},{"id":0,"meta":0},{"id":9,"meta":1},{"id":9,"meta":12},{"id":9,"meta":11},{"id":24,"meta":0},{"id":24,"meta":0},{"id":0,"meta":0},{"id":0,"meta":0}],[{"id":0,"meta":0},{"id":0,"meta":0},{"id":0,"meta":0},{"id":0,"meta":0},{"id":0,"meta":0},{"id":0,"meta":0},{"id":0,"meta":0},{"id":0,"meta":0},{"id":0,"meta":0},{"id":0,"meta":0},{"id":9,"meta":1},{"id":9,"meta":1},{"id":0,"meta":0},{"id":0,"meta":0},{"id":0,"meta":0},{"id":0,"meta":0}],[{"id":0,"meta":0},{"id":0,"meta":0},{"id":0,"meta":0},{"id":0,"meta":0},{"id":0,"meta":0},{"id":0,"meta":0},{"id":0,"meta":0},{"id":0,"meta":0},{"id":0,"meta":0},{"id":0,"meta":0},{"id":0,"meta":0},{"id":0,"meta":0},{"id":0,"meta":0},{"id":0,"meta":0},{"id":0,"meta":0},{"id":0,"meta":0}],[{"id":0,"meta":0},{"id":24,"meta":1},{"id":24,"meta":1},{"id":30,"meta":0},{"id":24,"meta":1},{"id":24,"meta":1},{"id":0,"meta":0},{"id":0,"meta":0},{"id":0,"meta":0},{"id":0,"meta":0},{"id":0,"meta":0},{"id":0,"meta":0},{"id":0,"meta":0},{"id":0,"meta":0},{"id":0,"meta":0},{"id":0,"meta":0}],[{"id":0,"meta":0},{"id":24,"meta":1},{"id":0,"meta":0},{"id":0,"meta":0},{"id":0,"meta":0},{"id":24,"meta":1},{"id":0,"meta":0},{"id":0,"meta":0},{"id":0,"meta":0},{"id":0,"meta":0},{"id":0,"meta":0},{"id":0,"meta":0},{"id":0,"meta":0},{"id":0,"meta":0},{"id":0,"meta":0},{"id":0,"meta":0}],[{"id":0,"meta":0},{"id":24,"meta":1},{"id":30,"meta":0},{"id":42,"meta":0},{"id":0,"meta":0},{"id":24,"meta":1},{"id":0,"meta":0},{"id":0,"meta":0},{"id":0,"meta":0},{"id":0,"meta":0},{"id":0,"meta":0},{"id":0,"meta":0},{"id":0,"meta":0},{"id":0,"meta":0},{"id":0,"meta":0},{"id":0,"meta":0}],[{"id":0,"meta":0},{"id":24,"meta":1},{"id":0,"meta":0},{"id":0,"meta":0},{"id":0,"meta":0},{"id":24,"meta":1},{"id":0,"meta":0},{"id":0,"meta":0},{"id":46,"meta":0},{"id":0,"meta":0},{"id":0,"meta":0},{"id":55,"meta":0},{"id":70,"meta":0},{"id":0,"meta":0},{"id":0,"meta":0},{"id":0,"meta":0}],[{"id":0,"meta":0},{"id":24,"meta":1},{"id":30,"meta":0},{"id":70,"meta":0},{"id":0,"meta":0},{"id":0,"meta":0},{"id":0,"meta":0},{"id":0,"meta":0},{"id":46,"meta":0},{"id":46,"meta":0},{"id":55,"meta":0},{"id":55,"meta":0},{"id":0,"meta":0},{"id":0,"meta":0},{"id":0,"meta":0},{"id":0,"meta":0}],[{"id":0,"meta":0},{"id":24,"meta":1},{"id":24,"meta":1},{"id":24,"meta":1},{"id":24,"meta":1},{"id":24,"meta":1},{"id":0,"meta":0},{"id":0,"meta":0},{"id":0,"meta":0},{"id":0,"meta":0},{"id":0,"meta":0},{"id":0,"meta":0},{"id":0,"meta":0},{"id":0,"meta":0},{"id":0,"meta":0},{"id":0,"meta":0}],[{"id":0,"meta":0},{"id":0,"meta":0},{"id":0,"meta":0},{"id":0,"meta":0},{"id":0,"meta":0},{"id":0,"meta":0},{"id":0,"meta":0},{"id":0,"meta":0},{"id":0,"meta":0},{"id":0,"meta":0},{"id":0,"meta":0},{"id":0,"meta":0},{"id":0,"meta":0},{"id":0,"meta":0},{"id":0,"meta":0},{"id":0,"meta":0}]],[[{"id":0,"meta":0},{"id":0,"meta":0},{"id":0,"meta":0},{"id":0,"meta":0},{"id":0,"meta":0},{"id":0,"meta":0},{"id":0,"meta":0},{"id":0,"meta":0},{"id":0,"meta":0},{"id":0,"meta":0},{"id":0,"meta":0},{"id":0,"meta":0},{"id":0,"meta":0},{"id":0,"meta":0},{"id":0,"meta":0},{"id":0,"meta":0}],[{"id":0,"meta":0},{"id":0,"meta":0},{"id":0,"meta":0},{"id":0,"meta":0},{"id":0,"meta":0},{"id":0,"meta":0},{"id":0,"meta":0},{"id":55,"meta":0},{"id":0,"meta":0},{"id":0,"meta":0},{"id":0,"meta":0},{"id":44,"meta":1},{"id":24,"meta":0},{"id":24,"meta":0},{"id":0,"meta":0},{"id":0,"meta":0}],[{"id":0,"meta":0},{"id":0,"meta":0},{"id":0,"meta":0},{"id":0,"meta":0},{"id":0,"meta":0},{"id":0,"meta":0},{"id":55,"meta":0},{"id":46,"meta":0},{"id":0,"meta":0},{"id":0,"meta":0},{"id":44,"meta":1},{"id":24,"meta":0},{"id":9,"meta":0},{"id":24,"meta":0},{"id":24,"meta":0},{"id":0,"meta":0}],[{"id":0,"meta":0},{"id":0,"meta":0},{"id":0,"meta":0},{"id":0,"meta":0},{"id":0,"meta":0},{"id":0,"meta":0},{"id":0,"meta":0},{"id":0,"meta":0},{"id":0,"meta":0},{"id":44,"meta":1},{"id":24,"meta":0},{"id":9,"meta":10},{"id":24,"meta":0},{"id":24,"meta":0},{"id":24,"meta":0},{"id":0,"meta":0}],[{"id":0,"meta":0},{"id":0,"meta":0},{"id":0,"meta":0},{"id":24,"meta":1},{"id":0,"meta":0},{"id":24,"meta":1},{"id":0,"meta":0},{"id":0,"meta":0},{"id":0,"meta":0},{"id":9,"meta":3},{"id":9,"meta":2},{"id":9,"meta":1},{"id":24,"meta":0},{"id":24,"meta":0},{"id":0,"meta":0},{"id":0,"meta":0}],[{"id":0,"meta":0},{"id":0,"meta":0},{"id":0,"meta":0},{"id":0,"meta":0},{"id":44,"meta":9},{"id":0,"meta":0},{"id":0,"meta":0},{"id":0,"meta":0},{"id":0,"meta":0},{"id":9,"meta":4},{"id":9,"meta":3},{"id":9,"meta":2},{"id":24,"meta":0},{"id":0,"meta":0},{"id":0,"meta":0},{"id":0,"meta":0}],[{"id":0,"meta":0},{"id":0,"meta":0},{"id":0,"meta":0},{"id":24,"meta":1},{"id":0,"meta":0},{"id":24,"meta":1},{"id":0,"meta":0},{"id":0,"meta":0},{"id":0,"meta":0},{"id":0,"meta":0},{"id":9,"meta":4},{"id":9,"meta":3},{"id":44,"meta":1},{"id":0,"meta":0},{"id":0,"meta":0},{"id":0,"meta":0}],[{"id":0,"meta":0},{"id":0,"meta":0},{"id":0,"meta":0},{"id":0,"meta":0},{"id":0,"meta":0},{"id":0,"meta":0},{"id":0,"meta":0},{"id":0,"meta":0},{"id":0,"meta":0},{"id":0,"meta":0},{"id":0,"meta":0},{"id":0,"meta":0},{"id":0,"meta":0},{"id":0,"meta":0},{"id":0,"meta":0},{"id":0,"meta":0}],[{"id":0,"meta":0},{"id":0,"meta":0},{"id":0,"meta":0},{"id":0,"meta":0},{"id":0,"meta":0},{"id":0,"meta":0},{"id":0,"meta":0},{"id":0,"meta":0},{"id":0,"meta":0},{"id":0,"meta":0},{"id":0,"meta":0},{"id":0,"meta":0},{"id":0,"meta":0},{"id":0,"meta":0},{"id":0,"meta":0},{"id":0,"meta":0}],[{"id":0,"meta":0},{"id":24,"meta":1},{"id":24,"meta":1},{"id":0,"meta":0},{"id":24,"meta":1},{"id":24,"meta":1},{"id":0,"meta":0},{"id":0,"meta":0},{"id":0,"meta":0},{"id":0,"meta":0},{"id":0,"meta":0},{"id":0,"meta":0},{"id":0,"meta":0},{"id":0,"meta":0},{"id":0,"meta":0},{"id":0,"meta":0}],[{"id":0,"meta":0},{"id":24,"meta":1},{"id":0,"meta":0},{"id":0,"meta":0},{"id":30,"meta":0},{"id":24,"meta":1},{"id":0,"meta":0},{"id":0,"meta":0},{"id":0,"meta":0},{"id":0,"meta":0},{"id":0,"meta":0},{"id":0,"meta":0},{"id":0,"meta":0},{"id":0,"meta":0},{"id":0,"meta":0},{"id":0,"meta":0}],[{"id":0,"meta":0},{"id":44,"meta":1},{"id":0,"meta":0},{"id":30,"meta":0},{"id":0,"meta":0},{"id":44,"meta":1},{"id":0,"meta":0},{"id":0,"meta":0},{"id":0,"meta":0},{"id":0,"meta":0},{"id":0,"meta":0},{"id":0,"meta":0},{"id":0,"meta":0},{"id":0,"meta":0},{"id":0,"meta":0},{"id":0,"meta":0}],[{"id":0,"meta":0},{"id":44,"meta":1},{"id":0,"meta":0},{"id":0,"meta":0},{"id":0,"meta":0},{"id":24,"meta":1},{"id":0,"meta":0},{"id":0,"meta":0},{"id":0,"meta":0},{"id":0,"meta":0},{"id":0,"meta":0},{"id":0,"meta":0},{"id":0,"meta":0},{"id":0,"meta":0},{"id":0,"meta":0},{"id":0,"meta":0}],[{"id":0,"meta":0},{"id":24,"meta":1},{"id":0,"meta":0},{"id":0,"meta":0},{"id":0,"meta":0},{"id":30,"meta":0},{"id":0,"meta":0},{"id":0,"meta":0},{"id":46,"meta":0},{"id":0,"meta":0},{"id":0,"meta":0},{"id":0,"meta":0},{"id":0,"meta":0},{"id":0,"meta":0},{"id":0,"meta":0},{"id":0,"meta":0}],[{"id":0,"meta":0},{"id":24,"meta":1},{"id":24,"meta":1},{"id":44,"meta":1},{"id":44,"meta":1},{"id":24,"meta":1},{"id":0,"meta":0},{"id":0,"meta":0},{"id":0,"meta":0},{"id":0,"meta":0},{"id":0,"meta":0},{"id":0,"meta":0},{"id":0,"meta":0},{"id":0,"meta":0},{"id":0,"meta":0},{"id":0,"meta":0}],[{"id":0,"meta":0},{"id":0,"meta":0},{"id":0,"meta":0},{"id":0,"meta":0},{"id":0,"meta":0},{"id":0,"meta":0},{"id":0,"meta":0},{"id":0,"meta":0},{"id":0,"meta":0},{"id":0,"meta":0},{"id":0,"meta":0},{"id":0,"meta":0},{"id":0,"meta":0},{"id":0,"meta":0},{"id":0,"meta":0},{"id":0,"meta":0}]],[[{"id":0,"meta":0},{"id":0,"meta":0},{"id":0,"meta":0},{"id":0,"meta":0},{"id":0,"meta":0},{"id":0,"meta":0},{"id":0,"meta":0},{"id":0,"meta":0},{"id":0,"meta":0},{"id":0,"meta":0},{"id":0,"meta":0},{"id":0,"meta":0},{"id":0,"meta":0},{"id":0,"meta":0},{"id":0,"meta":0},{"id":0,"meta":0}],[{"id":0,"meta":0},{"id":0,"meta":0},{"id":0,"meta":0},{"id":0,"meta":0},{"id":0,"meta":0},{"id":0,"meta":0},{"id":0,"meta":0},{"id":0,"meta":0},{"id":0,"meta":0},{"id":0,"meta":0},{"id":0,"meta":0},{"id":0,"meta":0},{"id":24,"meta":0},{"id":0,"meta":0},{"id":0,"meta":0},{"id":0,"meta":0}],[{"id":0,"meta":0},{"id":0,"meta":0},{"id":0,"meta":0},{"id":0,"meta":0},{"id":0,"meta":0},{"id":0,"meta":0},{"id":0,"meta":0},{"id":0,"meta":0},{"id":0,"meta":0},{"id":0,"meta":0},{"id":0,"meta":0},{"id":24,"meta":0},{"id":9,"meta":0},{"id":24,"meta":0},{"id":0,"meta":0},{"id":0,"meta":0}],[{"id":0,"meta":0},{"id":0,"meta":0},{"id":0,"meta":0},{"id":0,"meta":0},{"id":0,"meta":0},{"id":0,"meta":0},{"id":0,"meta":0},{"id":0,"meta":0},{"id":0,"meta":0},{"id":0,"meta":0},{"id":44,"meta":1},{"id":9,"meta":2},{"id":9,"meta":1},{"id":24,"meta":0},{"id":0,"meta":0},{"id":0,"meta":0}],[{"id":0,"meta":0},{"id":0,"meta":0},{"id":0,"meta":0},{"id":44,"meta":1},{"id":44,"meta":1},{"id":44,"meta":1},{"id":0,"meta":0},{"id":0,"meta":0},{"id":0,"meta":0},{"id":0,"meta":0},{"id":0,"meta":0},{"id":0,"meta":0},{"id":24,"meta":0},{"id":44,"meta":1},{"id":0,"meta":0},{"id":0,"meta":0}],[{"id":0,"meta":0},{"id":0,"meta":0},{"id":0,"meta":0},{"id":44,"meta":1},{"id":43,"meta":1},{"id":44,"meta":1},{"id":0,"meta":0},{"id":0,"meta":0},{"id":0,"meta":0},{"id":0,"meta":0},{"id":0,"meta":0},{"id":0,"meta":0},{"id":0,"meta":0},{"id":0,"meta":0},{"id":0,"meta":0},{"id":0,"meta":0}],[{"id":0,"meta":0},{"id":0,"meta":0},{"id":0,"meta":0},{"id":44,"meta":1},{"id":44,"meta":1},{"id":44,"meta":1},{"id":0,"meta":0},{"id":0,"meta":0},{"id":0,"meta":0},{"id":0,"meta":0},{"id":0,"meta":0},{"id":0,"meta":0},{"id":0,"meta":0},{"id":0,"meta":0},{"id":0,"meta":0},{"id":0,"meta":0}],[{"id":0,"meta":0},{"id":0,"meta":0},{"id":0,"meta":0},{"id":0,"meta":0},{"id":0,"meta":0},{"id":0,"meta":0},{"id":0,"meta":0},{"id":0,"meta":0},{"id":0,"meta":0},{"id":0,"meta":0},{"id":0,"meta":0},{"id":0,"meta":0},{"id":0,"meta":0},{"id":0,"meta":0},{"id":0,"meta":0},{"id":0,"meta":0}],[{"id":0,"meta":0},{"id":0,"meta":0},{"id":0,"meta":0},{"id":0,"meta":0},{"id":0,"meta":0},{"id":0,"meta":0},{"id":0,"meta":0},{"id":0,"meta":0},{"id":0,"meta":0},{"id":0,"meta":0},{"id":0,"meta":0},{"id":0,"meta":0},{"id":0,"meta":0},{"id":0,"meta":0},{"id":0,"meta":0},{"id":0,"meta":0}],[{"id":0,"meta":0},{"id":44,"meta":1},{"id":44,"meta":1},{"id":44,"meta":1},{"id":44,"meta":1},{"id":44,"meta":1},{"id":0,"meta":0},{"id":0,"meta":0},{"id":0,"meta":0},{"id":0,"meta":0},{"id":0,"meta":0},{"id":0,"meta":0},{"id":0,"meta":0},{"id":0,"meta":0},{"id":0,"meta":0},{"id":0,"meta":0}],[{"id":0,"meta":0},{"id":44,"meta":1},{"id":43,"meta":1},{"id":43,"meta":1},{"id":43,"meta":1},{"id":44,"meta":1},{"id":0,"meta":0},{"id":0,"meta":0},{"id":0,"meta":0},{"id":0,"meta":0},{"id":0,"meta":0},{"id":0,"meta":0},{"id":0,"meta":0},{"id":0,"meta":0},{"id":0,"meta":0},{"id":0,"meta":0}],[{"id":0,"meta":0},{"id":44,"meta":1},{"id":43,"meta":1},{"id":44,"meta":9},{"id":43,"meta":1},{"id":44,"meta":1},{"id":0,"meta":0},{"id":0,"meta":0},{"id":0,"meta":0},{"id":0,"meta":0},{"id":0,"meta":0},{"id":0,"meta":0},{"id":0,"meta":0},{"id":0,"meta":0},{"id":0,"meta":0},{"id":0,"meta":0}],[{"id":0,"meta":0},{"id":44,"meta":1},{"id":43,"meta":1},{"id":44,"meta":9},{"id":43,"meta":1},{"id":44,"meta":1},{"id":0,"meta":0},{"id":0,"meta":0},{"id":0,"meta":0},{"id":0,"meta":0},{"id":0,"meta":0},{"id":0,"meta":0},{"id":0,"meta":0},{"id":0,"meta":0},{"id":0,"meta":0},{"id":0,"meta":0}],[{"id":0,"meta":0},{"id":44,"meta":1},{"id":43,"meta":1},{"id":43,"meta":1},{"id":43,"meta":1},{"id":44,"meta":1},{"id":0,"meta":0},{"id":0,"meta":0},{"id":0,"meta":0},{"id":0,"meta":0},{"id":0,"meta":0},{"id":0,"meta":0},{"id":0,"meta":0},{"id":0,"meta":0},{"id":0,"meta":0},{"id":0,"meta":0}],[{"id":0,"meta":0},{"id":44,"meta":1},{"id":44,"meta":1},{"id":44,"meta":1},{"id":44,"meta":1},{"id":44,"meta":1},{"id":0,"meta":0},{"id":0,"meta":0},{"id":0,"meta":0},{"id":0,"meta":0},{"id":0,"meta":0},{"id":0,"meta":0},{"id":0,"meta":0},{"id":0,"meta":0},{"id":0,"meta":0},{"id":0,"meta":0}],[{"id":0,"meta":0},{"id":0,"meta":0},{"id":0,"meta":0},{"id":0,"meta":0},{"id":0,"meta":0},{"id":0,"meta":0},{"id":0,"meta":0},{"id":0,"meta":0},{"id":0,"meta":0},{"id":0,"meta":0},{"id":0,"meta":0},{"id":0,"meta":0},{"id":0,"meta":0},{"id":0,"meta":0},{"id":0,"meta":0},{"id":0,"meta":0}]],[[{"id":0,"meta":0},{"id":0,"meta":0},{"id":0,"meta":0},{"id":0,"meta":0},{"id":0,"meta":0},{"id":0,"meta":0},{"id":0,"meta":0},{"id":0,"meta":0},{"id":0,"meta":0},{"id":0,"meta":0},{"id":0,"meta":0},{"id":0,"meta":0},{"id":0,"meta":0},{"id":0,"meta":0},{"id":0,"meta":0},{"id":0,"meta":0}],[{"id":0,"meta":0},{"id":0,"meta":0},{"id":0,"meta":0},{"id":0,"meta":0},{"id":0,"meta":0},{"id":0,"meta":0},{"id":0,"meta":0},{"id":0,"meta":0},{"id":0,"meta":0},{"id":0,"meta":0},{"id":0,"meta":0},{"id":0,"meta":0},{"id":44,"meta":1},{"id":0,"meta":0},{"id":0,"meta":0},{"id":0,"meta":0}],[{"id":0,"meta":0},{"id":0,"meta":0},{"id":0,"meta":0},{"id":0,"meta":0},{"id":0,"meta":0},{"id":0,"meta":0},{"id":0,"meta":0},{"id":0,"meta":0},{"id":0,"meta":0},{"id":0,"meta":0},{"id":0,"meta":0},{"id":44,"meta":1},{"id":30,"meta":0},{"id":43,"meta":1},{"id":0,"meta":0},{"id":0,"meta":0}],[{"id":0,"meta":0},{"id":0,"meta":0},{"id":0,"meta":0},{"id":0,"meta":0},{"id":0,"meta":0},{"id":0,"meta":0},{"id":0,"meta":0},{"id":0,"meta":0},{"id":0,"meta":0},{"id":0,"meta":0},{"id":0,"meta":0},{"id":0,"meta":0},{"id":0,"meta":0},{"id":44,"meta":1},{"id":0,"meta":0},{"id":0,"meta":0}],[{"id":0,"meta":0},{"id":0,"meta":0},{"id":0,"meta":0},{"id":0,"meta":0},{"id":0,"meta":0},{"id":0,"meta":0},{"id":0,"meta":0},{"id":0,"meta":0},{"id":0,"meta":0},{"id":0,"meta":0},{"id":0,"meta":0},{"id":0,"meta":0},{"id":0,"meta":0},{"id":0,"meta":0},{"id":0,"meta":0},{"id":0,"meta":0}],[{"id":0,"meta":0},{"id":0,"meta":0},{"id":0,"meta":0},{"id":0,"meta":0},{"id":0,"meta":0},{"id":0,"meta":0},{"id":0,"meta":0},{"id":0,"meta":0},{"id":0,"meta":0},{"id":0,"meta":0},{"id":0,"meta":0},{"id":0,"meta":0},{"id":0,"meta":0},{"id":0,"meta":0},{"id":0,"meta":0},{"id":0,"meta":0}],[{"id":0,"meta":0},{"id":0,"meta":0},{"id":0,"meta":0},{"id":0,"meta":0},{"id":0,"meta":0},{"id":0,"meta":0},{"id":0,"meta":0},{"id":0,"meta":0},{"id":0,"meta":0},{"id":0,"meta":0},{"id":0,"meta":0},{"id":0,"meta":0},{"id":0,"meta":0},{"id":0,"meta":0},{"id":0,"meta":0},{"id":0,"meta":0}],[{"id":0,"meta":0},{"id":0,"meta":0},{"id":0,"meta":0},{"id":0,"meta":0},{"id":0,"meta":0},{"id":0,"meta":0},{"id":0,"meta":0},{"id":0,"meta":0},{"id":0,"meta":0},{"id":0,"meta":0},{"id":0,"meta":0},{"id":0,"meta":0},{"id":0,"meta":0},{"id":0,"meta":0},{"id":0,"meta":0},{"id":0,"meta":0}],[{"id":0,"meta":0},{"id":0,"meta":0},{"id":0,"meta":0},{"id":0,"meta":0},{"id":0,"meta":0},{"id":0,"meta":0},{"id":0,"meta":0},{"id":0,"meta":0},{"id":0,"meta":0},{"id":0,"meta":0},{"id":0,"meta":0},{"id":0,"meta":0},{"id":0,"meta":0},{"id":0,"meta":0},{"id":0,"meta":0},{"id":0,"meta":0}],[{"id":0,"meta":0},{"id":0,"meta":0},{"id":0,"meta":0},{"id":0,"meta":0},{"id":0,"meta":0},{"id":0,"meta":0},{"id":0,"meta":0},{"id":0,"meta":0},{"id":0,"meta":0},{"id":0,"meta":0},{"id":0,"meta":0},{"id":0,"meta":0},{"id":0,"meta":0},{"id":0,"meta":0},{"id":0,"meta":0},{"id":0,"meta":0}],[{"id":0,"meta":0},{"id":0,"meta":0},{"id":0,"meta":0},{"id":0,"meta":0},{"id":0,"meta":0},{"id":0,"meta":0},{"id":0,"meta":0},{"id":0,"meta":0},{"id":0,"meta":0},{"id":0,"meta":0},{"id":0,"meta":0},{"id":0,"meta":0},{"id":0,"meta":0},{"id":0,"meta":0},{"id":0,"meta":0},{"id":0,"meta":0}],[{"id":0,"meta":0},{"id":0,"meta":0},{"id":0,"meta":0},{"id":44,"meta":1},{"id":0,"meta":0},{"id":0,"meta":0},{"id":0,"meta":0},{"id":0,"meta":0},{"id":0,"meta":0},{"id":0,"meta":0},{"id":0,"meta":0},{"id":0,"meta":0},{"id":0,"meta":0},{"id":0,"meta":0},{"id":0,"meta":0},{"id":0,"meta":0}],[{"id":0,"meta":0},{"id":0,"meta":0},{"id":0,"meta":0},{"id":44,"meta":1},{"id":0,"meta":0},{"id":0,"meta":0},{"id":0,"meta":0},{"id":0,"meta":0},{"id":0,"meta":0},{"id":0,"meta":0},{"id":0,"meta":0},{"id":0,"meta":0},{"id":0,"meta":0},{"id":0,"meta":0},{"id":0,"meta":0},{"id":0,"meta":0}],[{"id":0,"meta":0},{"id":0,"meta":0},{"id":0,"meta":0},{"id":0,"meta":0},{"id":0,"meta":0},{"id":0,"meta":0},{"id":0,"meta":0},{"id":0,"meta":0},{"id":0,"meta":0},{"id":0,"meta":0},{"id":0,"meta":0},{"id":0,"meta":0},{"id":0,"meta":0},{"id":0,"meta":0},{"id":0,"meta":0},{"id":0,"meta":0}],[{"id":0,"meta":0},{"id":0,"meta":0},{"id":0,"meta":0},{"id":0,"meta":0},{"id":0,"meta":0},{"id":0,"meta":0},{"id":0,"meta":0},{"id":0,"meta":0},{"id":0,"meta":0},{"id":0,"meta":0},{"id":0,"meta":0},{"id":0,"meta":0},{"id":0,"meta":0},{"id":0,"meta":0},{"id":0,"meta":0},{"id":0,"meta":0}],[{"id":0,"meta":0},{"id":0,"meta":0},{"id":0,"meta":0},{"id":0,"meta":0},{"id":0,"meta":0},{"id":0,"meta":0},{"id":0,"meta":0},{"id":0,"meta":0},{"id":0,"meta":0},{"id":0,"meta":0},{"id":0,"meta":0},{"id":0,"meta":0},{"id":0,"meta":0},{"id":0,"meta":0},{"id":0,"meta":0},{"id":0,"meta":0}]],[[{"id":0,"meta":0},{"id":0,"meta":0},{"id":0,"meta":0},{"id":0,"meta":0},{"id":0,"meta":0},{"id":0,"meta":0},{"id":0,"meta":0},{"id":0,"meta":0},{"id":0,"meta":0},{"id":0,"meta":0},{"id":0,"meta":0},{"id":0,"meta":0},{"id":0,"meta":0},{"id":0,"meta":0},{"id":0,"meta":0},{"id":0,"meta":0}],[{"id":0,"meta":0},{"id":0,"meta":0},{"id":0,"meta":0},{"id":0,"meta":0},{"id":0,"meta":0},{"id":0,"meta":0},{"id":0,"meta":0},{"id":0,"meta":0},{"id":0,"meta":0},{"id":0,"meta":0},{"id":0,"meta":0},{"id":0,"meta":0},{"id":0,"meta":0},{"id":0,"meta":0},{"id":0,"meta":0},{"id":0,"meta":0}],[{"id":0,"meta":0},{"id":0,"meta":0},{"id":0,"meta":0},{"id":0,"meta":0},{"id":0,"meta":0},{"id":0,"meta":0},{"id":0,"meta":0},{"id":0,"meta":0},{"id":0,"meta":0},{"id":0,"meta":0},{"id":0,"meta":0},{"id":0,"meta":0},{"id":0,"meta":0},{"id":0,"meta":0},{"id":0,"meta":0},{"id":0,"meta":0}],[{"id":0,"meta":0},{"id":0,"meta":0},{"id":0,"meta":0},{"id":0,"meta":0},{"id":0,"meta":0},{"id":0,"meta":0},{"id":0,"meta":0},{"id":0,"meta":0},{"id":0,"meta":0},{"id":0,"meta":0},{"id":0,"meta":0},{"id":0,"meta":0},{"id":0,"meta":0},{"id":0,"meta":0},{"id":0,"meta":0},{"id":0,"meta":0}],[{"id":0,"meta":0},{"id":0,"meta":0},{"id":0,"meta":0},{"id":0,"meta":0},{"id":0,"meta":0},{"id":0,"meta":0},{"id":0,"meta":0},{"id":0,"meta":0},{"id":0,"meta":0},{"id":0,"meta":0},{"id":0,"meta":0},{"id":0,"meta":0},{"id":0,"meta":0},{"id":0,"meta":0},{"id":0,"meta":0},{"id":0,"meta":0}],[{"id":0,"meta":0},{"id":0,"meta":0},{"id":0,"meta":0},{"id":0,"meta":0},{"id":0,"meta":0},{"id":0,"meta":0},{"id":0,"meta":0},{"id":0,"meta":0},{"id":0,"meta":0},{"id":0,"meta":0},{"id":0,"meta":0},{"id":0,"meta":0},{"id":0,"meta":0},{"id":0,"meta":0},{"id":0,"meta":0},{"id":0,"meta":0}],[{"id":0,"meta":0},{"id":0,"meta":0},{"id":0,"meta":0},{"id":0,"meta":0},{"id":0,"meta":0},{"id":0,"meta":0},{"id":0,"meta":0},{"id":0,"meta":0},{"id":0,"meta":0},{"id":0,"meta":0},{"id":0,"meta":0},{"id":0,"meta":0},{"id":0,"meta":0},{"id":0,"meta":0},{"id":0,"meta":0},{"id":0,"meta":0}],[{"id":0,"meta":0},{"id":0,"meta":0},{"id":0,"meta":0},{"id":0,"meta":0},{"id":0,"meta":0},{"id":0,"meta":0},{"id":0,"meta":0},{"id":0,"meta":0},{"id":0,"meta":0},{"id":0,"meta":0},{"id":0,"meta":0},{"id":0,"meta":0},{"id":0,"meta":0},{"id":0,"meta":0},{"id":0,"meta":0},{"id":0,"meta":0}],[{"id":0,"meta":0},{"id":0,"meta":0},{"id":0,"meta":0},{"id":0,"meta":0},{"id":0,"meta":0},{"id":0,"meta":0},{"id":0,"meta":0},{"id":0,"meta":0},{"id":0,"meta":0},{"id":0,"meta":0},{"id":0,"meta":0},{"id":0,"meta":0},{"id":0,"meta":0},{"id":0,"meta":0},{"id":0,"meta":0},{"id":0,"meta":0}],[{"id":0,"meta":0},{"id":0,"meta":0},{"id":0,"meta":0},{"id":0,"meta":0},{"id":0,"meta":0},{"id":0,"meta":0},{"id":0,"meta":0},{"id":0,"meta":0},{"id":0,"meta":0},{"id":0,"meta":0},{"id":0,"meta":0},{"id":0,"meta":0},{"id":0,"meta":0},{"id":0,"meta":0},{"id":0,"meta":0},{"id":0,"meta":0}],[{"id":0,"meta":0},{"id":0,"meta":0},{"id":0,"meta":0},{"id":0,"meta":0},{"id":0,"meta":0},{"id":0,"meta":0},{"id":0,"meta":0},{"id":0,"meta":0},{"id":0,"meta":0},{"id":0,"meta":0},{"id":0,"meta":0},{"id":0,"meta":0},{"id":0,"meta":0},{"id":0,"meta":0},{"id":0,"meta":0},{"id":0,"meta":0}],[{"id":0,"meta":0},{"id":0,"meta":0},{"id":0,"meta":0},{"id":0,"meta":0},{"id":0,"meta":0},{"id":0,"meta":0},{"id":0,"meta":0},{"id":0,"meta":0},{"id":0,"meta":0},{"id":0,"meta":0},{"id":0,"meta":0},{"id":0,"meta":0},{"id":0,"meta":0},{"id":0,"meta":0},{"id":0,"meta":0},{"id":0,"meta":0}],[{"id":0,"meta":0},{"id":0,"meta":0},{"id":0,"meta":0},{"id":0,"meta":0},{"id":0,"meta":0},{"id":0,"meta":0},{"id":0,"meta":0},{"id":0,"meta":0},{"id":0,"meta":0},{"id":0,"meta":0},{"id":0,"meta":0},{"id":0,"meta":0},{"id":0,"meta":0},{"id":0,"meta":0},{"id":0,"meta":0},{"id":0,"meta":0}],[{"id":0,"meta":0},{"id":0,"meta":0},{"id":0,"meta":0},{"id":0,"meta":0},{"id":0,"meta":0},{"id":0,"meta":0},{"id":0,"meta":0},{"id":0,"meta":0},{"id":0,"meta":0},{"id":0,"meta":0},{"id":0,"meta":0},{"id":0,"meta":0},{"id":0,"meta":0},{"id":0,"meta":0},{"id":0,"meta":0},{"id":0,"meta":0}],[{"id":0,"meta":0},{"id":0,"meta":0},{"id":0,"meta":0},{"id":0,"meta":0},{"id":0,"meta":0},{"id":0,"meta":0},{"id":0,"meta":0},{"id":0,"meta":0},{"id":0,"meta":0},{"id":0,"meta":0},{"id":0,"meta":0},{"id":0,"meta":0},{"id":0,"meta":0},{"id":0,"meta":0},{"id":0,"meta":0},{"id":0,"meta":0}],[{"id":0,"meta":0},{"id":0,"meta":0},{"id":0,"meta":0},{"id":0,"meta":0},{"id":0,"meta":0},{"id":0,"meta":0},{"id":0,"meta":0},{"id":0,"meta":0},{"id":0,"meta":0},{"id":0,"meta":0},{"id":0,"meta":0},{"id":0,"meta":0},{"id":0,"meta":0},{"id":0,"meta":0},{"id":0,"meta":0},{"id":0,"meta":0}]]]