[[[{"id":106,"meta":1},{"id":98,"meta":0},{"id":98,"meta":0},{"id":98,"meta":0},{"id":98,"meta":0},{"id":98,"meta":0},{"id":98,"meta":0},{"id":98,"meta":0},{"id":98,"meta":0},{"id":98,"meta":0},{"id":98,"meta":0},{"id":98,"meta":0},{"id":98,"meta":0},{"id":98,"meta":0},{"id":98,"meta":0},{"id":0,"meta":0}],[{"id":106,"meta":1},{"id":98,"meta":0},{"id":98,"meta":1},{"id":98,"meta":2},{"id":98,"meta":0},{"id":98,"meta":0},{"id":98,"meta":1},{"id":98,"meta":0},{"id":98,"meta":2},{"id":98,"meta":0},{"id":98,"meta":2},{"id":98,"meta":0},{"id":98,"meta":2},{"id":98,"meta":0},{"id":98,"meta":0},{"id":0,"meta":0}],[{"id":0,"meta":0},{"id":98,"meta":0},{"id":98,"meta":2},{"id":98,"meta":2},{"id":98,"meta":0},{"id":98,"meta":1},{"id":98,"meta":0},{"id":98,"meta":2},{"id":98,"meta":0},{"id":98,"meta":0},{"id":98,"meta":0},{"id":98,"meta":0},{"id":98,"meta":0},{"id":98,"meta":0},{"id":98,"meta":0},{"id":106,"meta":4}],[{"id":106,"meta":1},{"id":98,"meta":0},{"id":98,"meta":2},{"id":98,"meta":0},{"id":98,"meta":0},{"id":98,"meta":1},{"id":98,"meta":0},{"id":98,"meta":1},{"id":98,"meta":1},{"id":98,"meta":0},{"id":98,"meta":1},{"id":98,"meta":1},{"id":98,"meta":0},{"id":98,"meta":0},{"id":98,"meta":0},{"id":106,"meta":4}],[{"id":106,"meta":1},{"id":98,"meta":0},{"id":98,"meta":0},{"id":98,"meta":0},{"id":98,"meta":2},{"id":98,"meta":2},{"id":98,"meta":0},{"id":98,"meta":0},{"id":98,"meta":0},{"id":98,"meta":2},{"id":98,"meta":0},{"id":98,"meta":0},{"id":98,"meta":0},{"id":98,"meta":2},{"id":98,"meta":0},{"id":106,"meta":4}],[{"id":106,"meta":1},{"id":98,"meta":0},{"id":98,"meta":0},{"id":98,"meta":1},{"id":98,"meta":0},{"id":98,"meta":0},{"id":98,"meta":1},{"id":98,"meta":1},{"id":98,"meta":0},{"id":98,"meta":1},{"id":98,"meta":0},{"id":98,"meta":2},{"id":98,"meta":1},{"id":98,"meta":0},{"id":98,"meta":0},{"id":106,"meta":4}],[{"id":106,"meta":1},{"id":100,"meta":14},{"id":98,"meta":0},{"id":98,"meta":2},{"id":98,"meta":1},{"id":98,"meta":1},{"id":98,"meta":2},{"id":98,"meta":0},{"id":98,"meta":2},{"id":98,"meta":0},{"id":98,"meta":0},{"id":98,"meta":0},{"id":98,"meta":0},{"id":98,"meta":0},{"id":98,"meta":0},{"id":0,"meta":0}],[{"id":0,"meta":0},{"id":98,"meta":0},{"id":98,"meta":2},{"id":98,"meta":0},{"id":98,"meta":0},{"id":98,"meta":1},{"id":98,"meta":0},{"id":98,"meta":1},{"id":98,"meta":0},{"id":98,"meta":0},{"id":98,"meta":2},{"id":98,"meta":0},{"id":98,"meta":0},{"id":98,"meta":0},{"id":98,"meta":0},{"id":106,"meta":4}],[{"id":0,"meta":0},{"id":98,"meta":0},{"id":98,"meta":0},{"id":98,"meta":1},{"id":98,"meta":0},{"id":98,"meta":2},{"id":98,"meta":0},{"id":98,"meta":0},{"id":98,"meta":2},{"id":98,"meta":0},{"id":98,"meta":1},{"id":98,"meta":0},{"id":98,"meta":0},{"id":98,"meta":2},{"id":98,"meta":0},{"id":106,"meta":4}],[{"id":0,"meta":0},{"id":98,"meta":0},{"id":98,"meta":0},{"id":98,"meta":0},{"id":98,"meta":2},{"id":98,"meta":0},{"id":98,"meta":0},{"id":98,"meta":0},{"id":98,"meta":0},{"id":98,"meta":0},{"id":98,"meta":0},{"id":98,"meta":1},{"id":98,"meta":0},{"id":98,"meta":1},{"id":98,"meta":0},{"id":0,"meta":0}],[{"id":106,"meta":1},{"id":98,"meta":0},{"id":98,"meta":2},{"id":98,"meta":0},{"id":98,"meta":0},{"id":98,"meta":0},{"id":98,"meta":0},{"id":98,"meta":2},{"id":98,"meta":0},{"id":98,"meta":1},{"id":98,"meta":0},{"id":98,"meta":0},{"id":98,"meta":0},{"id":98,"meta":0},{"id":98,"meta":0},{"id":106,"meta":4}],[{"id":106,"meta":1},{"id":98,"meta":0},{"id":98,"meta":0},{"id":98,"meta":0},{"id":98,"meta":0},{"id":98,"meta":0},{"id":98,"meta":0},{"id":98,"meta":0},{"id":98,"meta":0},{"id":98,"meta":0},{"id":98,"meta":2},{"id":98,"meta":0},{"id":98,"meta":1},{"id":98,"meta":0},{"id":98,"meta":0},{"id":106,"meta":4}],[{"id":106,"meta":1},{"id":98,"meta":0},{"id":98,"meta":0},{"id":98,"meta":0},{"id":98,"meta":2},{"id":98,"meta":0},{"id":98,"meta":0},{"id":98,"meta":2},{"id":98,"meta":2},{"id":98,"meta":0},{"id":98,"meta":1},{"id":98,"meta":0},{"id":98,"meta":0},{"id":98,"meta":0},{"id":98,"meta":0},{"id":0,"meta":0}],[{"id":0,"meta":0},{"id":98,"meta":0},{"id":98,"meta":0},{"id":98,"meta":0},{"id":98,"meta":0},{"id":98,"meta":0},{"id":98,"meta":0},{"id":98,"meta":0},{"id":98,"meta":0},{"id":98,"meta":0},{"id":98,"meta":0},{"id":98,"meta":0},{"id":98,"meta":0},{"id":98,"meta":0},{"id":98,"meta":0},{"id":106,"meta":4}]],[[{"id":106,"meta":1},{"id":98,"meta":0},{"id":98,"meta":1},{"id":98,"meta":0},{"id":98,"meta":1},{"id":98,"meta":0},{"id":98,"meta":1},{"id":98,"meta":0},{"id":98,"meta":0},{"id":98,"meta":1},{"id":98,"meta":0},{"id":98,"meta":1},{"id":98,"meta":0},{"id":98,"meta":1},{"id":98,"meta":0},{"id":0,"meta":0}],[{"id":106,"meta":1},{"id":98,"meta":1},{"id":54,"meta":3},{"id":144,"meta":1},{"id":30,"meta":0},{"id":0,"meta":0},{"id":55,"meta":0},{"id":98,"meta":2},{"id":54,"meta":3},{"id":144,"meta":1},{"id":0,"meta":0},{"id":0,"meta":0},{"id":0,"meta":0},{"id":0,"meta":0},{"id":98,"meta":0},{"id":0,"meta":0}],[{"id":0,"meta":0},{"id":98,"meta":0},{"id":0,"meta":0},{"id":0,"meta":0},{"id":0,"meta":0},{"id":0,"meta":0},{"id":144,"meta":1},{"id":98,"meta":2},{"id":0,"meta":0},{"id":0,"meta":0},{"id":55,"meta":0},{"id":0,"meta":0},{"id":0,"meta":0},{"id":144,"meta":1},{"id":98,"meta":2},{"id":106,"meta":4}],[{"id":106,"meta":1},{"id":98,"meta":0},{"id":0,"meta":0},{"id":55,"meta":0},{"id":0,"meta":0},{"id":0,"meta":0},{"id":0,"meta":0},{"id":98,"meta":1},{"id":0,"meta":0},{"id":0,"meta":0},{"id":0,"meta":0},{"id":0,"meta":0},{"id":55,"meta":0},{"id":0,"meta":0},{"id":98,"meta":0},{"id":106,"meta":4}],[{"id":106,"meta":1},{"id":98,"meta":2},{"id":98,"meta":1},{"id":30,"meta":0},{"id":101,"meta":0},{"id":98,"meta":2},{"id":71,"meta":2},{"id":98,"meta":2},{"id":71,"meta":2},{"id":98,"meta":2},{"id":101,"meta":0},{"id":101,"meta":0},{"id":101,"meta":0},{"id":0,"meta":0},{"id":98,"meta":1},{"id":106,"meta":4}],[{"id":106,"meta":1},{"id":98,"meta":0},{"id":0,"meta":0},{"id":0,"meta":0},{"id":0,"meta":0},{"id":0,"meta":0},{"id":0,"meta":0},{"id":55,"meta":0},{"id":0,"meta":0},{"id":0,"meta":0},{"id":0,"meta":0},{"id":0,"meta":0},{"id":0,"meta":0},{"id":0,"meta":0},{"id":98,"meta":0},{"id":106,"meta":4}],[{"id":106,"meta":1},{"id":144,"meta":1},{"id":71,"meta":1},{"id":0,"meta":0},{"id":55,"meta":0},{"id":0,"meta":0},{"id":0,"meta":0},{"id":0,"meta":0},{"id":0,"meta":0},{"id":0,"meta":0},{"id":55,"meta":0},{"id":0,"meta":0},{"id":98,"meta":1},{"id":98,"meta":1},{"id":98,"meta":1},{"id":0,"meta":0}],[{"id":0,"meta":0},{"id":0,"meta":0},{"id":71,"meta":1},{"id":0,"meta":0},{"id":0,"meta":0},{"id":0,"meta":0},{"id":0,"meta":0},{"id":55,"meta":0},{"id":0,"meta":0},{"id":144,"meta":1},{"id":0,"meta":0},{"id":0,"meta":0},{"id":98,"meta":1},{"id":98,"meta":1},{"id":98,"meta":0},{"id":106,"meta":4}],[{"id":0,"meta":0},{"id":98,"meta":1},{"id":55,"meta":0},{"id":0,"meta":0},{"id":0,"meta":0},{"id":0,"meta":0},{"id":0,"meta":0},{"id":0,"meta":0},{"id":0,"meta":0},{"id":0,"meta":0},{"id":0,"meta":0},{"id":0,"meta":0},{"id":0,"meta":0},{"id":0,"meta":0},{"id":98,"meta":2},{"id":106,"meta":4}],[{"id":0,"meta":0},{"id":98,"meta":0},{"id":109,"meta":4},{"id":109,"meta":4},{"id":109,"meta":4},{"id":71,"meta":0},{"id":98,"meta":1},{"id":0,"meta":0},{"id":101,"meta":0},{"id":101,"meta":0},{"id":98,"meta":1},{"id":71,"meta":0},{"id":98,"meta":1},{"id":101,"meta":0},{"id":98,"meta":0},{"id":0,"meta":0}],[{"id":106,"meta":1},{"id":98,"meta":2},{"id":109,"meta":0},{"id":109,"meta":0},{"id":0,"meta":0},{"id":55,"meta":0},{"id":98,"meta":0},{"id":0,"meta":0},{"id":55,"meta":0},{"id":0,"meta":0},{"id":0,"meta":0},{"id":55,"meta":0},{"id":0,"meta":0},{"id":0,"meta":0},{"id":98,"meta":1},{"id":106,"meta":4}],[{"id":106,"meta":1},{"id":98,"meta":0},{"id":109,"meta":3},{"id":144,"meta":1},{"id":0,"meta":0},{"id":0,"meta":0},{"id":98,"meta":1},{"id":0,"meta":0},{"id":144,"meta":1},{"id":0,"meta":0},{"id":0,"meta":0},{"id":0,"meta":0},{"id":0,"meta":0},{"id":54,"meta":4},{"id":98,"meta":2},{"id":106,"meta":4}],[{"id":106,"meta":1},{"id":98,"meta":1},{"id":109,"meta":3},{"id":30,"meta":0},{"id":55,"meta":0},{"id":54,"meta":2},{"id":98,"meta":1},{"id":0,"meta":0},{"id":30,"meta":0},{"id":55,"meta":0},{"id":0,"meta":0},{"id":0,"meta":0},{"id":55,"meta":0},{"id":144,"meta":1},{"id":98,"meta":0},{"id":0,"meta":0}],[{"id":0,"meta":0},{"id":98,"meta":0},{"id":98,"meta":1},{"id":98,"meta":0},{"id":98,"meta":1},{"id":98,"meta":0},{"id":98,"meta":0},{"id":98,"meta":1},{"id":98,"meta":1},{"id":98,"meta":2},{"id":98,"meta":0},{"id":98,"meta":1},{"id":98,"meta":0},{"id":98,"meta":0},{"id":98,"meta":1},{"id":106,"meta":4}]],[[{"id":106,"meta":1},{"id":98,"meta":1},{"id":98,"meta":0},{"id":98,"meta":1},{"id":98,"meta":2},{"id":98,"meta":1},{"id":98,"meta":0},{"id":98,"meta":1},{"id":98,"meta":2},{"id":98,"meta":1},{"id":98,"meta":0},{"id":98,"meta":2},{"id":98,"meta":0},{"id":98,"meta":2},{"id":98,"meta":0},{"id":0,"meta":0}],[{"id":106,"meta":1},{"id":98,"meta":2},{"id":0,"meta":0},{"id":0,"meta":0},{"id":0,"meta":0},{"id":0,"meta":0},{"id":0,"meta":0},{"id":98,"meta":1},{"id":0,"meta":0},{"id":0,"meta":0},{"id":0,"meta":0},{"id":0,"meta":0},{"id":0,"meta":0},{"id":30,"meta":0},{"id":98,"meta":1},{"id":0,"meta":0}],[{"id":0,"meta":0},{"id":98,"meta":1},{"id":0,"meta":0},{"id":0,"meta":0},{"id":0,"meta":0},{"id":0,"meta":0},{"id":0,"meta":0},{"id":98,"meta":1},{"id":0,"meta":0},{"id":0,"meta":0},{"id":0,"meta":0},{"id":0,"meta":0},{"id":0,"meta":0},{"id":0,"meta":0},{"id":98,"meta":2},{"id":106,"meta":4}],[{"id":0,"meta":0},{"id":98,"meta":0},{"id":30,"meta":0},{"id":0,"meta":0},{"id":0,"meta":0},{"id":0,"meta":0},{"id":0,"meta":0},{"id":98,"meta":0},{"id":0,"meta":0},{"id":0,"meta":0},{"id":0,"meta":0},{"id":0,"meta":0},{"id":0,"meta":0},{"id":0,"meta":0},{"id":98,"meta":1},{"id":106,"meta":4}],[{"id":106,"meta":1},{"id":98,"meta":1},{"id":98,"meta":1},{"id":101,"meta":0},{"id":101,"meta":0},{"id":98,"meta":2},{"id":71,"meta":9},{"id":98,"meta":2},{"id":71,"meta":9},{"id":98,"meta":2},{"id":30,"meta":0},{"id":101,"meta":0},{"id":101,"meta":0},{"id":101,"meta":0},{"id":98,"meta":0},{"id":106,"meta":4}],[{"id":106,"meta":1},{"id":98,"meta":2},{"id":0,"meta":0},{"id":0,"meta":0},{"id":0,"meta":0},{"id":0,"meta":0},{"id":0,"meta":0},{"id":0,"meta":0},{"id":0,"meta":0},{"id":0,"meta":0},{"id":0,"meta":0},{"id":0,"meta":0},{"id":0,"meta":0},{"id":30,"meta":0},{"id":98,"meta":1},{"id":106,"meta":4}],[{"id":106,"meta":1},{"id":30,"meta":0},{"id":71,"meta":9},{"id":0,"meta":0},{"id":0,"meta":0},{"id":0,"meta":0},{"id":0,"meta":0},{"id":0,"meta":0},{"id":0,"meta":0},{"id":0,"meta":0},{"id":0,"meta":0},{"id":0,"meta":0},{"id":98,"meta":1},{"id":98,"meta":1},{"id":98,"meta":2},{"id":0,"meta":0}],[{"id":0,"meta":0},{"id":77,"meta":4},{"id":71,"meta":8},{"id":0,"meta":0},{"id":0,"meta":0},{"id":0,"meta":0},{"id":0,"meta":0},{"id":0,"meta":0},{"id":0,"meta":0},{"id":0,"meta":0},{"id":0,"meta":0},{"id":0,"meta":0},{"id":55,"meta":0},{"id":98,"meta":1},{"id":98,"meta":1},{"id":106,"meta":4}],[{"id":0,"meta":0},{"id":98,"meta":0},{"id":30,"meta":0},{"id":0,"meta":0},{"id":0,"meta":0},{"id":0,"meta":0},{"id":0,"meta":0},{"id":0,"meta":0},{"id":0,"meta":0},{"id":0,"meta":0},{"id":0,"meta":0},{"id":0,"meta":0},{"id":0,"meta":0},{"id":0,"meta":0},{"id":98,"meta":0},{"id":0,"meta":0}],[{"id":0,"meta":0},{"id":98,"meta":1},{"id":101,"meta":0},{"id":101,"meta":0},{"id":0,"meta":0},{"id":71,"meta":9},{"id":98,"meta":0},{"id":101,"meta":0},{"id":101,"meta":0},{"id":101,"meta":0},{"id":98,"meta":2},{"id":71,"meta":8},{"id":98,"meta":1},{"id":30,"meta":0},{"id":98,"meta":2},{"id":0,"meta":0}],[{"id":106,"meta":1},{"id":98,"meta":2},{"id":0,"meta":0},{"id":0,"meta":0},{"id":0,"meta":0},{"id":0,"meta":0},{"id":98,"meta":2},{"id":0,"meta":0},{"id":0,"meta":0},{"id":0,"meta":0},{"id":0,"meta":0},{"id":0,"meta":0},{"id":0,"meta":0},{"id":0,"meta":0},{"id":98,"meta":1},{"id":106,"meta":4}],[{"id":106,"meta":1},{"id":98,"meta":1},{"id":0,"meta":0},{"id":0,"meta":0},{"id":0,"meta":0},{"id":0,"meta":0},{"id":98,"meta":2},{"id":0,"meta":0},{"id":0,"meta":0},{"id":0,"meta":0},{"id":0,"meta":0},{"id":0,"meta":0},{"id":0,"meta":0},{"id":0,"meta":0},{"id":98,"meta":0},{"id":0,"meta":0}],[{"id":106,"meta":1},{"id":98,"meta":2},{"id":0,"meta":0},{"id":0,"meta":0},{"id":0,"meta":0},{"id":0,"meta":0},{"id":98,"meta":0},{"id":0,"meta":0},{"id":0,"meta":0},{"id":0,"meta":0},{"id":0,"meta":0},{"id":0,"meta":0},{"id":0,"meta":0},{"id":30,"meta":0},{"id":98,"meta":2},{"id":0,"meta":0}],[{"id":0,"meta":0},{"id":98,"meta":2},{"id":98,"meta":0},{"id":98,"meta":1},{"id":98,"meta":2},{"id":98,"meta":2},{"id":98,"meta":0},{"id":98,"meta":1},{"id":98,"meta":2},{"id":98,"meta":1},{"id":98,"meta":2},{"id":98,"meta":0},{"id":98,"meta":0},{"id":98,"meta":1},{"id":98,"meta":0},{"id":106,"meta":4}]],[[{"id":0,"meta":0},{"id":98,"meta":1},{"id":98,"meta":0},{"id":98,"meta":0},{"id":98,"meta":0},{"id":98,"meta":2},{"id":98,"meta":1},{"id":98,"meta":0},{"id":98,"meta":2},{"id":98,"meta":0},{"id":98,"meta":1},{"id":98,"meta":0},{"id":98,"meta":2},{"id":98,"meta":1},{"id":98,"meta":0},{"id":0,"meta":0}],[{"id":18,"meta":8},{"id":98,"meta":0},{"id":0,"meta":0},{"id":0,"meta":0},{"id":0,"meta":0},{"id":0,"meta":0},{"id":0,"meta":0},{"id":98,"meta":0},{"id":0,"meta":0},{"id":0,"meta":0},{"id":0,"meta":0},{"id":0,"meta":0},{"id":0,"meta":0},{"id":0,"meta":0},{"id":98,"meta":2},{"id":18,"meta":8}],[{"id":0,"meta":0},{"id":98,"meta":2},{"id":0,"meta":0},{"id":0,"meta":0},{"id":0,"meta":0},{"id":0,"meta":0},{"id":0,"meta":0},{"id":98,"meta":2},{"id":0,"meta":0},{"id":0,"meta":0},{"id":0,"meta":0},{"id":0,"meta":0},{"id":0,"meta":0},{"id":0,"meta":0},{"id":98,"meta":0},{"id":106,"meta":4}],[{"id":0,"meta":0},{"id":98,"meta":0},{"id":0,"meta":0},{"id":0,"meta":0},{"id":0,"meta":0},{"id":0,"meta":0},{"id":0,"meta":0},{"id":98,"meta":2},{"id":0,"meta":0},{"id":0,"meta":0},{"id":0,"meta":0},{"id":0,"meta":0},{"id":0,"meta":0},{"id":0,"meta":0},{"id":98,"meta":2},{"id":106,"meta":4}],[{"id":106,"meta":1},{"id":98,"meta":1},{"id":98,"meta":2},{"id":98,"meta":1},{"id":98,"meta":1},{"id":98,"meta":2},{"id":98,"meta":1},{"id":98,"meta":0},{"id":98,"meta":1},{"id":98,"meta":0},{"id":98,"meta":2},{"id":98,"meta":0},{"id":98,"meta":1},{"id":98,"meta":2},{"id":98,"meta":0},{"id":106,"meta":4}],[{"id":106,"meta":1},{"id":98,"meta":0},{"id":0,"meta":0},{"id":0,"meta":0},{"id":0,"meta":0},{"id":0,"meta":0},{"id":0,"meta":0},{"id":0,"meta":0},{"id":0,"meta":0},{"id":0,"meta":0},{"id":0,"meta":0},{"id":0,"meta":0},{"id":0,"meta":0},{"id":0,"meta":0},{"id":98,"meta":1},{"id":106,"meta":4}],[{"id":106,"meta":1},{"id":98,"meta":1},{"id":0,"meta":0},{"id":0,"meta":0},{"id":0,"meta":0},{"id":0,"meta":0},{"id":0,"meta":0},{"id":0,"meta":0},{"id":0,"meta":0},{"id":0,"meta":0},{"id":0,"meta":0},{"id":0,"meta":0},{"id":98,"meta":1},{"id":98,"meta":1},{"id":98,"meta":2},{"id":0,"meta":0}],[{"id":0,"meta":0},{"id":98,"meta":1},{"id":0,"meta":0},{"id":0,"meta":0},{"id":0,"meta":0},{"id":0,"meta":0},{"id":0,"meta":0},{"id":0,"meta":0},{"id":0,"meta":0},{"id":0,"meta":0},{"id":0,"meta":0},{"id":0,"meta":0},{"id":0,"meta":0},{"id":0,"meta":0},{"id":98,"meta":0},{"id":0,"meta":0}],[{"id":0,"meta":0},{"id":98,"meta":0},{"id":0,"meta":0},{"id":0,"meta":0},{"id":0,"meta":0},{"id":0,"meta":0},{"id":0,"meta":0},{"id":0,"meta":0},{"id":0,"meta":0},{"id":0,"meta":0},{"id":0,"meta":0},{"id":0,"meta":0},{"id":0,"meta":0},{"id":0,"meta":0},{"id":98,"meta":2},{"id":0,"meta":0}],[{"id":0,"meta":0},{"id":98,"meta":2},{"id":98,"meta":0},{"id":98,"meta":1},{"id":98,"meta":2},{"id":98,"meta":0},{"id":98,"meta":0},{"id":98,"meta":1},{"id":98,"meta":1},{"id":98,"meta":2},{"id":98,"meta":1},{"id":98,"meta":1},{"id":98,"meta":2},{"id":98,"meta":2},{"id":98,"meta":0},{"id":0,"meta":0}],[{"id":106,"meta":1},{"id":98,"meta":2},{"id":0,"meta":0},{"id":0,"meta":0},{"id":0,"meta":0},{"id":0,"meta":0},{"id":98,"meta":0},{"id":0,"meta":0},{"id":0,"meta":0},{"id":0,"meta":0},{"id":0,"meta":0},{"id":0,"meta":0},{"id":0,"meta":0},{"id":0,"meta":0},{"id":98,"meta":1},{"id":106,"meta":4}],[{"id":0,"meta":0},{"id":98,"meta":2},{"id":0,"meta":0},{"id":0,"meta":0},{"id":0,"meta":0},{"id":0,"meta":0},{"id":98,"meta":2},{"id":0,"meta":0},{"id":0,"meta":0},{"id":0,"meta":0},{"id":0,"meta":0},{"id":0,"meta":0},{"id":0,"meta":0},{"id":0,"meta":0},{"id":98,"meta":0},{"id":0,"meta":0}],[{"id":106,"meta":1},{"id":98,"meta":0},{"id":0,"meta":0},{"id":0,"meta":0},{"id":0,"meta":0},{"id":0,"meta":0},{"id":98,"meta":0},{"id":0,"meta":0},{"id":0,"meta":0},{"id":0,"meta":0},{"id":0,"meta":0},{"id":0,"meta":0},{"id":0,"meta":0},{"id":0,"meta":0},{"id":98,"meta":0},{"id":0,"meta":0}],[{"id":0,"meta":0},{"id":98,"meta":1},{"id":98,"meta":2},{"id":98,"meta":0},{"id":98,"meta":0},{"id":98,"meta":2},{"id":98,"meta":0},{"id":98,"meta":0},{"id":98,"meta":1},{"id":98,"meta":0},{"id":98,"meta":2},{"id":98,"meta":0},{"id":98,"meta":0},{"id":98,"meta":2},{"id":98,"meta":1},{"id":106,"meta":4}]],[[{"id":0,"meta":0},{"id":98,"meta":1},{"id":98,"meta":2},{"id":98,"meta":1},{"id":98,"meta":2},{"id":98,"meta":1},{"id":98,"meta":2},{"id":98,"meta":1},{"id":98,"meta":2},{"id":98,"meta":1},{"id":98,"meta":2},{"id":98,"meta":1},{"id":98,"meta":2},{"id":98,"meta":1},{"id":98,"meta":2},{"id":0,"meta":0}],[{"id":18,"meta":8},{"id":98,"meta":2},{"id":98,"meta":2},{"id":98,"meta":1},{"id":98,"meta":2},{"id":98,"meta":1},{"id":98,"meta":2},{"id":98,"meta":1},{"id":98,"meta":1},{"id":98,"meta":2},{"id":98,"meta":1},{"id":98,"meta":1},{"id":98,"meta":1},{"id":98,"meta":2},{"id":98,"meta":2},{"id":18,"meta":8}],[{"id":0,"meta":0},{"id":98,"meta":1},{"id":98,"meta":1},{"id":98,"meta":1},{"id":98,"meta":1},{"id":98,"meta":1},{"id":98,"meta":1},{"id":98,"meta":1},{"id":98,"meta":1},{"id":98,"meta":1},{"id":98,"meta":1},{"id":98,"meta":1},{"id":98,"meta":1},{"id":98,"meta":1},{"id":98,"meta":1},{"id":0,"meta":0}],[{"id":0,"meta":0},{"id":98,"meta":2},{"id":98,"meta":2},{"id":98,"meta":2},{"id":98,"meta":1},{"id":98,"meta":2},{"id":98,"meta":1},{"id":98,"meta":1},{"id":98,"meta":1},{"id":98,"meta":2},{"id":98,"meta":1},{"id":98,"meta":2},{"id":98,"meta":2},{"id":98,"meta":2},{"id":98,"meta":2},{"id":106,"meta":4}],[{"id":106,"meta":1},{"id":98,"meta":1},{"id":98,"meta":2},{"id":98,"meta":1},{"id":98,"meta":2},{"id":98,"meta":1},{"id":98,"meta":2},{"id":98,"meta":1},{"id":98,"meta":2},{"id":98,"meta":1},{"id":98,"meta":2},{"id":98,"meta":1},{"id":98,"meta":2},{"id":98,"meta":1},{"id":98,"meta":2},{"id":106,"meta":4}],[{"id":106,"meta":1},{"id":98,"meta":1},{"id":98,"meta":2},{"id":98,"meta":1},{"id":98,"meta":2},{"id":98,"meta":1},{"id":98,"meta":2},{"id":98,"meta":2},{"id":98,"meta":1},{"id":98,"meta":2},{"id":98,"meta":1},{"id":98,"meta":1},{"id":98,"meta":1},{"id":98,"meta":2},{"id":98,"meta":1},{"id":106,"meta":4}],[{"id":106,"meta":1},{"id":98,"meta":2},{"id":98,"meta":1},{"id":98,"meta":1},{"id":98,"meta":2},{"id":98,"meta":2},{"id":98,"meta":1},{"id":98,"meta":2},{"id":98,"meta":1},{"id":98,"meta":1},{"id":98,"meta":1},{"id":98,"meta":1},{"id":98,"meta":1},{"id":55,"meta":0},{"id":98,"meta":2},{"id":0,"meta":0}],[{"id":0,"meta":0},{"id":98,"meta":2},{"id":98,"meta":1},{"id":98,"meta":2},{"id":98,"meta":2},{"id":98,"meta":1},{"id":98,"meta":2},{"id":98,"meta":2},{"id":98,"meta":2},{"id":98,"meta":1},{"id":98,"meta":1},{"id":98,"meta":1},{"id":0,"meta":0},{"id":0,"meta":0},{"id":98,"meta":2},{"id":0,"meta":0}],[{"id":0,"meta":0},{"id":98,"meta":1},{"id":98,"meta":2},{"id":98,"meta":1},{"id":98,"meta":1},{"id":98,"meta":2},{"id":98,"meta":1},{"id":98,"meta":1},{"id":98,"meta":2},{"id":98,"meta":1},{"id":98,"meta":1},{"id":98,"meta":2},{"id":98,"meta":1},{"id":98,"meta":2},{"id":98,"meta":1},{"id":0,"meta":0}],[{"id":0,"meta":0},{"id":98,"meta":2},{"id":98,"meta":2},{"id":98,"meta":1},{"id":98,"meta":1},{"id":98,"meta":2},{"id":98,"meta":2},{"id":98,"meta":2},{"id":98,"meta":1},{"id":98,"meta":2},{"id":98,"meta":1},{"id":98,"meta":2},{"id":98,"meta":1},{"id":98,"meta":1},{"id":98,"meta":2},{"id":0,"meta":0}],[{"id":106,"meta":1},{"id":98,"meta":1},{"id":98,"meta":2},{"id":98,"meta":1},{"id":98,"meta":2},{"id":98,"meta":1},{"id":98,"meta":1},{"id":98,"meta":2},{"id":98,"meta":2},{"id":98,"meta":1},{"id":98,"meta":1},{"id":98,"meta":2},{"id":98,"meta":1},{"id":98,"meta":1},{"id":98,"meta":1},{"id":106,"meta":4}],[{"id":0,"meta":0},{"id":98,"meta":1},{"id":98,"meta":1},{"id":98,"meta":2},{"id":98,"meta":2},{"id":98,"meta":1},{"id":98,"meta":1},{"id":98,"meta":2},{"id":98,"meta":2},{"id":98,"meta":2},{"id":98,"meta":2},{"id":98,"meta":2},{"id":98,"meta":1},{"id":98,"meta":1},{"id":98,"meta":2},{"id":0,"meta":0}],[{"id":0,"meta":0},{"id":98,"meta":2},{"id":98,"meta":2},{"id":98,"meta":1},{"id":98,"meta":2},{"id":98,"meta":1},{"id":98,"meta":2},{"id":98,"meta":1},{"id":98,"meta":2},{"id":98,"meta":2},{"id":98,"meta":1},{"id":98,"meta":2},{"id":98,"meta":1},{"id":98,"meta":2},{"id":98,"meta":1},{"id":18,"meta":8}],[{"id":0,"meta":0},{"id":98,"meta":1},{"id":98,"meta":2},{"id":98,"meta":2},{"id":98,"meta":2},{"id":98,"meta":1},{"id":98,"meta":2},{"id":98,"meta":2},{"id":98,"meta":2},{"id":98,"meta":2},{"id":98,"meta":1},{"id":98,"meta":2},{"id":98,"meta":2},{"id":98,"meta":1},{"id":98,"meta":2},{"id":106,"meta":4}]],[[{"id":18,"meta":8},{"id":98,"meta":1},{"id":98,"meta":1},{"id":98,"meta":1},{"id":98,"meta":1},{"id":98,"meta":1},{"id":98,"meta":1},{"id":0,"meta":0},{"id":98,"meta":1},{"id":98,"meta":1},{"id":98,"meta":1},{"id":98,"meta":1},{"id":98,"meta":1},{"id":18,"meta":12},{"id":18,"meta":12},{"id":0,"meta":0}],[{"id":18,"meta":12},{"id":18,"meta":12},{"id":0,"meta":0},{"id":0,"meta":0},{"id":0,"meta":0},{"id":55,"meta":0},{"id":0,"meta":0},{"id":0,"meta":0},{"id":0,"meta":0},{"id":30,"meta":0},{"id":0,"meta":0},{"id":55,"meta":0},{"id":0,"meta":0},{"id":18,"meta":8},{"id":98,"meta":1},{"id":18,"meta":8}],[{"id":18,"meta":8},{"id":98,"meta":1},{"id":0,"meta":0},{"id":0,"meta":0},{"id":0,"meta":0},{"id":0,"meta":0},{"id":30,"meta":0},{"id":0,"meta":0},{"id":0,"meta":0},{"id":0,"meta":0},{"id":0,"meta":0},{"id":144,"meta":1},{"id":0,"meta":0},{"id":30,"meta":0},{"id":98,"meta":1},{"id":0,"meta":0}],[{"id":0,"meta":0},{"id":98,"meta":1},{"id":55,"meta":0},{"id":0,"meta":0},{"id":144,"meta":1},{"id":0,"meta":0},{"id":0,"meta":0},{"id":0,"meta":0},{"id":0,"meta":0},{"id":55,"meta":0},{"id":0,"meta":0},{"id":0,"meta":0},{"id":0,"meta":0},{"id":0,"meta":0},{"id":98,"meta":1},{"id":106,"meta":4}],[{"id":0,"meta":0},{"id":98,"meta":1},{"id":101,"meta":0},{"id":101,"meta":0},{"id":101,"meta":0},{"id":101,"meta":0},{"id":98,"meta":1},{"id":101,"meta":0},{"id":101,"meta":0},{"id":101,"meta":0},{"id":98,"meta":2},{"id":71,"meta":2},{"id":98,"meta":2},{"id":98,"meta":2},{"id":98,"meta":1},{"id":106,"meta":4}],[{"id":0,"meta":0},{"id":98,"meta":1},{"id":0,"meta":0},{"id":0,"meta":0},{"id":0,"meta":0},{"id":0,"meta":0},{"id":0,"meta":0},{"id":0,"meta":0},{"id":0,"meta":0},{"id":0,"meta":0},{"id":0,"meta":0},{"id":144,"meta":1},{"id":0,"meta":0},{"id":0,"meta":0},{"id":98,"meta":1},{"id":106,"meta":4}],[{"id":0,"meta":0},{"id":98,"meta":1},{"id":30,"meta":0},{"id":55,"meta":0},{"id":0,"meta":0},{"id":0,"meta":0},{"id":0,"meta":0},{"id":0,"meta":0},{"id":0,"meta":0},{"id":0,"meta":0},{"id":0,"meta":0},{"id":0,"meta":0},{"id":0,"meta":0},{"id":0,"meta":0},{"id":98,"meta":1},{"id":0,"meta":0}],[{"id":0,"meta":0},{"id":98,"meta":1},{"id":0,"meta":0},{"id":0,"meta":0},{"id":144,"meta":1},{"id":0,"meta":0},{"id":30,"meta":0},{"id":0,"meta":0},{"id":55,"meta":0},{"id":0,"meta":0},{"id":30,"meta":0},{"id":0,"meta":0},{"id":0,"meta":0},{"id":0,"meta":0},{"id":98,"meta":1},{"id":0,"meta":0}],[{"id":0,"meta":0},{"id":98,"meta":1},{"id":0,"meta":0},{"id":0,"meta":0},{"id":0,"meta":0},{"id":0,"meta":0},{"id":0,"meta":0},{"id":0,"meta":0},{"id":0,"meta":0},{"id":0,"meta":0},{"id":0,"meta":0},{"id":0,"meta":0},{"id":0,"meta":0},{"id":0,"meta":0},{"id":0,"meta":0},{"id":0,"meta":0}],[{"id":0,"meta":0},{"id":98,"meta":1},{"id":71,"meta":0},{"id":98,"meta":2},{"id":101,"meta":0},{"id":101,"meta":0},{"id":0,"meta":0},{"id":101,"meta":0},{"id":98,"meta":2},{"id":101,"meta":0},{"id":101,"meta":0},{"id":98,"meta":2},{"id":71,"meta":0},{"id":98,"meta":1},{"id":98,"meta":1},{"id":0,"meta":0}],[{"id":0,"meta":0},{"id":98,"meta":1},{"id":0,"meta":0},{"id":0,"meta":0},{"id":0,"meta":0},{"id":0,"meta":0},{"id":55,"meta":0},{"id":0,"meta":0},{"id":98,"meta":2},{"id":30,"meta":0},{"id":0,"meta":0},{"id":0,"meta":0},{"id":0,"meta":0},{"id":55,"meta":0},{"id":98,"meta":1},{"id":0,"meta":0}],[{"id":0,"meta":0},{"id":98,"meta":1},{"id":55,"meta":0},{"id":0,"meta":0},{"id":0,"meta":0},{"id":0,"meta":0},{"id":144,"meta":1},{"id":0,"meta":0},{"id":98,"meta":2},{"id":0,"meta":0},{"id":0,"meta":0},{"id":0,"meta":0},{"id":144,"meta":1},{"id":0,"meta":0},{"id":98,"meta":1},{"id":0,"meta":0}],[{"id":0,"meta":0},{"id":98,"meta":1},{"id":144,"meta":1},{"id":0,"meta":0},{"id":30,"meta":0},{"id":0,"meta":0},{"id":18,"meta":8},{"id":18,"meta":8},{"id":98,"meta":2},{"id":0,"meta":0},{"id":144,"meta":1},{"id":55,"meta":0},{"id":18,"meta":8},{"id":30,"meta":0},{"id":98,"meta":1},{"id":18,"meta":8}],[{"id":0,"meta":0},{"id":98,"meta":1},{"id":98,"meta":1},{"id":98,"meta":1},{"id":98,"meta":1},{"id":98,"meta":1},{"id":98,"meta":1},{"id":98,"meta":1},{"id":98,"meta":1},{"id":0,"meta":0},{"id":98,"meta":1},{"id":98,"meta":1},{"id":98,"meta":1},{"id":98,"meta":1},{"id":98,"meta":1},{"id":0,"meta":0}]],[[{"id":0,"meta":0},{"id":18,"meta":12},{"id":98,"meta":1},{"id":98,"meta":1},{"id":0,"meta":0},{"id":98,"meta":1},{"id":98,"meta":1},{"id":0,"meta":0},{"id":0,"meta":0},{"id":0,"meta":0},{"id":98,"meta":1},{"id":98,"meta":1},{"id":98,"meta":1},{"id":0,"meta":0},{"id":0,"meta":0},{"id":0,"meta":0}],[{"id":0,"meta":0},{"id":18,"meta":12},{"id":30,"meta":0},{"id":0,"meta":0},{"id":0,"meta":0},{"id":0,"meta":0},{"id":0,"meta":0},{"id":0,"meta":0},{"id":0,"meta":0},{"id":0,"meta":0},{"id":0,"meta":0},{"id":0,"meta":0},{"id":0,"meta":0},{"id":0,"meta":0},{"id":18,"meta":8},{"id":0,"meta":0}],[{"id":18,"meta":8},{"id":98,"meta":1},{"id":0,"meta":0},{"id":0,"meta":0},{"id":0,"meta":0},{"id":0,"meta":0},{"id":0,"meta":0},{"id":0,"meta":0},{"id":0,"meta":0},{"id":0,"meta":0},{"id":0,"meta":0},{"id":0,"meta":0},{"id":0,"meta":0},{"id":0,"meta":0},{"id":98,"meta":1},{"id":0,"meta":0}],[{"id":0,"meta":0},{"id":98,"meta":1},{"id":0,"meta":0},{"id":0,"meta":0},{"id":0,"meta":0},{"id":0,"meta":0},{"id":0,"meta":0},{"id":0,"meta":0},{"id":0,"meta":0},{"id":0,"meta":0},{"id":0,"meta":0},{"id":0,"meta":0},{"id":0,"meta":0},{"id":0,"meta":0},{"id":98,"meta":1},{"id":0,"meta":0}],[{"id":0,"meta":0},{"id":98,"meta":2},{"id":101,"meta":0},{"id":0,"meta":0},{"id":101,"meta":0},{"id":101,"meta":0},{"id":98,"meta":1},{"id":0,"meta":0},{"id":101,"meta":0},{"id":101,"meta":0},{"id":98,"meta":1},{"id":71,"meta":8},{"id":98,"meta":1},{"id":98,"meta":1},{"id":98,"meta":1},{"id":0,"meta":0}],[{"id":0,"meta":0},{"id":98,"meta":1},{"id":0,"meta":0},{"id":0,"meta":0},{"id":0,"meta":0},{"id":0,"meta":0},{"id":0,"meta":0},{"id":0,"meta":0},{"id":0,"meta":0},{"id":0,"meta":0},{"id":0,"meta":0},{"id":0,"meta":0},{"id":0,"meta":0},{"id":0,"meta":0},{"id":98,"meta":1},{"id":0,"meta":0}],[{"id":0,"meta":0},{"id":0,"meta":0},{"id":0,"meta":0},{"id":0,"meta":0},{"id":0,"meta":0},{"id":0,"meta":0},{"id":0,"meta":0},{"id":0,"meta":0},{"id":0,"meta":0},{"id":0,"meta":0},{"id":0,"meta":0},{"id":0,"meta":0},{"id":0,"meta":0},{"id":0,"meta":0},{"id":98,"meta":1},{"id":0,"meta":0}],[{"id":0,"meta":0},{"id":98,"meta":1},{"id":0,"meta":0},{"id":0,"meta":0},{"id":0,"meta":0},{"id":0,"meta":0},{"id":0,"meta":0},{"id":0,"meta":0},{"id":0,"meta":0},{"id":0,"meta":0},{"id":0,"meta":0},{"id":0,"meta":0},{"id":0,"meta":0},{"id":0,"meta":0},{"id":98,"meta":1},{"id":0,"meta":0}],[{"id":0,"meta":0},{"id":98,"meta":1},{"id":0,"meta":0},{"id":0,"meta":0},{"id":0,"meta":0},{"id":0,"meta":0},{"id":0,"meta":0},{"id":0,"meta":0},{"id":0,"meta":0},{"id":0,"meta":0},{"id":0,"meta":0},{"id":0,"meta":0},{"id":0,"meta":0},{"id":0,"meta":0},{"id":0,"meta":0},{"id":0,"meta":0}],[{"id":0,"meta":0},{"id":0,"meta":0},{"id":71,"meta":9},{"id":98,"meta":2},{"id":101,"meta":0},{"id":0,"meta":0},{"id":0,"meta":0},{"id":0,"meta":0},{"id":98,"meta":2},{"id":101,"meta":0},{"id":0,"meta":0},{"id":0,"meta":0},{"id":71,"meta":9},{"id":98,"meta":2},{"id":98,"meta":1},{"id":0,"meta":0}],[{"id":0,"meta":0},{"id":98,"meta":1},{"id":0,"meta":0},{"id":0,"meta":0},{"id":0,"meta":0},{"id":0,"meta":0},{"id":0,"meta":0},{"id":0,"meta":0},{"id":0,"meta":0},{"id":0,"meta":0},{"id":0,"meta":0},{"id":0,"meta":0},{"id":0,"meta":0},{"id":0,"meta":0},{"id":98,"meta":1},{"id":0,"meta":0}],[{"id":0,"meta":0},{"id":0,"meta":0},{"id":0,"meta":0},{"id":0,"meta":0},{"id":0,"meta":0},{"id":0,"meta":0},{"id":0,"meta":0},{"id":0,"meta":0},{"id":98,"meta":2},{"id":0,"meta":0},{"id":0,"meta":0},{"id":0,"meta":0},{"id":0,"meta":0},{"id":0,"meta":0},{"id":98,"meta":1},{"id":18,"meta":8}],[{"id":0,"meta":0},{"id":98,"meta":1},{"id":0,"meta":0},{"id":0,"meta":0},{"id":0,"meta":0},{"id":0,"meta":0},{"id":0,"meta":0},{"id":0,"meta":0},{"id":18,"meta":8},{"id":0,"meta":0},{"id":0,"meta":0},{"id":0,"meta":0},{"id":0,"meta":0},{"id":0,"meta":0},{"id":18,"meta":8},{"id":0,"meta":0}],[{"id":0,"meta":0},{"id":98,"meta":1},{"id":0,"meta":0},{"id":98,"meta":1},{"id":98,"meta":1},{"id":0,"meta":0},{"id":98,"meta":1},{"id":18,"meta":8},{"id":98,"meta":1},{"id":0,"meta":0},{"id":98,"meta":1},{"id":98,"meta":1},{"id":18,"meta":8},{"id":98,"meta":1},{"id":98,"meta":1},{"id":0,"meta":0}]],[[{"id":0,"meta":0},{"id":0,"meta":0},{"id":0,"meta":0},{"id":98,"meta":1},{"id":0,"meta":0},{"id":0,"meta":0},{"id":98,"meta":1},{"id":0,"meta":0},{"id":0,"meta":0},{"id":0,"meta":0},{"id":98,"meta":1},{"id":0,"meta":0},{"id":0,"meta":0},{"id":0,"meta":0},{"id":0,"meta":0},{"id":0,"meta":0}],[{"id":0,"meta":0},{"id":18,"meta":8},{"id":0,"meta":0},{"id":0,"meta":0},{"id":0,"meta":0},{"id":0,"meta":0},{"id":0,"meta":0},{"id":0,"meta":0},{"id":0,"meta":0},{"id":0,"meta":0},{"id":0,"meta":0},{"id":0,"meta":0},{"id":0,"meta":0},{"id":0,"meta":0},{"id":0,"meta":0},{"id":0,"meta":0}],[{"id":0,"meta":0},{"id":98,"meta":1},{"id":0,"meta":0},{"id":0,"meta":0},{"id":0,"meta":0},{"id":0,"meta":0},{"id":0,"meta":0},{"id":0,"meta":0},{"id":0,"meta":0},{"id":0,"meta":0},{"id":0,"meta":0},{"id":0,"meta":0},{"id":0,"meta":0},{"id":0,"meta":0},{"id":0,"meta":0},{"id":0,"meta":0}],[{"id":0,"meta":0},{"id":0,"meta":0},{"id":0,"meta":0},{"id":0,"meta":0},{"id":0,"meta":0},{"id":0,"meta":0},{"id":0,"meta":0},{"id":0,"meta":0},{"id":0,"meta":0},{"id":0,"meta":0},{"id":0,"meta":0},{"id":0,"meta":0},{"id":0,"meta":0},{"id":0,"meta":0},{"id":98,"meta":1},{"id":0,"meta":0}],[{"id":0,"meta":0},{"id":98,"meta":2},{"id":0,"meta":0},{"id":0,"meta":0},{"id":0,"meta":0},{"id":0,"meta":0},{"id":98,"meta":1},{"id":0,"meta":0},{"id":0,"meta":0},{"id":0,"meta":0},{"id":98,"meta":1},{"id":0,"meta":0},{"id":98,"meta":1},{"id":0,"meta":0},{"id":0,"meta":0},{"id":0,"meta":0}],[{"id":0,"meta":0},{"id":0,"meta":0},{"id":0,"meta":0},{"id":0,"meta":0},{"id":0,"meta":0},{"id":0,"meta":0},{"id":0,"meta":0},{"id":0,"meta":0},{"id":0,"meta":0},{"id":0,"meta":0},{"id":0,"meta":0},{"id":0,"meta":0},{"id":0,"meta":0},{"id":0,"meta":0},{"id":0,"meta":0},{"id":0,"meta":0}],[{"id":0,"meta":0},{"id":0,"meta":0},{"id":0,"meta":0},{"id":0,"meta":0},{"id":0,"meta":0},{"id":0,"meta":0},{"id":0,"meta":0},{"id":0,"meta":0},{"id":0,"meta":0},{"id":0,"meta":0},{"id":0,"meta":0},{"id":0,"meta":0},{"id":0,"meta":0},{"id":0,"meta":0},{"id":0,"meta":0},{"id":0,"meta":0}],[{"id":0,"meta":0},{"id":98,"meta":1},{"id":0,"meta":0},{"id":0,"meta":0},{"id":0,"meta":0},{"id":0,"meta":0},{"id":0,"meta":0},{"id":0,"meta":0},{"id":0,"meta":0},{"id":0,"meta":0},{"id":0,"meta":0},{"id":0,"meta":0},{"id":0,"meta":0},{"id":0,"meta":0},{"id":98,"meta":1},{"id":0,"meta":0}],[{"id":0,"meta":0},{"id":0,"meta":0},{"id":0,"meta":0},{"id":0,"meta":0},{"id":0,"meta":0},{"id":0,"meta":0},{"id":0,"meta":0},{"id":0,"meta":0},{"id":0,"meta":0},{"id":0,"meta":0},{"id":0,"meta":0},{"id":0,"meta":0},{"id":0,"meta":0},{"id":0,"meta":0},{"id":0,"meta":0},{"id":0,"meta":0}],[{"id":0,"meta":0},{"id":0,"meta":0},{"id":0,"meta":0},{"id":0,"meta":0},{"id":0,"meta":0},{"id":0,"meta":0},{"id":0,"meta":0},{"id":0,"meta":0},{"id":0,"meta":0},{"id":0,"meta":0},{"id":0,"meta":0},{"id":0,"meta":0},{"id":0,"meta":0},{"id":0,"meta":0},{"id":0,"meta":0},{"id":0,"meta":0}],[{"id":0,"meta":0},{"id":0,"meta":0},{"id":0,"meta":0},{"id":0,"meta":0},{"id":0,"meta":0},{"id":0,"meta":0},{"id":0,"meta":0},{"id":0,"meta":0},{"id":0,"meta":0},{"id":0,"meta":0},{"id":0,"meta":0},{"id":0,"meta":0},{"id":0,"meta":0},{"id":0,"meta":0},{"id":98,"meta":1},{"id":0,"meta":0}],[{"id":0,"meta":0},{"id":0,"meta":0},{"id":0,"meta":0},{"id":0,"meta":0},{"id":0,"meta":0},{"id":0,"meta":0},{"id":0,"meta":0},{"id":0,"meta":0},{"id":0,"meta":0},{"id":0,"meta":0},{"id":0,"meta":0},{"id":0,"meta":0},{"id":0,"meta":0},{"id":0,"meta":0},{"id":18,"meta":8},{"id":0,"meta":0}],[{"id":0,"meta":0},{"id":98,"meta":1},{"id":0,"meta":0},{"id":0,"meta":0},{"id":0,"meta":0},{"id":0,"meta":0},{"id":0,"meta":0},{"id":0,"meta":0},{"id":0,"meta":0},{"id":0,"meta":0},{"id":0,"meta":0},{"id":0,"meta":0},{"id":0,"meta":0},{"id":0,"meta":0},{"id":0,"meta":0},{"id":0,"meta":0}],[{"id":0,"meta":0},{"id":0,"meta":0},{"id":0,"meta":0},{"id":0,"meta":0},{"id":98,"meta":1},{"id":0,"meta":0},{"id":0,"meta":0},{"id":0,"meta":0},{"id":18,"meta":8},{"id":0,"meta":0},{"id":98,"meta":1},{"id":18,"meta":8},{"id":0,"meta":0},{"id":98,"meta":1},{"id":18,"meta":8},{"id":0,"meta":0}]],[[{"id":0,"meta":0},{"id":0,"meta":0},{"id":0,"meta":0},{"id":0,"meta":0},{"id":0,"meta":0},{"id":0,"meta":0},{"id":0,"meta":0},{"id":0,"meta":0},{"id":0,"meta":0},{"id":0,"meta":0},{"id":0,"meta":0},{"id":0,"meta":0},{"id":0,"meta":0},{"id":0,"meta":0},{"id":0,"meta":0},{"id":0,"meta":0}],[{"id":0,"meta":0},{"id":0,"meta":0},{"id":0,"meta":0},{"id":0,"meta":0},{"id":0,"meta":0},{"id":0,"meta":0},{"id":0,"meta":0},{"id":0,"meta":0},{"id":0,"meta":0},{"id":0,"meta":0},{"id":0,"meta":0},{"id":0,"meta":0},{"id":0,"meta":0},{"id":0,"meta":0},{"id":0,"meta":0},{"id":0,"meta":0}],[{"id":0,"meta":0},{"id":0,"meta":0},{"id":0,"meta":0},{"id":0,"meta":0},{"id":0,"meta":0},{"id":0,"meta":0},{"id":0,"meta":0},{"id":0,"meta":0},{"id":0,"meta":0},{"id":0,"meta":0},{"id":0,"meta":0},{"id":0,"meta":0},{"id":0,"meta":0},{"id":0,"meta":0},{"id":0,"meta":0},{"id":0,"meta":0}],[{"id":0,"meta":0},{"id":0,"meta":0},{"id":0,"meta":0},{"id":0,"meta":0},{"id":0,"meta":0},{"id":0,"meta":0},{"id":0,"meta":0},{"id":0,"meta":0},{"id":0,"meta":0},{"id":0,"meta":0},{"id":0,"meta":0},{"id":0,"meta":0},{"id":0,"meta":0},{"id":0,"meta":0},{"id":0,"meta":0},{"id":0,"meta":0}],[{"id":0,"meta":0},{"id":0,"meta":0},{"id":0,"meta":0},{"id":0,"meta":0},{"id":0,"meta":0},{"id":0,"meta":0},{"id":0,"meta":0},{"id":0,"meta":0},{"id":0,"meta":0},{"id":0,"meta":0},{"id":0,"meta":0},{"id":0,"meta":0},{"id":0,"meta":0},{"id":0,"meta":0},{"id":0,"meta":0},{"id":0,"meta":0}],[{"id":0,"meta":0},{"id":0,"meta":0},{"id":0,"meta":0},{"id":0,"meta":0},{"id":0,"meta":0},{"id":0,"meta":0},{"id":0,"meta":0},{"id":0,"meta":0},{"id":0,"meta":0},{"id":0,"meta":0},{"id":0,"meta":0},{"id":0,"meta":0},{"id":0,"meta":0},{"id":0,"meta":0},{"id":0,"meta":0},{"id":0,"meta":0}],[{"id":0,"meta":0},{"id":0,"meta":0},{"id":0,"meta":0},{"id":0,"meta":0},{"id":0,"meta":0},{"id":0,"meta":0},{"id":0,"meta":0},{"id":0,"meta":0},{"id":0,"meta":0},{"id":0,"meta":0},{"id":0,"meta":0},{"id":0,"meta":0},{"id":0,"meta":0},{"id":0,"meta":0},{"id":0,"meta":0},{"id":0,"meta":0}],[{"id":0,"meta":0},{"id":0,"meta":0},{"id":0,"meta":0},{"id":0,"meta":0},{"id":0,"meta":0},{"id":0,"meta":0},{"id":0,"meta":0},{"id":0,"meta":0},{"id":0,"meta":0},{"id":0,"meta":0},{"id":0,"meta":0},{"id":0,"meta":0},{"id":0,"meta":0},{"id":0,"meta":0},{"id":0,"meta":0},{"id":0,"meta":0}],[{"id":0,"meta":0},{"id":0,"meta":0},{"id":0,"meta":0},{"id":0,"meta":0},{"id":0,"meta":0},{"id":0,"meta":0},{"id":0,"meta":0},{"id":0,"meta":0},{"id":0,"meta":0},{"id":0,"meta":0},{"id":0,"meta":0},{"id":0,"meta":0},{"id":0,"meta":0},{"id":0,"meta":0},{"id":0,"meta":0},{"id":0,"meta":0}],[{"id":0,"meta":0},{"id":0,"meta":0},{"id":0,"meta":0},{"id":0,"meta":0},{"id":0,"meta":0},{"id":0,"meta":0},{"id":0,"meta":0},{"id":0,"meta":0},{"id":0,"meta":0},{"id":0,"meta":0},{"id":0,"meta":0},{"id":0,"meta":0},{"id":0,"meta":0},{"id":0,"meta":0},{"id":0,"meta":0},{"id":0,"meta":0}],[{"id":0,"meta":0},{"id":0,"meta":0},{"id":0,"meta":0},{"id":0,"meta":0},{"id":0,"meta":0},{"id":0,"meta":0},{"id":0,"meta":0},{"id":0,"meta":0},{"id":0,"meta":0},{"id":0,"meta":0},{"id":0,"meta":0},{"id":0,"meta":0},{"id":0,"meta":0},{"id":0,"meta":0},{"id":0,"meta":0},{"id":0,"meta":0}],[{"id":0,"meta":0},{"id":0,"meta":0},{"id":0,"meta":0},{"id":0,"meta":0},{"id":0,"meta":0},{"id":0,"meta":0},{"id":0,"meta":0},{"id":0,"meta":0},{"id":0,"meta":0},{"id":0,"meta":0},{"id":0,"meta":0},{"id":0,"meta":0},{"id":0,"meta":0},{"id":0,"meta":0},{"id":0,"meta":0},{"id":0,"meta":0}],[{"id":0,"meta":0},{"id":0,"meta":0},{"id":0,"meta":0},{"id":0,"meta":0},{"id":0,"meta":0},{"id":0,"meta":0},{"id":0,"meta":0},{"id":0,"meta":0},{"id":0,"meta":0},{"id":0,"meta":0},{"id":0,"meta":0},{"id":0,"meta":0},{"id":0,"meta":0},{"id":0,"meta":0},{"id":0,"meta":0},{"id":0,"meta":0}],[{"id":0,"meta":0},{"id":0,"meta":0},{"id":0,"meta":0},{"id":0,"meta":0},{"id":0,"meta":0},{"id":0,"meta":0},{"id":0,"meta":0},{"id":0,"meta":0},{"id":0,"meta":0},{"id":0,"meta":0},{"id":0,"meta":0},{"id":0,"meta":0},{"id":0,"meta":0},{"id":0,"meta":0},{"id":0,"meta":0},{"id":0,"meta":0}]],[[{"id":0,"meta":0},{"id":0,"meta":0},{"id":0,"meta":0},{"id":0,"meta":0},{"id":0,"meta":0},{"id":0,"meta":0},{"id":0,"meta":0},{"id":0,"meta":0},{"id":0,"meta":0},{"id":0,"meta":0},{"id":0,"meta":0},{"id":0,"meta":0},{"id":0,"meta":0},{"id":0,"meta":0},{"id":0,"meta":0},{"id":0,"meta":0}],[{"id":0,"meta":0},{"id":0,"meta":0},{"id":0,"meta":0},{"id":0,"meta":0},{"id":0,"meta":0},{"id":0,"meta":0},{"id":0,"meta":0},{"id":0,"meta":0},{"id":0,"meta":0},{"id":0,"meta":0},{"id":0,"meta":0},{"id":0,"meta":0},{"id":0,"meta":0},{"id":0,"meta":0},{"id":0,"meta":0},{"id":0,"meta":0}],[{"id":0,"meta":0},{"id":0,"meta":0},{"id":0,"meta":0},{"id":0,"meta":0},{"id":0,"meta":0},{"id":0,"meta":0},{"id":0,"meta":0},{"id":0,"meta":0},{"id":0,"meta":0},{"id":0,"meta":0},{"id":0,"meta":0},{"id":0,"meta":0},{"id":0,"meta":0},{"id":0,"meta":0},{"id":0,"meta":0},{"id":0,"meta":0}],[{"id":0,"meta":0},{"id":0,"meta":0},{"id":0,"meta":0},{"id":0,"meta":0},{"id":0,"meta":0},{"id":0,"meta":0},{"id":0,"meta":0},{"id":0,"meta":0},{"id":0,"meta":0},{"id":0,"meta":0},{"id":0,"meta":0},{"id":0,"meta":0},{"id":0,"meta":0},{"id":0,"meta":0},{"id":0,"meta":0},{"id":0,"meta":0}],[{"id":0,"meta":0},{"id":0,"meta":0},{"id":0,"meta":0},{"id":0,"meta":0},{"id":0,"meta":0},{"id":0,"meta":0},{"id":0,"meta":0},{"id":0,"meta":0},{"id":0,"meta":0},{"id":0,"meta":0},{"id":0,"meta":0},{"id":0,"meta":0},{"id":0,"meta":0},{"id":0,"meta":0},{"id":0,"meta":0},{"id":0,"meta":0}],[{"id":0,"meta":0},{"id":0,"meta":0},{"id":0,"meta":0},{"id":0,"meta":0},{"id":0,"meta":0},{"id":0,"meta":0},{"id":0,"meta":0},{"id":0,"meta":0},{"id":0,"meta":0},{"id":0,"meta":0},{"id":0,"meta":0},{"id":0,"meta":0},{"id":0,"meta":0},{"id":0,"meta":0},{"id":0,"meta":0},{"id":0,"meta":0}],[{"id":0,"meta":0},{"id":0,"meta":0},{"id":0,"meta":0},{"id":0,"meta":0},{"id":0,"meta":0},{"id":0,"meta":0},{"id":0,"meta":0},{"id":0,"meta":0},{"id":0,"meta":0},{"id":0,"meta":0},{"id":0,"meta":0},{"id":0,"meta":0},{"id":0,"meta":0},{"id":0,"meta":0},{"id":0,"meta":0},{"id":0,"meta":0}],[{"id":0,"meta":0},{"id":0,"meta":0},{"id":0,"meta":0},{"id":0,"meta":0},{"id":0,"meta":0},{"id":0,"meta":0},{"id":0,"meta":0},{"id":0,"meta":0},{"id":0,"meta":0},{"id":0,"meta":0},{"id":0,"meta":0},{"id":0,"meta":0},{"id":0,"meta":0},{"id":0,"meta":0},{"id":0,"meta":0},{"id":0,"meta":0}],[{"id":0,"meta":0},{"id":0,"meta":0},{"id":0,"meta":0},{"id":0,"meta":0},{"id":0,"meta":0},{"id":0,"meta":0},{"id":0,"meta":0},{"id":0,"meta":0},{"id":0,"meta":0},{"id":0,"meta":0},{"id":0,"meta":0},{"id":0,"meta":0},{"id":0,"meta":0},{"id":0,"meta":0},{"id":0,"meta":0},{"id":0,"meta":0}],[{"id":0,"meta":0},{"id":0,"meta":0},{"id":0,"meta":0},{"id":0,"meta":0},{"id":0,"meta":0},{"id":0,"meta":0},{"id":0,"meta":0},{"id":0,"meta":0},{"id":0,"meta":0},{"id":0,"meta":0},{"id":0,"meta":0},{"id":0,"meta":0},{"id":0,"meta":0},{"id":0,"meta":0},{"id":0,"meta":0},{"id":0,"meta":0}],[{"id":0,"meta":0},{"id":0,"meta":0},{"id":0,"meta":0},{"id":0,"meta":0},{"id":0,"meta":0},{"id":0,"meta":0},{"id":0,"meta":0},{"id":0,"meta":0},{"id":0,"meta":0},{"id":0,"meta":0},{"id":0,"meta":0},{"id":0,"meta":0},{"id":0,"meta":0},{"id":0,"meta":0},{"id":0,"meta":0},{"id":0,"meta":0}],[{"id":0,"meta":0},{"id":0,"meta":0},{"id":0,"meta":0},{"id":0,"meta":0},{"id":0,"meta":0},{"id":0,"meta":0},{"id":0,"meta":0},{"id":0,"meta":0},{"id":0,"meta":0},{"id":0,"meta":0},{"id":0,"meta":0},{"id":0,"meta":0},{"id":0,"meta":0},{"id":0,"meta":0},{"id":0,"meta":0},{"id":0,"meta":0}],[{"id":0,"meta":0},{"id":0,"meta":0},{"id":0,"meta":0},{"id":0,"meta":0},{"id":0,"meta":0},{"id":0,"meta":0},{"id":0,"meta":0},{"id":0,"meta":0},{"id":0,"meta":0},{"id":0,"meta":0},{"id":0,"meta":0},{"id":0,"meta":0},{"id":0,"meta":0},{"id":0,"meta":0},{"id":0,"meta":0},{"id":0,"meta":0}],[{"id":0,"meta":0},{"id":0,"meta":0},{"id":0,"meta":0},{"id":0,"meta":0},{"id":0,"meta":0},{"id":0,"meta":0},{"id":0,"meta":0},{"id":0,"meta":0},{"id":0,"meta":0},{"id":0,"meta":0},{"id":0,"meta":0},{"id":0,"meta":0},{"id":0,"meta":0},{"id":0,"meta":0},{"id":0,"meta":0},{"id":0,"meta":0}]]]