[[[{"id":0,"meta":0},{"id":162,"meta":5},{"id":162,"meta":5},{"id":162,"meta":5},{"id":0,"meta":0},{"id":0,"meta":0},{"id":0,"meta":0},{"id":0,"meta":0},{"id":0,"meta":0},{"id":0,"meta":0},{"id":0,"meta":0},{"id":0,"meta":0},{"id":0,"meta":0},{"id":0,"meta":0},{"id":0,"meta":0},{"id":0,"meta":0}],[{"id":65,"meta":2},{"id":162,"meta":5},{"id":162,"meta":5},{"id":162,"meta":5},{"id":65,"meta":3},{"id":0,"meta":0},{"id":0,"meta":0},{"id":0,"meta":0},{"id":5,"meta":0},{"id":5,"meta":0},{"id":5,"meta":0},{"id":0,"meta":0},{"id":0,"meta":0},{"id":0,"meta":0},{"id":0,"meta":0},{"id":0,"meta":0}],[{"id":0,"meta":0},{"id":162,"meta":5},{"id":162,"meta":5},{"id":162,"meta":5},{"id":0,"meta":0},{"id":0,"meta":0},{"id":0,"meta":0},{"id":0,"meta":0},{"id":197,"meta":1},{"id":0,"meta":0},{"id":5,"meta":0},{"id":0,"meta":0},{"id":0,"meta":0},{"id":0,"meta":0},{"id":0,"meta":0},{"id":0,"meta":0}],[{"id":65,"meta":2},{"id":162,"meta":5},{"id":162,"meta":5},{"id":162,"meta":5},{"id":65,"meta":3},{"id":0,"meta":0},{"id":0,"meta":0},{"id":0,"meta":0},{"id":5,"meta":0},{"id":5,"meta":0},{"id":5,"meta":0},{"id":0,"meta":0},{"id":0,"meta":0},{"id":0,"meta":0},{"id":0,"meta":0},{"id":0,"meta":0}],[{"id":0,"meta":0},{"id":162,"meta":5},{"id":162,"meta":5},{"id":162,"meta":5},{"id":0,"meta":0},{"id":0,"meta":0},{"id":18,"meta":8},{"id":0,"meta":0},{"id":0,"meta":0},{"id":0,"meta":0},{"id":0,"meta":0},{"id":0,"meta":0},{"id":0,"meta":0},{"id":0,"meta":0},{"id":0,"meta":0},{"id":0,"meta":0}],[{"id":0,"meta":0},{"id":106,"meta":8},{"id":106,"meta":8},{"id":0,"meta":0},{"id":106,"meta":8},{"id":18,"meta":8},{"id":18,"meta":8},{"id":18,"meta":8},{"id":0,"meta":0},{"id":106,"meta":8},{"id":0,"meta":0},{"id":106,"meta":8},{"id":0,"meta":0},{"id":0,"meta":0},{"id":0,"meta":0},{"id":0,"meta":0}],[{"id":0,"meta":0},{"id":162,"meta":1},{"id":5,"meta":0},{"id":5,"meta":0},{"id":5,"meta":0},{"id":5,"meta":0},{"id":5,"meta":0},{"id":5,"meta":0},{"id":5,"meta":0},{"id":5,"meta":0},{"id":5,"meta":0},{"id":162,"meta":1},{"id":106,"meta":4},{"id":0,"meta":0},{"id":0,"meta":0},{"id":0,"meta":0}],[{"id":106,"meta":1},{"id":5,"meta":0},{"id":5,"meta":0},{"id":44,"meta":4},{"id":5,"meta":0},{"id":5,"meta":0},{"id":5,"meta":0},{"id":44,"meta":4},{"id":5,"meta":0},{"id":5,"meta":0},{"id":5,"meta":0},{"id":5,"meta":0},{"id":106,"meta":4},{"id":0,"meta":0},{"id":162,"meta":1},{"id":0,"meta":0}],[{"id":106,"meta":1},{"id":5,"meta":0},{"id":5,"meta":0},{"id":5,"meta":0},{"id":5,"meta":0},{"id":44,"meta":4},{"id":5,"meta":0},{"id":44,"meta":4},{"id":44,"meta":4},{"id":5,"meta":0},{"id":5,"meta":0},{"id":5,"meta":0},{"id":0,"meta":0},{"id":0,"meta":0},{"id":0,"meta":0},{"id":0,"meta":0}],[{"id":0,"meta":0},{"id":5,"meta":0},{"id":5,"meta":0},{"id":5,"meta":0},{"id":44,"meta":4},{"id":5,"meta":0},{"id":44,"meta":4},{"id":5,"meta":0},{"id":5,"meta":0},{"id":5,"meta":0},{"id":5,"meta":0},{"id":5,"meta":0},{"id":0,"meta":0},{"id":0,"meta":0},{"id":0,"meta":0},{"id":0,"meta":0}],[{"id":106,"meta":1},{"id":5,"meta":0},{"id":5,"meta":0},{"id":5,"meta":0},{"id":44,"meta":4},{"id":5,"meta":0},{"id":44,"meta":4},{"id":5,"meta":0},{"id":44,"meta":4},{"id":44,"meta":4},{"id":5,"meta":0},{"id":5,"meta":0},{"id":18,"meta":8},{"id":18,"meta":8},{"id":0,"meta":0},{"id":0,"meta":0}],[{"id":18,"meta":12},{"id":5,"meta":0},{"id":5,"meta":0},{"id":44,"meta":4},{"id":5,"meta":0},{"id":5,"meta":0},{"id":5,"meta":0},{"id":5,"meta":0},{"id":5,"meta":0},{"id":44,"meta":4},{"id":5,"meta":0},{"id":5,"meta":0},{"id":18,"meta":8},{"id":18,"meta":8},{"id":18,"meta":8},{"id":0,"meta":0}],[{"id":18,"meta":12},{"id":5,"meta":0},{"id":5,"meta":0},{"id":44,"meta":4},{"id":5,"meta":0},{"id":5,"meta":0},{"id":44,"meta":4},{"id":5,"meta":0},{"id":44,"meta":4},{"id":5,"meta":0},{"id":5,"meta":0},{"id":5,"meta":0},{"id":18,"meta":8},{"id":18,"meta":8},{"id":0,"meta":0},{"id":0,"meta":0}],[{"id":18,"meta":12},{"id":162,"meta":1},{"id":5,"meta":0},{"id":5,"meta":0},{"id":5,"meta":0},{"id":5,"meta":0},{"id":5,"meta":0},{"id":5,"meta":0},{"id":5,"meta":0},{"id":5,"meta":0},{"id":5,"meta":0},{"id":162,"meta":1},{"id":0,"meta":0},{"id":0,"meta":0},{"id":0,"meta":0},{"id":0,"meta":0}]],[[{"id":0,"meta":0},{"id":0,"meta":0},{"id":162,"meta":5},{"id":0,"meta":0},{"id":0,"meta":0},{"id":0,"meta":0},{"id":0,"meta":0},{"id":0,"meta":0},{"id":0,"meta":0},{"id":0,"meta":0},{"id":0,"meta":0},{"id":0,"meta":0},{"id":0,"meta":0},{"id":0,"meta":0},{"id":0,"meta":0},{"id":0,"meta":0}],[{"id":0,"meta":0},{"id":66,"meta":5},{"id":162,"meta":5},{"id":66,"meta":4},{"id":0,"meta":0},{"id":0,"meta":0},{"id":0,"meta":0},{"id":0,"meta":0},{"id":5,"meta":0},{"id":5,"meta":0},{"id":5,"meta":0},{"id":0,"meta":0},{"id":0,"meta":0},{"id":0,"meta":0},{"id":0,"meta":0},{"id":0,"meta":0}],[{"id":0,"meta":0},{"id":0,"meta":0},{"id":162,"meta":5},{"id":0,"meta":0},{"id":0,"meta":0},{"id":0,"meta":0},{"id":0,"meta":0},{"id":0,"meta":0},{"id":197,"meta":8},{"id":0,"meta":0},{"id":5,"meta":0},{"id":0,"meta":0},{"id":0,"meta":0},{"id":0,"meta":0},{"id":0,"meta":0},{"id":0,"meta":0}],[{"id":0,"meta":0},{"id":66,"meta":5},{"id":162,"meta":5},{"id":66,"meta":4},{"id":0,"meta":0},{"id":0,"meta":0},{"id":0,"meta":0},{"id":0,"meta":0},{"id":5,"meta":0},{"id":5,"meta":0},{"id":5,"meta":0},{"id":0,"meta":0},{"id":0,"meta":0},{"id":0,"meta":0},{"id":0,"meta":0},{"id":0,"meta":0}],[{"id":0,"meta":0},{"id":0,"meta":0},{"id":162,"meta":5},{"id":0,"meta":0},{"id":0,"meta":0},{"id":0,"meta":0},{"id":0,"meta":0},{"id":0,"meta":0},{"id":0,"meta":0},{"id":0,"meta":0},{"id":0,"meta":0},{"id":0,"meta":0},{"id":0,"meta":0},{"id":0,"meta":0},{"id":0,"meta":0},{"id":0,"meta":0}],[{"id":0,"meta":0},{"id":106,"meta":8},{"id":106,"meta":8},{"id":0,"meta":0},{"id":106,"meta":8},{"id":0,"meta":0},{"id":18,"meta":8},{"id":106,"meta":8},{"id":0,"meta":0},{"id":106,"meta":8},{"id":0,"meta":0},{"id":106,"meta":8},{"id":0,"meta":0},{"id":0,"meta":0},{"id":0,"meta":0},{"id":0,"meta":0}],[{"id":0,"meta":0},{"id":162,"meta":1},{"id":5,"meta":0},{"id":5,"meta":0},{"id":5,"meta":0},{"id":53,"meta":3},{"id":5,"meta":0},{"id":5,"meta":0},{"id":5,"meta":0},{"id":5,"meta":0},{"id":5,"meta":0},{"id":162,"meta":1},{"id":106,"meta":4},{"id":0,"meta":0},{"id":0,"meta":0},{"id":0,"meta":0}],[{"id":106,"meta":1},{"id":5,"meta":0},{"id":0,"meta":0},{"id":0,"meta":0},{"id":0,"meta":0},{"id":0,"meta":0},{"id":0,"meta":0},{"id":0,"meta":0},{"id":0,"meta":0},{"id":54,"meta":5},{"id":30,"meta":0},{"id":53,"meta":2},{"id":106,"meta":4},{"id":0,"meta":0},{"id":162,"meta":1},{"id":0,"meta":0}],[{"id":106,"meta":1},{"id":53,"meta":1},{"id":0,"meta":0},{"id":0,"meta":0},{"id":0,"meta":0},{"id":0,"meta":0},{"id":0,"meta":0},{"id":0,"meta":0},{"id":0,"meta":0},{"id":0,"meta":0},{"id":0,"meta":0},{"id":5,"meta":0},{"id":0,"meta":0},{"id":0,"meta":0},{"id":0,"meta":0},{"id":0,"meta":0}],[{"id":0,"meta":0},{"id":0,"meta":0},{"id":0,"meta":0},{"id":0,"meta":0},{"id":0,"meta":0},{"id":0,"meta":0},{"id":0,"meta":0},{"id":0,"meta":0},{"id":0,"meta":0},{"id":0,"meta":0},{"id":0,"meta":0},{"id":5,"meta":0},{"id":0,"meta":0},{"id":0,"meta":0},{"id":0,"meta":0},{"id":0,"meta":0}],[{"id":106,"meta":1},{"id":53,"meta":3},{"id":0,"meta":0},{"id":0,"meta":0},{"id":0,"meta":0},{"id":0,"meta":0},{"id":0,"meta":0},{"id":0,"meta":0},{"id":0,"meta":0},{"id":0,"meta":0},{"id":0,"meta":0},{"id":53,"meta":2},{"id":106,"meta":4},{"id":0,"meta":0},{"id":0,"meta":0},{"id":0,"meta":0}],[{"id":0,"meta":0},{"id":5,"meta":0},{"id":0,"meta":0},{"id":0,"meta":0},{"id":0,"meta":0},{"id":0,"meta":0},{"id":0,"meta":0},{"id":0,"meta":0},{"id":0,"meta":0},{"id":0,"meta":0},{"id":0,"meta":0},{"id":53,"meta":0},{"id":18,"meta":8},{"id":18,"meta":8},{"id":0,"meta":0},{"id":0,"meta":0}],[{"id":18,"meta":12},{"id":5,"meta":0},{"id":162,"meta":5},{"id":5,"meta":0},{"id":5,"meta":0},{"id":109,"meta":3},{"id":0,"meta":0},{"id":0,"meta":0},{"id":0,"meta":0},{"id":0,"meta":0},{"id":30,"meta":0},{"id":5,"meta":0},{"id":106,"meta":4},{"id":0,"meta":0},{"id":0,"meta":0},{"id":0,"meta":0}],[{"id":106,"meta":1},{"id":162,"meta":1},{"id":0,"meta":0},{"id":5,"meta":0},{"id":0,"meta":0},{"id":5,"meta":0},{"id":53,"meta":3},{"id":5,"meta":0},{"id":5,"meta":0},{"id":5,"meta":0},{"id":5,"meta":0},{"id":162,"meta":1},{"id":0,"meta":0},{"id":0,"meta":0},{"id":0,"meta":0},{"id":0,"meta":0}]],[[{"id":0,"meta":0},{"id":0,"meta":0},{"id":0,"meta":0},{"id":0,"meta":0},{"id":0,"meta":0},{"id":0,"meta":0},{"id":0,"meta":0},{"id":0,"meta":0},{"id":0,"meta":0},{"id":0,"meta":0},{"id":0,"meta":0},{"id":0,"meta":0},{"id":0,"meta":0},{"id":0,"meta":0},{"id":0,"meta":0},{"id":0,"meta":0}],[{"id":0,"meta":0},{"id":0,"meta":0},{"id":66,"meta":0},{"id":0,"meta":0},{"id":0,"meta":0},{"id":0,"meta":0},{"id":0,"meta":0},{"id":0,"meta":0},{"id":5,"meta":0},{"id":5,"meta":0},{"id":5,"meta":0},{"id":0,"meta":0},{"id":0,"meta":0},{"id":0,"meta":0},{"id":0,"meta":0},{"id":0,"meta":0}],[{"id":0,"meta":0},{"id":0,"meta":0},{"id":0,"meta":0},{"id":0,"meta":0},{"id":0,"meta":0},{"id":0,"meta":0},{"id":0,"meta":0},{"id":0,"meta":0},{"id":5,"meta":0},{"id":30,"meta":0},{"id":5,"meta":0},{"id":0,"meta":0},{"id":0,"meta":0},{"id":0,"meta":0},{"id":0,"meta":0},{"id":0,"meta":0}],[{"id":0,"meta":0},{"id":0,"meta":0},{"id":66,"meta":0},{"id":0,"meta":0},{"id":0,"meta":0},{"id":0,"meta":0},{"id":0,"meta":0},{"id":0,"meta":0},{"id":5,"meta":0},{"id":5,"meta":0},{"id":5,"meta":0},{"id":0,"meta":0},{"id":0,"meta":0},{"id":0,"meta":0},{"id":0,"meta":0},{"id":0,"meta":0}],[{"id":0,"meta":0},{"id":0,"meta":0},{"id":0,"meta":0},{"id":0,"meta":0},{"id":0,"meta":0},{"id":0,"meta":0},{"id":0,"meta":0},{"id":0,"meta":0},{"id":0,"meta":0},{"id":0,"meta":0},{"id":0,"meta":0},{"id":0,"meta":0},{"id":0,"meta":0},{"id":0,"meta":0},{"id":0,"meta":0},{"id":0,"meta":0}],[{"id":0,"meta":0},{"id":0,"meta":0},{"id":0,"meta":0},{"id":0,"meta":0},{"id":106,"meta":8},{"id":0,"meta":0},{"id":18,"meta":8},{"id":106,"meta":8},{"id":0,"meta":0},{"id":0,"meta":0},{"id":0,"meta":0},{"id":106,"meta":8},{"id":0,"meta":0},{"id":0,"meta":0},{"id":0,"meta":0},{"id":0,"meta":0}],[{"id":0,"meta":0},{"id":162,"meta":1},{"id":53,"meta":1},{"id":5,"meta":0},{"id":53,"meta":1},{"id":5,"meta":0},{"id":5,"meta":0},{"id":53,"meta":1},{"id":5,"meta":0},{"id":53,"meta":2},{"id":5,"meta":0},{"id":162,"meta":1},{"id":106,"meta":4},{"id":0,"meta":0},{"id":30,"meta":0},{"id":0,"meta":0}],[{"id":106,"meta":1},{"id":53,"meta":1},{"id":0,"meta":0},{"id":0,"meta":0},{"id":0,"meta":0},{"id":0,"meta":0},{"id":0,"meta":0},{"id":0,"meta":0},{"id":0,"meta":0},{"id":30,"meta":0},{"id":0,"meta":0},{"id":5,"meta":0},{"id":106,"meta":4},{"id":0,"meta":0},{"id":162,"meta":1},{"id":0,"meta":0}],[{"id":106,"meta":1},{"id":5,"meta":0},{"id":30,"meta":0},{"id":0,"meta":0},{"id":0,"meta":0},{"id":0,"meta":0},{"id":0,"meta":0},{"id":0,"meta":0},{"id":0,"meta":0},{"id":0,"meta":0},{"id":0,"meta":0},{"id":5,"meta":0},{"id":0,"meta":0},{"id":0,"meta":0},{"id":162,"meta":5},{"id":0,"meta":0}],[{"id":0,"meta":0},{"id":0,"meta":0},{"id":0,"meta":0},{"id":0,"meta":0},{"id":0,"meta":0},{"id":0,"meta":0},{"id":0,"meta":0},{"id":0,"meta":0},{"id":0,"meta":0},{"id":0,"meta":0},{"id":0,"meta":0},{"id":20,"meta":0},{"id":0,"meta":0},{"id":0,"meta":0},{"id":30,"meta":0},{"id":0,"meta":0}],[{"id":106,"meta":1},{"id":5,"meta":0},{"id":0,"meta":0},{"id":0,"meta":0},{"id":0,"meta":0},{"id":0,"meta":0},{"id":0,"meta":0},{"id":0,"meta":0},{"id":0,"meta":0},{"id":0,"meta":0},{"id":0,"meta":0},{"id":20,"meta":0},{"id":106,"meta":4},{"id":0,"meta":0},{"id":0,"meta":0},{"id":0,"meta":0}],[{"id":0,"meta":0},{"id":53,"meta":0},{"id":0,"meta":0},{"id":0,"meta":0},{"id":0,"meta":0},{"id":0,"meta":0},{"id":0,"meta":0},{"id":0,"meta":0},{"id":0,"meta":0},{"id":0,"meta":0},{"id":0,"meta":0},{"id":5,"meta":0},{"id":18,"meta":8},{"id":0,"meta":0},{"id":0,"meta":0},{"id":0,"meta":0}],[{"id":106,"meta":1},{"id":5,"meta":0},{"id":5,"meta":0},{"id":5,"meta":0},{"id":109,"meta":3},{"id":0,"meta":0},{"id":0,"meta":0},{"id":0,"meta":0},{"id":0,"meta":0},{"id":0,"meta":0},{"id":0,"meta":0},{"id":5,"meta":0},{"id":106,"meta":4},{"id":0,"meta":0},{"id":0,"meta":0},{"id":0,"meta":0}],[{"id":106,"meta":1},{"id":162,"meta":1},{"id":5,"meta":0},{"id":5,"meta":0},{"id":5,"meta":0},{"id":53,"meta":7},{"id":5,"meta":0},{"id":20,"meta":0},{"id":0,"meta":0},{"id":20,"meta":0},{"id":5,"meta":0},{"id":162,"meta":1},{"id":0,"meta":0},{"id":0,"meta":0},{"id":0,"meta":0},{"id":0,"meta":0}]],[[{"id":0,"meta":0},{"id":0,"meta":0},{"id":0,"meta":0},{"id":0,"meta":0},{"id":0,"meta":0},{"id":0,"meta":0},{"id":0,"meta":0},{"id":0,"meta":0},{"id":0,"meta":0},{"id":0,"meta":0},{"id":0,"meta":0},{"id":0,"meta":0},{"id":0,"meta":0},{"id":0,"meta":0},{"id":0,"meta":0},{"id":0,"meta":0}],[{"id":0,"meta":0},{"id":0,"meta":0},{"id":0,"meta":0},{"id":0,"meta":0},{"id":0,"meta":0},{"id":0,"meta":0},{"id":0,"meta":0},{"id":0,"meta":0},{"id":0,"meta":0},{"id":5,"meta":0},{"id":0,"meta":0},{"id":0,"meta":0},{"id":0,"meta":0},{"id":0,"meta":0},{"id":0,"meta":0},{"id":0,"meta":0}],[{"id":0,"meta":0},{"id":0,"meta":0},{"id":0,"meta":0},{"id":0,"meta":0},{"id":0,"meta":0},{"id":0,"meta":0},{"id":0,"meta":0},{"id":0,"meta":0},{"id":5,"meta":0},{"id":5,"meta":0},{"id":5,"meta":0},{"id":0,"meta":0},{"id":0,"meta":0},{"id":0,"meta":0},{"id":0,"meta":0},{"id":0,"meta":0}],[{"id":0,"meta":0},{"id":0,"meta":0},{"id":0,"meta":0},{"id":0,"meta":0},{"id":0,"meta":0},{"id":0,"meta":0},{"id":0,"meta":0},{"id":0,"meta":0},{"id":0,"meta":0},{"id":5,"meta":0},{"id":0,"meta":0},{"id":0,"meta":0},{"id":0,"meta":0},{"id":0,"meta":0},{"id":0,"meta":0},{"id":0,"meta":0}],[{"id":0,"meta":0},{"id":0,"meta":0},{"id":0,"meta":0},{"id":0,"meta":0},{"id":0,"meta":0},{"id":0,"meta":0},{"id":0,"meta":0},{"id":0,"meta":0},{"id":0,"meta":0},{"id":0,"meta":0},{"id":0,"meta":0},{"id":0,"meta":0},{"id":0,"meta":0},{"id":0,"meta":0},{"id":0,"meta":0},{"id":0,"meta":0}],[{"id":0,"meta":0},{"id":0,"meta":0},{"id":0,"meta":0},{"id":0,"meta":0},{"id":106,"meta":8},{"id":0,"meta":0},{"id":0,"meta":0},{"id":106,"meta":8},{"id":0,"meta":0},{"id":0,"meta":0},{"id":0,"meta":0},{"id":106,"meta":8},{"id":0,"meta":0},{"id":0,"meta":0},{"id":0,"meta":0},{"id":0,"meta":0}],[{"id":0,"meta":0},{"id":162,"meta":1},{"id":5,"meta":0},{"id":5,"meta":0},{"id":5,"meta":0},{"id":5,"meta":0},{"id":96,"meta":12},{"id":5,"meta":0},{"id":5,"meta":0},{"id":5,"meta":0},{"id":5,"meta":0},{"id":162,"meta":1},{"id":106,"meta":4},{"id":0,"meta":0},{"id":162,"meta":5},{"id":0,"meta":0}],[{"id":106,"meta":1},{"id":5,"meta":0},{"id":0,"meta":0},{"id":0,"meta":0},{"id":0,"meta":0},{"id":0,"meta":0},{"id":0,"meta":0},{"id":0,"meta":0},{"id":0,"meta":0},{"id":0,"meta":0},{"id":0,"meta":0},{"id":5,"meta":0},{"id":106,"meta":4},{"id":30,"meta":0},{"id":162,"meta":1},{"id":0,"meta":0}],[{"id":106,"meta":1},{"id":5,"meta":0},{"id":0,"meta":0},{"id":0,"meta":0},{"id":0,"meta":0},{"id":0,"meta":0},{"id":0,"meta":0},{"id":0,"meta":0},{"id":0,"meta":0},{"id":0,"meta":0},{"id":0,"meta":0},{"id":53,"meta":6},{"id":0,"meta":0},{"id":0,"meta":0},{"id":0,"meta":0},{"id":0,"meta":0}],[{"id":0,"meta":0},{"id":53,"meta":7},{"id":0,"meta":0},{"id":0,"meta":0},{"id":0,"meta":0},{"id":0,"meta":0},{"id":0,"meta":0},{"id":0,"meta":0},{"id":0,"meta":0},{"id":0,"meta":0},{"id":0,"meta":0},{"id":20,"meta":0},{"id":0,"meta":0},{"id":0,"meta":0},{"id":0,"meta":0},{"id":0,"meta":0}],[{"id":106,"meta":1},{"id":5,"meta":0},{"id":0,"meta":0},{"id":0,"meta":0},{"id":0,"meta":0},{"id":0,"meta":0},{"id":0,"meta":0},{"id":0,"meta":0},{"id":0,"meta":0},{"id":0,"meta":0},{"id":0,"meta":0},{"id":20,"meta":0},{"id":106,"meta":4},{"id":0,"meta":0},{"id":0,"meta":0},{"id":0,"meta":0}],[{"id":0,"meta":0},{"id":5,"meta":0},{"id":0,"meta":0},{"id":0,"meta":0},{"id":0,"meta":0},{"id":0,"meta":0},{"id":0,"meta":0},{"id":0,"meta":0},{"id":0,"meta":0},{"id":0,"meta":0},{"id":0,"meta":0},{"id":53,"meta":6},{"id":0,"meta":0},{"id":0,"meta":0},{"id":0,"meta":0},{"id":0,"meta":0}],[{"id":106,"meta":1},{"id":5,"meta":0},{"id":5,"meta":0},{"id":109,"meta":3},{"id":0,"meta":0},{"id":0,"meta":0},{"id":0,"meta":0},{"id":0,"meta":0},{"id":0,"meta":0},{"id":0,"meta":0},{"id":0,"meta":0},{"id":5,"meta":0},{"id":0,"meta":0},{"id":0,"meta":0},{"id":0,"meta":0},{"id":0,"meta":0}],[{"id":0,"meta":0},{"id":162,"meta":1},{"id":5,"meta":0},{"id":53,"meta":7},{"id":5,"meta":0},{"id":5,"meta":0},{"id":5,"meta":0},{"id":0,"meta":0},{"id":20,"meta":0},{"id":20,"meta":0},{"id":5,"meta":0},{"id":162,"meta":1},{"id":0,"meta":0},{"id":0,"meta":0},{"id":0,"meta":0},{"id":0,"meta":0}]],[[{"id":0,"meta":0},{"id":0,"meta":0},{"id":0,"meta":0},{"id":0,"meta":0},{"id":0,"meta":0},{"id":0,"meta":0},{"id":0,"meta":0},{"id":0,"meta":0},{"id":0,"meta":0},{"id":0,"meta":0},{"id":0,"meta":0},{"id":0,"meta":0},{"id":0,"meta":0},{"id":0,"meta":0},{"id":0,"meta":0},{"id":0,"meta":0}],[{"id":0,"meta":0},{"id":0,"meta":0},{"id":0,"meta":0},{"id":0,"meta":0},{"id":0,"meta":0},{"id":0,"meta":0},{"id":0,"meta":0},{"id":0,"meta":0},{"id":0,"meta":0},{"id":0,"meta":0},{"id":0,"meta":0},{"id":0,"meta":0},{"id":0,"meta":0},{"id":0,"meta":0},{"id":0,"meta":0},{"id":0,"meta":0}],[{"id":0,"meta":0},{"id":0,"meta":0},{"id":0,"meta":0},{"id":0,"meta":0},{"id":0,"meta":0},{"id":0,"meta":0},{"id":0,"meta":0},{"id":0,"meta":0},{"id":0,"meta":0},{"id":5,"meta":0},{"id":0,"meta":0},{"id":0,"meta":0},{"id":0,"meta":0},{"id":0,"meta":0},{"id":0,"meta":0},{"id":0,"meta":0}],[{"id":0,"meta":0},{"id":0,"meta":0},{"id":0,"meta":0},{"id":0,"meta":0},{"id":0,"meta":0},{"id":0,"meta":0},{"id":0,"meta":0},{"id":0,"meta":0},{"id":0,"meta":0},{"id":0,"meta":0},{"id":0,"meta":0},{"id":0,"meta":0},{"id":0,"meta":0},{"id":0,"meta":0},{"id":0,"meta":0},{"id":0,"meta":0}],[{"id":0,"meta":0},{"id":0,"meta":0},{"id":0,"meta":0},{"id":0,"meta":0},{"id":0,"meta":0},{"id":0,"meta":0},{"id":0,"meta":0},{"id":0,"meta":0},{"id":0,"meta":0},{"id":0,"meta":0},{"id":0,"meta":0},{"id":0,"meta":0},{"id":0,"meta":0},{"id":0,"meta":0},{"id":0,"meta":0},{"id":0,"meta":0}],[{"id":0,"meta":0},{"id":0,"meta":0},{"id":0,"meta":0},{"id":0,"meta":0},{"id":0,"meta":0},{"id":0,"meta":0},{"id":0,"meta":0},{"id":0,"meta":0},{"id":0,"meta":0},{"id":0,"meta":0},{"id":0,"meta":0},{"id":0,"meta":0},{"id":0,"meta":0},{"id":0,"meta":0},{"id":0,"meta":0},{"id":0,"meta":0}],[{"id":0,"meta":0},{"id":162,"meta":1},{"id":5,"meta":0},{"id":5,"meta":0},{"id":5,"meta":0},{"id":5,"meta":0},{"id":5,"meta":0},{"id":5,"meta":0},{"id":5,"meta":0},{"id":5,"meta":0},{"id":5,"meta":0},{"id":162,"meta":1},{"id":0,"meta":0},{"id":0,"meta":0},{"id":0,"meta":0},{"id":0,"meta":0}],[{"id":0,"meta":0},{"id":5,"meta":0},{"id":162,"meta":9},{"id":162,"meta":9},{"id":162,"meta":9},{"id":162,"meta":9},{"id":162,"meta":9},{"id":162,"meta":9},{"id":162,"meta":9},{"id":162,"meta":9},{"id":162,"meta":9},{"id":5,"meta":0},{"id":0,"meta":0},{"id":0,"meta":0},{"id":30,"meta":0},{"id":0,"meta":0}],[{"id":0,"meta":0},{"id":5,"meta":0},{"id":30,"meta":0},{"id":158,"meta":11},{"id":158,"meta":11},{"id":0,"meta":0},{"id":158,"meta":11},{"id":158,"meta":11},{"id":158,"meta":11},{"id":0,"meta":0},{"id":158,"meta":11},{"id":5,"meta":0},{"id":0,"meta":0},{"id":0,"meta":0},{"id":0,"meta":0},{"id":0,"meta":0}],[{"id":0,"meta":0},{"id":5,"meta":0},{"id":162,"meta":9},{"id":162,"meta":9},{"id":162,"meta":9},{"id":162,"meta":9},{"id":162,"meta":9},{"id":162,"meta":9},{"id":162,"meta":9},{"id":162,"meta":9},{"id":162,"meta":9},{"id":5,"meta":0},{"id":0,"meta":0},{"id":0,"meta":0},{"id":0,"meta":0},{"id":0,"meta":0}],[{"id":106,"meta":1},{"id":5,"meta":0},{"id":158,"meta":11},{"id":158,"meta":11},{"id":0,"meta":0},{"id":158,"meta":11},{"id":158,"meta":11},{"id":158,"meta":11},{"id":0,"meta":0},{"id":158,"meta":11},{"id":158,"meta":11},{"id":5,"meta":0},{"id":0,"meta":0},{"id":0,"meta":0},{"id":0,"meta":0},{"id":0,"meta":0}],[{"id":0,"meta":0},{"id":5,"meta":0},{"id":162,"meta":9},{"id":162,"meta":9},{"id":162,"meta":9},{"id":162,"meta":9},{"id":162,"meta":9},{"id":162,"meta":9},{"id":162,"meta":9},{"id":162,"meta":9},{"id":162,"meta":9},{"id":5,"meta":0},{"id":0,"meta":0},{"id":0,"meta":0},{"id":0,"meta":0},{"id":0,"meta":0}],[{"id":106,"meta":1},{"id":5,"meta":0},{"id":109,"meta":3},{"id":0,"meta":0},{"id":0,"meta":0},{"id":30,"meta":0},{"id":158,"meta":11},{"id":30,"meta":0},{"id":158,"meta":11},{"id":158,"meta":11},{"id":30,"meta":0},{"id":5,"meta":0},{"id":0,"meta":0},{"id":0,"meta":0},{"id":0,"meta":0},{"id":0,"meta":0}],[{"id":0,"meta":0},{"id":162,"meta":1},{"id":5,"meta":0},{"id":5,"meta":0},{"id":5,"meta":0},{"id":5,"meta":0},{"id":5,"meta":0},{"id":5,"meta":0},{"id":5,"meta":0},{"id":5,"meta":0},{"id":5,"meta":0},{"id":162,"meta":1},{"id":0,"meta":0},{"id":0,"meta":0},{"id":0,"meta":0},{"id":0,"meta":0}]],[[{"id":0,"meta":0},{"id":0,"meta":0},{"id":0,"meta":0},{"id":0,"meta":0},{"id":0,"meta":0},{"id":0,"meta":0},{"id":0,"meta":0},{"id":0,"meta":0},{"id":0,"meta":0},{"id":0,"meta":0},{"id":0,"meta":0},{"id":0,"meta":0},{"id":0,"meta":0},{"id":0,"meta":0},{"id":0,"meta":0},{"id":0,"meta":0}],[{"id":0,"meta":0},{"id":0,"meta":0},{"id":0,"meta":0},{"id":0,"meta":0},{"id":0,"meta":0},{"id":0,"meta":0},{"id":0,"meta":0},{"id":0,"meta":0},{"id":0,"meta":0},{"id":0,"meta":0},{"id":0,"meta":0},{"id":0,"meta":0},{"id":0,"meta":0},{"id":0,"meta":0},{"id":0,"meta":0},{"id":0,"meta":0}],[{"id":0,"meta":0},{"id":0,"meta":0},{"id":0,"meta":0},{"id":0,"meta":0},{"id":0,"meta":0},{"id":0,"meta":0},{"id":0,"meta":0},{"id":0,"meta":0},{"id":0,"meta":0},{"id":0,"meta":0},{"id":0,"meta":0},{"id":0,"meta":0},{"id":0,"meta":0},{"id":0,"meta":0},{"id":0,"meta":0},{"id":0,"meta":0}],[{"id":0,"meta":0},{"id":0,"meta":0},{"id":0,"meta":0},{"id":0,"meta":0},{"id":0,"meta":0},{"id":0,"meta":0},{"id":0,"meta":0},{"id":0,"meta":0},{"id":0,"meta":0},{"id":0,"meta":0},{"id":0,"meta":0},{"id":0,"meta":0},{"id":0,"meta":0},{"id":0,"meta":0},{"id":0,"meta":0},{"id":0,"meta":0}],[{"id":0,"meta":0},{"id":0,"meta":0},{"id":0,"meta":0},{"id":0,"meta":0},{"id":0,"meta":0},{"id":0,"meta":0},{"id":0,"meta":0},{"id":0,"meta":0},{"id":0,"meta":0},{"id":0,"meta":0},{"id":0,"meta":0},{"id":0,"meta":0},{"id":0,"meta":0},{"id":0,"meta":0},{"id":0,"meta":0},{"id":0,"meta":0}],[{"id":0,"meta":0},{"id":0,"meta":0},{"id":0,"meta":0},{"id":0,"meta":0},{"id":0,"meta":0},{"id":0,"meta":0},{"id":0,"meta":0},{"id":0,"meta":0},{"id":0,"meta":0},{"id":0,"meta":0},{"id":0,"meta":0},{"id":0,"meta":0},{"id":0,"meta":0},{"id":0,"meta":0},{"id":0,"meta":0},{"id":0,"meta":0}],[{"id":0,"meta":0},{"id":53,"meta":0},{"id":53,"meta":0},{"id":53,"meta":0},{"id":53,"meta":0},{"id":53,"meta":0},{"id":53,"meta":0},{"id":53,"meta":0},{"id":53,"meta":0},{"id":53,"meta":0},{"id":53,"meta":0},{"id":53,"meta":3},{"id":0,"meta":0},{"id":0,"meta":0},{"id":0,"meta":0},{"id":0,"meta":0}],[{"id":0,"meta":0},{"id":53,"meta":2},{"id":162,"meta":1},{"id":0,"meta":0},{"id":0,"meta":0},{"id":0,"meta":0},{"id":0,"meta":0},{"id":0,"meta":0},{"id":0,"meta":0},{"id":0,"meta":0},{"id":162,"meta":1},{"id":53,"meta":3},{"id":0,"meta":0},{"id":0,"meta":0},{"id":0,"meta":0},{"id":0,"meta":0}],[{"id":0,"meta":0},{"id":53,"meta":2},{"id":0,"meta":0},{"id":162,"meta":1},{"id":18,"meta":8},{"id":0,"meta":0},{"id":53,"meta":1},{"id":18,"meta":8},{"id":18,"meta":8},{"id":0,"meta":0},{"id":0,"meta":0},{"id":53,"meta":3},{"id":0,"meta":0},{"id":0,"meta":0},{"id":0,"meta":0},{"id":0,"meta":0}],[{"id":0,"meta":0},{"id":53,"meta":2},{"id":53,"meta":2},{"id":18,"meta":8},{"id":53,"meta":1},{"id":0,"meta":0},{"id":0,"meta":0},{"id":18,"meta":8},{"id":53,"meta":2},{"id":54,"meta":2},{"id":0,"meta":0},{"id":53,"meta":3},{"id":0,"meta":0},{"id":0,"meta":0},{"id":0,"meta":0},{"id":0,"meta":0}],[{"id":0,"meta":0},{"id":53,"meta":2},{"id":53,"meta":2},{"id":53,"meta":1},{"id":0,"meta":0},{"id":53,"meta":2},{"id":0,"meta":0},{"id":0,"meta":0},{"id":0,"meta":0},{"id":162,"meta":1},{"id":0,"meta":0},{"id":53,"meta":3},{"id":0,"meta":0},{"id":0,"meta":0},{"id":0,"meta":0},{"id":0,"meta":0}],[{"id":0,"meta":0},{"id":53,"meta":2},{"id":0,"meta":0},{"id":0,"meta":0},{"id":0,"meta":0},{"id":0,"meta":0},{"id":0,"meta":0},{"id":53,"meta":0},{"id":18,"meta":8},{"id":53,"meta":0},{"id":0,"meta":0},{"id":53,"meta":3},{"id":0,"meta":0},{"id":0,"meta":0},{"id":0,"meta":0},{"id":0,"meta":0}],[{"id":0,"meta":0},{"id":53,"meta":2},{"id":0,"meta":0},{"id":0,"meta":0},{"id":0,"meta":0},{"id":0,"meta":0},{"id":53,"meta":1},{"id":0,"meta":0},{"id":0,"meta":0},{"id":0,"meta":0},{"id":162,"meta":1},{"id":53,"meta":3},{"id":0,"meta":0},{"id":0,"meta":0},{"id":0,"meta":0},{"id":0,"meta":0}],[{"id":0,"meta":0},{"id":53,"meta":2},{"id":53,"meta":1},{"id":53,"meta":1},{"id":53,"meta":1},{"id":53,"meta":1},{"id":53,"meta":1},{"id":53,"meta":1},{"id":53,"meta":1},{"id":53,"meta":1},{"id":53,"meta":1},{"id":53,"meta":1},{"id":0,"meta":0},{"id":0,"meta":0},{"id":0,"meta":0},{"id":0,"meta":0}]],[[{"id":0,"meta":0},{"id":0,"meta":0},{"id":0,"meta":0},{"id":0,"meta":0},{"id":0,"meta":0},{"id":0,"meta":0},{"id":0,"meta":0},{"id":0,"meta":0},{"id":0,"meta":0},{"id":0,"meta":0},{"id":0,"meta":0},{"id":0,"meta":0},{"id":0,"meta":0},{"id":0,"meta":0},{"id":0,"meta":0},{"id":0,"meta":0}],[{"id":0,"meta":0},{"id":0,"meta":0},{"id":0,"meta":0},{"id":0,"meta":0},{"id":0,"meta":0},{"id":0,"meta":0},{"id":0,"meta":0},{"id":0,"meta":0},{"id":0,"meta":0},{"id":0,"meta":0},{"id":0,"meta":0},{"id":0,"meta":0},{"id":0,"meta":0},{"id":0,"meta":0},{"id":0,"meta":0},{"id":0,"meta":0}],[{"id":0,"meta":0},{"id":0,"meta":0},{"id":0,"meta":0},{"id":0,"meta":0},{"id":0,"meta":0},{"id":0,"meta":0},{"id":0,"meta":0},{"id":0,"meta":0},{"id":0,"meta":0},{"id":0,"meta":0},{"id":0,"meta":0},{"id":0,"meta":0},{"id":0,"meta":0},{"id":0,"meta":0},{"id":0,"meta":0},{"id":0,"meta":0}],[{"id":0,"meta":0},{"id":0,"meta":0},{"id":0,"meta":0},{"id":0,"meta":0},{"id":0,"meta":0},{"id":0,"meta":0},{"id":0,"meta":0},{"id":0,"meta":0},{"id":0,"meta":0},{"id":0,"meta":0},{"id":0,"meta":0},{"id":0,"meta":0},{"id":0,"meta":0},{"id":0,"meta":0},{"id":0,"meta":0},{"id":0,"meta":0}],[{"id":0,"meta":0},{"id":0,"meta":0},{"id":0,"meta":0},{"id":0,"meta":0},{"id":0,"meta":0},{"id":0,"meta":0},{"id":0,"meta":0},{"id":0,"meta":0},{"id":0,"meta":0},{"id":0,"meta":0},{"id":0,"meta":0},{"id":0,"meta":0},{"id":0,"meta":0},{"id":0,"meta":0},{"id":0,"meta":0},{"id":0,"meta":0}],[{"id":0,"meta":0},{"id":0,"meta":0},{"id":0,"meta":0},{"id":0,"meta":0},{"id":0,"meta":0},{"id":0,"meta":0},{"id":0,"meta":0},{"id":0,"meta":0},{"id":0,"meta":0},{"id":0,"meta":0},{"id":0,"meta":0},{"id":0,"meta":0},{"id":0,"meta":0},{"id":0,"meta":0},{"id":0,"meta":0},{"id":0,"meta":0}],[{"id":0,"meta":0},{"id":0,"meta":0},{"id":0,"meta":0},{"id":0,"meta":0},{"id":0,"meta":0},{"id":0,"meta":0},{"id":0,"meta":0},{"id":0,"meta":0},{"id":0,"meta":0},{"id":0,"meta":0},{"id":0,"meta":0},{"id":0,"meta":0},{"id":0,"meta":0},{"id":0,"meta":0},{"id":0,"meta":0},{"id":0,"meta":0}],[{"id":0,"meta":0},{"id":0,"meta":0},{"id":53,"meta":0},{"id":53,"meta":0},{"id":53,"meta":0},{"id":53,"meta":0},{"id":53,"meta":0},{"id":53,"meta":0},{"id":53,"meta":0},{"id":53,"meta":0},{"id":53,"meta":3},{"id":0,"meta":0},{"id":0,"meta":0},{"id":0,"meta":0},{"id":0,"meta":0},{"id":0,"meta":0}],[{"id":0,"meta":0},{"id":0,"meta":0},{"id":53,"meta":2},{"id":162,"meta":1},{"id":18,"meta":8},{"id":0,"meta":0},{"id":0,"meta":0},{"id":18,"meta":8},{"id":18,"meta":8},{"id":18,"meta":8},{"id":53,"meta":3},{"id":0,"meta":0},{"id":0,"meta":0},{"id":0,"meta":0},{"id":0,"meta":0},{"id":0,"meta":0}],[{"id":0,"meta":0},{"id":0,"meta":0},{"id":53,"meta":2},{"id":18,"meta":8},{"id":0,"meta":0},{"id":0,"meta":0},{"id":0,"meta":0},{"id":0,"meta":0},{"id":0,"meta":0},{"id":96,"meta":3},{"id":53,"meta":3},{"id":0,"meta":0},{"id":0,"meta":0},{"id":0,"meta":0},{"id":0,"meta":0},{"id":0,"meta":0}],[{"id":0,"meta":0},{"id":0,"meta":0},{"id":53,"meta":1},{"id":0,"meta":0},{"id":0,"meta":0},{"id":0,"meta":0},{"id":0,"meta":0},{"id":0,"meta":0},{"id":0,"meta":0},{"id":18,"meta":8},{"id":53,"meta":3},{"id":0,"meta":0},{"id":0,"meta":0},{"id":0,"meta":0},{"id":0,"meta":0},{"id":0,"meta":0}],[{"id":0,"meta":0},{"id":0,"meta":0},{"id":0,"meta":0},{"id":0,"meta":0},{"id":0,"meta":0},{"id":0,"meta":0},{"id":0,"meta":0},{"id":0,"meta":0},{"id":0,"meta":0},{"id":18,"meta":8},{"id":53,"meta":3},{"id":0,"meta":0},{"id":0,"meta":0},{"id":0,"meta":0},{"id":0,"meta":0},{"id":0,"meta":0}],[{"id":0,"meta":0},{"id":0,"meta":0},{"id":0,"meta":0},{"id":0,"meta":0},{"id":0,"meta":0},{"id":0,"meta":0},{"id":0,"meta":0},{"id":53,"meta":1},{"id":53,"meta":1},{"id":53,"meta":1},{"id":53,"meta":3},{"id":0,"meta":0},{"id":0,"meta":0},{"id":0,"meta":0},{"id":0,"meta":0},{"id":0,"meta":0}],[{"id":0,"meta":0},{"id":0,"meta":0},{"id":0,"meta":0},{"id":0,"meta":0},{"id":0,"meta":0},{"id":0,"meta":0},{"id":0,"meta":0},{"id":0,"meta":0},{"id":0,"meta":0},{"id":0,"meta":0},{"id":0,"meta":0},{"id":0,"meta":0},{"id":0,"meta":0},{"id":0,"meta":0},{"id":0,"meta":0},{"id":0,"meta":0}]],[[{"id":0,"meta":0},{"id":0,"meta":0},{"id":0,"meta":0},{"id":0,"meta":0},{"id":0,"meta":0},{"id":0,"meta":0},{"id":0,"meta":0},{"id":0,"meta":0},{"id":0,"meta":0},{"id":0,"meta":0},{"id":0,"meta":0},{"id":0,"meta":0},{"id":0,"meta":0},{"id":0,"meta":0},{"id":0,"meta":0},{"id":0,"meta":0}],[{"id":0,"meta":0},{"id":0,"meta":0},{"id":0,"meta":0},{"id":0,"meta":0},{"id":0,"meta":0},{"id":0,"meta":0},{"id":0,"meta":0},{"id":0,"meta":0},{"id":0,"meta":0},{"id":0,"meta":0},{"id":0,"meta":0},{"id":0,"meta":0},{"id":0,"meta":0},{"id":0,"meta":0},{"id":0,"meta":0},{"id":0,"meta":0}],[{"id":0,"meta":0},{"id":0,"meta":0},{"id":0,"meta":0},{"id":0,"meta":0},{"id":0,"meta":0},{"id":0,"meta":0},{"id":0,"meta":0},{"id":0,"meta":0},{"id":0,"meta":0},{"id":0,"meta":0},{"id":0,"meta":0},{"id":0,"meta":0},{"id":0,"meta":0},{"id":0,"meta":0},{"id":0,"meta":0},{"id":0,"meta":0}],[{"id":0,"meta":0},{"id":0,"meta":0},{"id":0,"meta":0},{"id":0,"meta":0},{"id":0,"meta":0},{"id":0,"meta":0},{"id":0,"meta":0},{"id":0,"meta":0},{"id":0,"meta":0},{"id":0,"meta":0},{"id":0,"meta":0},{"id":0,"meta":0},{"id":0,"meta":0},{"id":0,"meta":0},{"id":0,"meta":0},{"id":0,"meta":0}],[{"id":0,"meta":0},{"id":0,"meta":0},{"id":0,"meta":0},{"id":0,"meta":0},{"id":0,"meta":0},{"id":0,"meta":0},{"id":0,"meta":0},{"id":0,"meta":0},{"id":0,"meta":0},{"id":0,"meta":0},{"id":0,"meta":0},{"id":0,"meta":0},{"id":0,"meta":0},{"id":0,"meta":0},{"id":0,"meta":0},{"id":0,"meta":0}],[{"id":0,"meta":0},{"id":0,"meta":0},{"id":0,"meta":0},{"id":0,"meta":0},{"id":0,"meta":0},{"id":0,"meta":0},{"id":0,"meta":0},{"id":0,"meta":0},{"id":0,"meta":0},{"id":0,"meta":0},{"id":0,"meta":0},{"id":0,"meta":0},{"id":0,"meta":0},{"id":0,"meta":0},{"id":0,"meta":0},{"id":0,"meta":0}],[{"id":0,"meta":0},{"id":0,"meta":0},{"id":0,"meta":0},{"id":0,"meta":0},{"id":0,"meta":0},{"id":0,"meta":0},{"id":0,"meta":0},{"id":0,"meta":0},{"id":0,"meta":0},{"id":0,"meta":0},{"id":0,"meta":0},{"id":0,"meta":0},{"id":0,"meta":0},{"id":0,"meta":0},{"id":0,"meta":0},{"id":0,"meta":0}],[{"id":0,"meta":0},{"id":0,"meta":0},{"id":0,"meta":0},{"id":0,"meta":0},{"id":0,"meta":0},{"id":0,"meta":0},{"id":0,"meta":0},{"id":0,"meta":0},{"id":0,"meta":0},{"id":0,"meta":0},{"id":0,"meta":0},{"id":0,"meta":0},{"id":0,"meta":0},{"id":0,"meta":0},{"id":0,"meta":0},{"id":0,"meta":0}],[{"id":0,"meta":0},{"id":0,"meta":0},{"id":0,"meta":0},{"id":162,"meta":1},{"id":0,"meta":0},{"id":0,"meta":0},{"id":0,"meta":0},{"id":0,"meta":0},{"id":18,"meta":8},{"id":0,"meta":0},{"id":0,"meta":0},{"id":0,"meta":0},{"id":0,"meta":0},{"id":0,"meta":0},{"id":0,"meta":0},{"id":0,"meta":0}],[{"id":0,"meta":0},{"id":0,"meta":0},{"id":0,"meta":0},{"id":0,"meta":0},{"id":0,"meta":0},{"id":0,"meta":0},{"id":0,"meta":0},{"id":0,"meta":0},{"id":0,"meta":0},{"id":0,"meta":0},{"id":0,"meta":0},{"id":0,"meta":0},{"id":0,"meta":0},{"id":0,"meta":0},{"id":0,"meta":0},{"id":0,"meta":0}],[{"id":0,"meta":0},{"id":0,"meta":0},{"id":0,"meta":0},{"id":0,"meta":0},{"id":0,"meta":0},{"id":0,"meta":0},{"id":0,"meta":0},{"id":0,"meta":0},{"id":0,"meta":0},{"id":0,"meta":0},{"id":0,"meta":0},{"id":0,"meta":0},{"id":0,"meta":0},{"id":0,"meta":0},{"id":0,"meta":0},{"id":0,"meta":0}],[{"id":0,"meta":0},{"id":0,"meta":0},{"id":0,"meta":0},{"id":0,"meta":0},{"id":0,"meta":0},{"id":0,"meta":0},{"id":0,"meta":0},{"id":0,"meta":0},{"id":0,"meta":0},{"id":18,"meta":8},{"id":0,"meta":0},{"id":0,"meta":0},{"id":0,"meta":0},{"id":0,"meta":0},{"id":0,"meta":0},{"id":0,"meta":0}],[{"id":0,"meta":0},{"id":0,"meta":0},{"id":0,"meta":0},{"id":0,"meta":0},{"id":0,"meta":0},{"id":0,"meta":0},{"id":0,"meta":0},{"id":0,"meta":0},{"id":0,"meta":0},{"id":0,"meta":0},{"id":0,"meta":0},{"id":0,"meta":0},{"id":0,"meta":0},{"id":0,"meta":0},{"id":0,"meta":0},{"id":0,"meta":0}],[{"id":0,"meta":0},{"id":0,"meta":0},{"id":0,"meta":0},{"id":0,"meta":0},{"id":0,"meta":0},{"id":0,"meta":0},{"id":0,"meta":0},{"id":0,"meta":0},{"id":0,"meta":0},{"id":0,"meta":0},{"id":0,"meta":0},{"id":0,"meta":0},{"id":0,"meta":0},{"id":0,"meta":0},{"id":0,"meta":0},{"id":0,"meta":0}]],[[{"id":0,"meta":0},{"id":0,"meta":0},{"id":0,"meta":0},{"id":0,"meta":0},{"id":0,"meta":0},{"id":0,"meta":0},{"id":0,"meta":0},{"id":0,"meta":0},{"id":0,"meta":0},{"id":0,"meta":0},{"id":0,"meta":0},{"id":0,"meta":0},{"id":0,"meta":0},{"id":0,"meta":0},{"id":0,"meta":0},{"id":0,"meta":0}],[{"id":0,"meta":0},{"id":0,"meta":0},{"id":0,"meta":0},{"id":0,"meta":0},{"id":0,"meta":0},{"id":0,"meta":0},{"id":0,"meta":0},{"id":0,"meta":0},{"id":0,"meta":0},{"id":0,"meta":0},{"id":0,"meta":0},{"id":0,"meta":0},{"id":0,"meta":0},{"id":0,"meta":0},{"id":0,"meta":0},{"id":0,"meta":0}],[{"id":0,"meta":0},{"id":0,"meta":0},{"id":0,"meta":0},{"id":0,"meta":0},{"id":0,"meta":0},{"id":0,"meta":0},{"id":0,"meta":0},{"id":0,"meta":0},{"id":0,"meta":0},{"id":0,"meta":0},{"id":0,"meta":0},{"id":0,"meta":0},{"id":0,"meta":0},{"id":0,"meta":0},{"id":0,"meta":0},{"id":0,"meta":0}],[{"id":0,"meta":0},{"id":0,"meta":0},{"id":0,"meta":0},{"id":0,"meta":0},{"id":0,"meta":0},{"id":0,"meta":0},{"id":0,"meta":0},{"id":0,"meta":0},{"id":0,"meta":0},{"id":0,"meta":0},{"id":0,"meta":0},{"id":0,"meta":0},{"id":0,"meta":0},{"id":0,"meta":0},{"id":0,"meta":0},{"id":0,"meta":0}],[{"id":0,"meta":0},{"id":0,"meta":0},{"id":0,"meta":0},{"id":0,"meta":0},{"id":0,"meta":0},{"id":0,"meta":0},{"id":0,"meta":0},{"id":0,"meta":0},{"id":0,"meta":0},{"id":0,"meta":0},{"id":0,"meta":0},{"id":0,"meta":0},{"id":0,"meta":0},{"id":0,"meta":0},{"id":0,"meta":0},{"id":0,"meta":0}],[{"id":0,"meta":0},{"id":0,"meta":0},{"id":0,"meta":0},{"id":0,"meta":0},{"id":0,"meta":0},{"id":0,"meta":0},{"id":0,"meta":0},{"id":0,"meta":0},{"id":0,"meta":0},{"id":0,"meta":0},{"id":0,"meta":0},{"id":0,"meta":0},{"id":0,"meta":0},{"id":0,"meta":0},{"id":0,"meta":0},{"id":0,"meta":0}],[{"id":0,"meta":0},{"id":0,"meta":0},{"id":0,"meta":0},{"id":0,"meta":0},{"id":0,"meta":0},{"id":0,"meta":0},{"id":0,"meta":0},{"id":0,"meta":0},{"id":0,"meta":0},{"id":0,"meta":0},{"id":0,"meta":0},{"id":0,"meta":0},{"id":0,"meta":0},{"id":0,"meta":0},{"id":0,"meta":0},{"id":0,"meta":0}],[{"id":0,"meta":0},{"id":0,"meta":0},{"id":0,"meta":0},{"id":0,"meta":0},{"id":0,"meta":0},{"id":0,"meta":0},{"id":0,"meta":0},{"id":0,"meta":0},{"id":0,"meta":0},{"id":0,"meta":0},{"id":0,"meta":0},{"id":0,"meta":0},{"id":0,"meta":0},{"id":0,"meta":0},{"id":0,"meta":0},{"id":0,"meta":0}],[{"id":0,"meta":0},{"id":0,"meta":0},{"id":0,"meta":0},{"id":0,"meta":0},{"id":0,"meta":0},{"id":0,"meta":0},{"id":0,"meta":0},{"id":0,"meta":0},{"id":0,"meta":0},{"id":0,"meta":0},{"id":0,"meta":0},{"id":0,"meta":0},{"id":0,"meta":0},{"id":0,"meta":0},{"id":0,"meta":0},{"id":0,"meta":0}],[{"id":0,"meta":0},{"id":0,"meta":0},{"id":0,"meta":0},{"id":0,"meta":0},{"id":0,"meta":0},{"id":0,"meta":0},{"id":0,"meta":0},{"id":0,"meta":0},{"id":0,"meta":0},{"id":0,"meta":0},{"id":0,"meta":0},{"id":0,"meta":0},{"id":0,"meta":0},{"id":0,"meta":0},{"id":0,"meta":0},{"id":0,"meta":0}],[{"id":0,"meta":0},{"id":0,"meta":0},{"id":0,"meta":0},{"id":0,"meta":0},{"id":0,"meta":0},{"id":0,"meta":0},{"id":0,"meta":0},{"id":0,"meta":0},{"id":0,"meta":0},{"id":0,"meta":0},{"id":0,"meta":0},{"id":0,"meta":0},{"id":0,"meta":0},{"id":0,"meta":0},{"id":0,"meta":0},{"id":0,"meta":0}],[{"id":0,"meta":0},{"id":0,"meta":0},{"id":0,"meta":0},{"id":0,"meta":0},{"id":0,"meta":0},{"id":0,"meta":0},{"id":0,"meta":0},{"id":0,"meta":0},{"id":0,"meta":0},{"id":0,"meta":0},{"id":0,"meta":0},{"id":0,"meta":0},{"id":0,"meta":0},{"id":0,"meta":0},{"id":0,"meta":0},{"id":0,"meta":0}],[{"id":0,"meta":0},{"id":0,"meta":0},{"id":0,"meta":0},{"id":0,"meta":0},{"id":0,"meta":0},{"id":0,"meta":0},{"id":0,"meta":0},{"id":0,"meta":0},{"id":0,"meta":0},{"id":0,"meta":0},{"id":0,"meta":0},{"id":0,"meta":0},{"id":0,"meta":0},{"id":0,"meta":0},{"id":0,"meta":0},{"id":0,"meta":0}],[{"id":0,"meta":0},{"id":0,"meta":0},{"id":0,"meta":0},{"id":0,"meta":0},{"id":0,"meta":0},{"id":0,"meta":0},{"id":0,"meta":0},{"id":0,"meta":0},{"id":0,"meta":0},{"id":0,"meta":0},{"id":0,"meta":0},{"id":0,"meta":0},{"id":0,"meta":0},{"id":0,"meta":0},{"id":0,"meta":0},{"id":0,"meta":0}]],[[{"id":0,"meta":0},{"id":0,"meta":0},{"id":0,"meta":0},{"id":0,"meta":0},{"id":0,"meta":0},{"id":0,"meta":0},{"id":0,"meta":0},{"id":0,"meta":0},{"id":0,"meta":0},{"id":0,"meta":0},{"id":0,"meta":0},{"id":0,"meta":0},{"id":0,"meta":0},{"id":0,"meta":0},{"id":0,"meta":0},{"id":0,"meta":0}],[{"id":0,"meta":0},{"id":0,"meta":0},{"id":0,"meta":0},{"id":0,"meta":0},{"id":0,"meta":0},{"id":0,"meta":0},{"id":0,"meta":0},{"id":0,"meta":0},{"id":0,"meta":0},{"id":0,"meta":0},{"id":0,"meta":0},{"id":0,"meta":0},{"id":0,"meta":0},{"id":0,"meta":0},{"id":0,"meta":0},{"id":0,"meta":0}],[{"id":0,"meta":0},{"id":0,"meta":0},{"id":0,"meta":0},{"id":0,"meta":0},{"id":0,"meta":0},{"id":0,"meta":0},{"id":0,"meta":0},{"id":0,"meta":0},{"id":0,"meta":0},{"id":0,"meta":0},{"id":0,"meta":0},{"id":0,"meta":0},{"id":0,"meta":0},{"id":0,"meta":0},{"id":0,"meta":0},{"id":0,"meta":0}],[{"id":0,"meta":0},{"id":0,"meta":0},{"id":0,"meta":0},{"id":0,"meta":0},{"id":0,"meta":0},{"id":0,"meta":0},{"id":0,"meta":0},{"id":0,"meta":0},{"id":0,"meta":0},{"id":0,"meta":0},{"id":0,"meta":0},{"id":0,"meta":0},{"id":0,"meta":0},{"id":0,"meta":0},{"id":0,"meta":0},{"id":0,"meta":0}],[{"id":0,"meta":0},{"id":0,"meta":0},{"id":0,"meta":0},{"id":0,"meta":0},{"id":0,"meta":0},{"id":0,"meta":0},{"id":0,"meta":0},{"id":0,"meta":0},{"id":0,"meta":0},{"id":0,"meta":0},{"id":0,"meta":0},{"id":0,"meta":0},{"id":0,"meta":0},{"id":0,"meta":0},{"id":0,"meta":0},{"id":0,"meta":0}],[{"id":0,"meta":0},{"id":0,"meta":0},{"id":0,"meta":0},{"id":0,"meta":0},{"id":0,"meta":0},{"id":0,"meta":0},{"id":0,"meta":0},{"id":0,"meta":0},{"id":0,"meta":0},{"id":0,"meta":0},{"id":0,"meta":0},{"id":0,"meta":0},{"id":0,"meta":0},{"id":0,"meta":0},{"id":0,"meta":0},{"id":0,"meta":0}],[{"id":0,"meta":0},{"id":0,"meta":0},{"id":0,"meta":0},{"id":0,"meta":0},{"id":0,"meta":0},{"id":0,"meta":0},{"id":0,"meta":0},{"id":0,"meta":0},{"id":0,"meta":0},{"id":0,"meta":0},{"id":0,"meta":0},{"id":0,"meta":0},{"id":0,"meta":0},{"id":0,"meta":0},{"id":0,"meta":0},{"id":0,"meta":0}],[{"id":0,"meta":0},{"id":0,"meta":0},{"id":0,"meta":0},{"id":0,"meta":0},{"id":0,"meta":0},{"id":0,"meta":0},{"id":0,"meta":0},{"id":0,"meta":0},{"id":0,"meta":0},{"id":0,"meta":0},{"id":0,"meta":0},{"id":0,"meta":0},{"id":0,"meta":0},{"id":0,"meta":0},{"id":0,"meta":0},{"id":0,"meta":0}],[{"id":0,"meta":0},{"id":0,"meta":0},{"id":0,"meta":0},{"id":0,"meta":0},{"id":0,"meta":0},{"id":0,"meta":0},{"id":0,"meta":0},{"id":0,"meta":0},{"id":0,"meta":0},{"id":0,"meta":0},{"id":0,"meta":0},{"id":0,"meta":0},{"id":0,"meta":0},{"id":0,"meta":0},{"id":0,"meta":0},{"id":0,"meta":0}],[{"id":0,"meta":0},{"id":0,"meta":0},{"id":0,"meta":0},{"id":0,"meta":0},{"id":0,"meta":0},{"id":0,"meta":0},{"id":0,"meta":0},{"id":0,"meta":0},{"id":0,"meta":0},{"id":0,"meta":0},{"id":0,"meta":0},{"id":0,"meta":0},{"id":0,"meta":0},{"id":0,"meta":0},{"id":0,"meta":0},{"id":0,"meta":0}],[{"id":0,"meta":0},{"id":0,"meta":0},{"id":0,"meta":0},{"id":0,"meta":0},{"id":0,"meta":0},{"id":0,"meta":0},{"id":0,"meta":0},{"id":0,"meta":0},{"id":0,"meta":0},{"id":0,"meta":0},{"id":0,"meta":0},{"id":0,"meta":0},{"id":0,"meta":0},{"id":0,"meta":0},{"id":0,"meta":0},{"id":0,"meta":0}],[{"id":0,"meta":0},{"id":0,"meta":0},{"id":0,"meta":0},{"id":0,"meta":0},{"id":0,"meta":0},{"id":0,"meta":0},{"id":0,"meta":0},{"id":0,"meta":0},{"id":0,"meta":0},{"id":0,"meta":0},{"id":0,"meta":0},{"id":0,"meta":0},{"id":0,"meta":0},{"id":0,"meta":0},{"id":0,"meta":0},{"id":0,"meta":0}],[{"id":0,"meta":0},{"id":0,"meta":0},{"id":0,"meta":0},{"id":0,"meta":0},{"id":0,"meta":0},{"id":0,"meta":0},{"id":0,"meta":0},{"id":0,"meta":0},{"id":0,"meta":0},{"id":0,"meta":0},{"id":0,"meta":0},{"id":0,"meta":0},{"id":0,"meta":0},{"id":0,"meta":0},{"id":0,"meta":0},{"id":0,"meta":0}],[{"id":0,"meta":0},{"id":0,"meta":0},{"id":0,"meta":0},{"id":0,"meta":0},{"id":0,"meta":0},{"id":0,"meta":0},{"id":0,"meta":0},{"id":0,"meta":0},{"id":0,"meta":0},{"id":0,"meta":0},{"id":0,"meta":0},{"id":0,"meta":0},{"id":0,"meta":0},{"id":0,"meta":0},{"id":0,"meta":0},{"id":0,"meta":0}]]]