[[[{"id":0,"meta":0},{"id":0,"meta":0},{"id":0,"meta":0},{"id":0,"meta":0},{"id":0,"meta":0},{"id":0,"meta":0},{"id":0,"meta":0},{"id":18,"meta":8},{"id":0,"meta":0},{"id":0,"meta":0}],[{"id":0,"meta":0},{"id":0,"meta":0},{"id":0,"meta":0},{"id":98,"meta":2},{"id":1,"meta":0},{"id":98,"meta":2},{"id":1,"meta":0},{"id":98,"meta":2},{"id":0,"meta":0},{"id":0,"meta":0}],[{"id":0,"meta":0},{"id":0,"meta":0},{"id":98,"meta":2},{"id":1,"meta":0},{"id":1,"meta":0},{"id":1,"meta":0},{"id":1,"meta":0},{"id":0,"meta":0},{"id":1,"meta":0},{"id":0,"meta":0}],[{"id":0,"meta":0},{"id":1,"meta":0},{"id":1,"meta":0},{"id":98,"meta":2},{"id":98,"meta":2},{"id":1,"meta":0},{"id":1,"meta":0},{"id":1,"meta":0},{"id":1,"meta":0},{"id":0,"meta":0}],[{"id":98,"meta":2},{"id":1,"meta":0},{"id":98,"meta":2},{"id":98,"meta":2},{"id":98,"meta":2},{"id":1,"meta":0},{"id":1,"meta":0},{"id":29,"meta":4},{"id":1,"meta":0},{"id":0,"meta":0}],[{"id":98,"meta":2},{"id":98,"meta":2},{"id":61,"meta":5},{"id":61,"meta":5},{"id":0,"meta":0},{"id":1,"meta":0},{"id":1,"meta":0},{"id":34,"meta":4},{"id":98,"meta":2},{"id":0,"meta":0}],[{"id":1,"meta":0},{"id":26,"meta":9},{"id":0,"meta":0},{"id":0,"meta":0},{"id":0,"meta":0},{"id":0,"meta":0},{"id":0,"meta":0},{"id":1,"meta":0},{"id":0,"meta":0},{"id":0,"meta":0}],[{"id":98,"meta":2},{"id":26,"meta":1},{"id":0,"meta":0},{"id":0,"meta":0},{"id":0,"meta":0},{"id":1,"meta":0},{"id":1,"meta":0},{"id":1,"meta":0},{"id":1,"meta":0},{"id":0,"meta":0}],[{"id":98,"meta":2},{"id":98,"meta":2},{"id":0,"meta":0},{"id":0,"meta":0},{"id":0,"meta":0},{"id":1,"meta":0},{"id":1,"meta":0},{"id":29,"meta":5},{"id":98,"meta":2},{"id":0,"meta":0}],[{"id":98,"meta":2},{"id":1,"meta":0},{"id":1,"meta":0},{"id":208,"meta":2},{"id":98,"meta":2},{"id":98,"meta":2},{"id":1,"meta":0},{"id":1,"meta":0},{"id":98,"meta":2},{"id":0,"meta":0}],[{"id":0,"meta":0},{"id":98,"meta":2},{"id":1,"meta":0},{"id":1,"meta":0},{"id":98,"meta":2},{"id":1,"meta":0},{"id":98,"meta":2},{"id":1,"meta":0},{"id":98,"meta":2},{"id":0,"meta":0}],[{"id":0,"meta":0},{"id":0,"meta":0},{"id":98,"meta":2},{"id":1,"meta":0},{"id":98,"meta":2},{"id":1,"meta":0},{"id":98,"meta":2},{"id":98,"meta":2},{"id":18,"meta":8},{"id":0,"meta":0}],[{"id":0,"meta":0},{"id":0,"meta":0},{"id":0,"meta":0},{"id":0,"meta":0},{"id":0,"meta":0},{"id":0,"meta":0},{"id":0,"meta":0},{"id":0,"meta":0},{"id":0,"meta":0},{"id":0,"meta":0}]],[[{"id":0,"meta":0},{"id":0,"meta":0},{"id":0,"meta":0},{"id":0,"meta":0},{"id":0,"meta":0},{"id":0,"meta":0},{"id":0,"meta":0},{"id":18,"meta":8},{"id":0,"meta":0},{"id":0,"meta":0}],[{"id":0,"meta":0},{"id":0,"meta":0},{"id":0,"meta":0},{"id":1,"meta":0},{"id":1,"meta":0},{"id":1,"meta":0},{"id":1,"meta":0},{"id":1,"meta":0},{"id":69,"meta":2},{"id":18,"meta":8}],[{"id":0,"meta":0},{"id":0,"meta":0},{"id":1,"meta":0},{"id":1,"meta":0},{"id":98,"meta":2},{"id":1,"meta":0},{"id":1,"meta":0},{"id":76,"meta":4},{"id":1,"meta":0},{"id":18,"meta":8}],[{"id":0,"meta":0},{"id":1,"meta":0},{"id":1,"meta":0},{"id":98,"meta":2},{"id":98,"meta":2},{"id":1,"meta":0},{"id":1,"meta":0},{"id":55,"meta":15},{"id":1,"meta":0},{"id":0,"meta":0}],[{"id":1,"meta":0},{"id":1,"meta":0},{"id":98,"meta":2},{"id":98,"meta":2},{"id":0,"meta":0},{"id":1,"meta":0},{"id":1,"meta":0},{"id":29,"meta":4},{"id":1,"meta":0},{"id":0,"meta":0}],[{"id":1,"meta":0},{"id":1,"meta":0},{"id":117,"meta":0},{"id":30,"meta":0},{"id":0,"meta":0},{"id":1,"meta":0},{"id":1,"meta":0},{"id":34,"meta":4},{"id":1,"meta":0},{"id":77,"meta":3}],[{"id":98,"meta":2},{"id":0,"meta":0},{"id":0,"meta":0},{"id":0,"meta":0},{"id":0,"meta":0},{"id":0,"meta":0},{"id":69,"meta":2},{"id":1,"meta":0},{"id":0,"meta":0},{"id":0,"meta":0}],[{"id":1,"meta":0},{"id":0,"meta":0},{"id":0,"meta":0},{"id":0,"meta":0},{"id":0,"meta":0},{"id":1,"meta":0},{"id":1,"meta":0},{"id":1,"meta":0},{"id":98,"meta":2},{"id":0,"meta":0}],[{"id":1,"meta":0},{"id":98,"meta":2},{"id":0,"meta":0},{"id":0,"meta":0},{"id":0,"meta":0},{"id":1,"meta":0},{"id":93,"meta":1},{"id":29,"meta":5},{"id":1,"meta":0},{"id":0,"meta":0}],[{"id":1,"meta":0},{"id":1,"meta":0},{"id":1,"meta":0},{"id":208,"meta":3},{"id":1,"meta":0},{"id":1,"meta":0},{"id":93,"meta":1},{"id":55,"meta":0},{"id":1,"meta":0},{"id":0,"meta":0}],[{"id":0,"meta":0},{"id":1,"meta":0},{"id":1,"meta":0},{"id":1,"meta":0},{"id":1,"meta":0},{"id":98,"meta":2},{"id":55,"meta":0},{"id":55,"meta":0},{"id":1,"meta":0},{"id":18,"meta":8}],[{"id":0,"meta":0},{"id":0,"meta":0},{"id":1,"meta":0},{"id":98,"meta":2},{"id":1,"meta":0},{"id":1,"meta":0},{"id":1,"meta":0},{"id":1,"meta":0},{"id":18,"meta":8},{"id":0,"meta":0}],[{"id":0,"meta":0},{"id":0,"meta":0},{"id":0,"meta":0},{"id":0,"meta":0},{"id":0,"meta":0},{"id":0,"meta":0},{"id":0,"meta":0},{"id":18,"meta":8},{"id":0,"meta":0},{"id":0,"meta":0}]],[[{"id":0,"meta":0},{"id":0,"meta":0},{"id":0,"meta":0},{"id":0,"meta":0},{"id":0,"meta":0},{"id":0,"meta":0},{"id":0,"meta":0},{"id":18,"meta":12},{"id":18,"meta":12},{"id":0,"meta":0}],[{"id":0,"meta":0},{"id":0,"meta":0},{"id":0,"meta":0},{"id":109,"meta":0},{"id":109,"meta":0},{"id":109,"meta":0},{"id":109,"meta":0},{"id":109,"meta":0},{"id":0,"meta":0},{"id":18,"meta":12}],[{"id":0,"meta":0},{"id":0,"meta":0},{"id":1,"meta":0},{"id":98,"meta":2},{"id":1,"meta":0},{"id":98,"meta":2},{"id":1,"meta":0},{"id":98,"meta":2},{"id":109,"meta":3},{"id":18,"meta":12}],[{"id":0,"meta":0},{"id":1,"meta":0},{"id":98,"meta":2},{"id":98,"meta":2},{"id":98,"meta":2},{"id":1,"meta":0},{"id":1,"meta":0},{"id":1,"meta":0},{"id":109,"meta":3},{"id":0,"meta":0}],[{"id":109,"meta":2},{"id":1,"meta":0},{"id":1,"meta":0},{"id":0,"meta":0},{"id":0,"meta":0},{"id":1,"meta":0},{"id":1,"meta":0},{"id":1,"meta":0},{"id":1,"meta":0},{"id":0,"meta":0}],[{"id":109,"meta":2},{"id":98,"meta":2},{"id":98,"meta":2},{"id":1,"meta":0},{"id":96,"meta":5},{"id":1,"meta":0},{"id":1,"meta":0},{"id":1,"meta":0},{"id":98,"meta":2},{"id":0,"meta":0}],[{"id":109,"meta":2},{"id":1,"meta":0},{"id":1,"meta":0},{"id":1,"meta":0},{"id":1,"meta":0},{"id":1,"meta":0},{"id":1,"meta":0},{"id":1,"meta":0},{"id":98,"meta":2},{"id":0,"meta":0}],[{"id":109,"meta":2},{"id":98,"meta":2},{"id":1,"meta":0},{"id":1,"meta":0},{"id":1,"meta":0},{"id":1,"meta":0},{"id":1,"meta":0},{"id":1,"meta":0},{"id":1,"meta":0},{"id":0,"meta":0}],[{"id":109,"meta":2},{"id":98,"meta":2},{"id":1,"meta":0},{"id":1,"meta":0},{"id":1,"meta":0},{"id":1,"meta":0},{"id":98,"meta":2},{"id":1,"meta":0},{"id":98,"meta":2},{"id":0,"meta":0}],[{"id":109,"meta":2},{"id":1,"meta":0},{"id":98,"meta":2},{"id":1,"meta":0},{"id":1,"meta":0},{"id":1,"meta":0},{"id":1,"meta":0},{"id":1,"meta":0},{"id":109,"meta":3},{"id":18,"meta":12}],[{"id":0,"meta":0},{"id":1,"meta":0},{"id":1,"meta":0},{"id":1,"meta":0},{"id":98,"meta":2},{"id":98,"meta":2},{"id":1,"meta":0},{"id":1,"meta":0},{"id":109,"meta":3},{"id":18,"meta":12}],[{"id":0,"meta":0},{"id":0,"meta":0},{"id":109,"meta":1},{"id":109,"meta":1},{"id":109,"meta":1},{"id":109,"meta":1},{"id":109,"meta":1},{"id":109,"meta":1},{"id":18,"meta":12},{"id":0,"meta":0}],[{"id":0,"meta":0},{"id":0,"meta":0},{"id":0,"meta":0},{"id":0,"meta":0},{"id":0,"meta":0},{"id":0,"meta":0},{"id":18,"meta":8},{"id":18,"meta":8},{"id":0,"meta":0},{"id":0,"meta":0}]],[[{"id":0,"meta":0},{"id":0,"meta":0},{"id":0,"meta":0},{"id":0,"meta":0},{"id":0,"meta":0},{"id":0,"meta":0},{"id":0,"meta":0},{"id":18,"meta":12},{"id":0,"meta":0},{"id":0,"meta":0}],[{"id":0,"meta":0},{"id":0,"meta":0},{"id":0,"meta":0},{"id":0,"meta":0},{"id":0,"meta":0},{"id":0,"meta":0},{"id":18,"meta":8},{"id":18,"meta":12},{"id":18,"meta":12},{"id":0,"meta":0}],[{"id":0,"meta":0},{"id":0,"meta":0},{"id":0,"meta":0},{"id":1,"meta":0},{"id":1,"meta":0},{"id":98,"meta":2},{"id":1,"meta":0},{"id":18,"meta":8},{"id":18,"meta":12},{"id":0,"meta":0}],[{"id":0,"meta":0},{"id":0,"meta":0},{"id":98,"meta":2},{"id":98,"meta":2},{"id":98,"meta":2},{"id":98,"meta":2},{"id":98,"meta":2},{"id":1,"meta":0},{"id":18,"meta":8},{"id":0,"meta":0}],[{"id":0,"meta":0},{"id":1,"meta":0},{"id":1,"meta":0},{"id":0,"meta":0},{"id":0,"meta":0},{"id":1,"meta":0},{"id":98,"meta":2},{"id":98,"meta":2},{"id":98,"meta":2},{"id":0,"meta":0}],[{"id":0,"meta":0},{"id":1,"meta":0},{"id":98,"meta":2},{"id":101,"meta":0},{"id":0,"meta":0},{"id":0,"meta":0},{"id":61,"meta":2},{"id":1,"meta":0},{"id":98,"meta":2},{"id":0,"meta":0}],[{"id":0,"meta":0},{"id":98,"meta":2},{"id":1,"meta":0},{"id":101,"meta":0},{"id":0,"meta":0},{"id":0,"meta":0},{"id":61,"meta":2},{"id":1,"meta":0},{"id":98,"meta":2},{"id":0,"meta":0}],[{"id":0,"meta":0},{"id":1,"meta":0},{"id":1,"meta":0},{"id":101,"meta":0},{"id":0,"meta":0},{"id":26,"meta":0},{"id":26,"meta":8},{"id":1,"meta":0},{"id":98,"meta":2},{"id":0,"meta":0}],[{"id":0,"meta":0},{"id":1,"meta":0},{"id":1,"meta":0},{"id":58,"meta":0},{"id":54,"meta":4},{"id":54,"meta":4},{"id":58,"meta":0},{"id":98,"meta":2},{"id":98,"meta":2},{"id":0,"meta":0}],[{"id":0,"meta":0},{"id":1,"meta":0},{"id":98,"meta":2},{"id":1,"meta":0},{"id":1,"meta":0},{"id":98,"meta":2},{"id":98,"meta":2},{"id":98,"meta":2},{"id":18,"meta":12},{"id":0,"meta":0}],[{"id":0,"meta":0},{"id":0,"meta":0},{"id":1,"meta":0},{"id":1,"meta":0},{"id":98,"meta":2},{"id":1,"meta":0},{"id":1,"meta":0},{"id":98,"meta":2},{"id":18,"meta":12},{"id":0,"meta":0}],[{"id":0,"meta":0},{"id":0,"meta":0},{"id":0,"meta":0},{"id":0,"meta":0},{"id":0,"meta":0},{"id":0,"meta":0},{"id":18,"meta":12},{"id":18,"meta":8},{"id":0,"meta":0},{"id":0,"meta":0}],[{"id":0,"meta":0},{"id":0,"meta":0},{"id":0,"meta":0},{"id":0,"meta":0},{"id":0,"meta":0},{"id":0,"meta":0},{"id":0,"meta":0},{"id":0,"meta":0},{"id":0,"meta":0},{"id":0,"meta":0}]],[[{"id":0,"meta":0},{"id":0,"meta":0},{"id":0,"meta":0},{"id":0,"meta":0},{"id":0,"meta":0},{"id":0,"meta":0},{"id":0,"meta":0},{"id":0,"meta":0},{"id":0,"meta":0},{"id":0,"meta":0}],[{"id":0,"meta":0},{"id":0,"meta":0},{"id":0,"meta":0},{"id":0,"meta":0},{"id":0,"meta":0},{"id":0,"meta":0},{"id":0,"meta":0},{"id":0,"meta":0},{"id":0,"meta":0},{"id":0,"meta":0}],[{"id":0,"meta":0},{"id":0,"meta":0},{"id":0,"meta":0},{"id":0,"meta":0},{"id":0,"meta":0},{"id":0,"meta":0},{"id":18,"meta":8},{"id":0,"meta":0},{"id":0,"meta":0},{"id":0,"meta":0}],[{"id":0,"meta":0},{"id":0,"meta":0},{"id":18,"meta":8},{"id":98,"meta":2},{"id":1,"meta":0},{"id":98,"meta":2},{"id":1,"meta":0},{"id":18,"meta":8},{"id":0,"meta":0},{"id":0,"meta":0}],[{"id":0,"meta":0},{"id":0,"meta":0},{"id":1,"meta":0},{"id":0,"meta":0},{"id":0,"meta":0},{"id":98,"meta":2},{"id":98,"meta":2},{"id":1,"meta":0},{"id":0,"meta":0},{"id":0,"meta":0}],[{"id":0,"meta":0},{"id":0,"meta":0},{"id":98,"meta":2},{"id":101,"meta":0},{"id":0,"meta":0},{"id":0,"meta":0},{"id":117,"meta":0},{"id":98,"meta":2},{"id":0,"meta":0},{"id":0,"meta":0}],[{"id":0,"meta":0},{"id":0,"meta":0},{"id":1,"meta":0},{"id":101,"meta":0},{"id":0,"meta":0},{"id":0,"meta":0},{"id":0,"meta":0},{"id":98,"meta":2},{"id":0,"meta":0},{"id":0,"meta":0}],[{"id":0,"meta":0},{"id":0,"meta":0},{"id":98,"meta":2},{"id":101,"meta":0},{"id":0,"meta":0},{"id":0,"meta":0},{"id":0,"meta":0},{"id":98,"meta":2},{"id":0,"meta":0},{"id":0,"meta":0}],[{"id":0,"meta":0},{"id":0,"meta":0},{"id":1,"meta":0},{"id":208,"meta":0},{"id":0,"meta":0},{"id":0,"meta":0},{"id":30,"meta":0},{"id":98,"meta":2},{"id":0,"meta":0},{"id":0,"meta":0}],[{"id":0,"meta":0},{"id":18,"meta":8},{"id":1,"meta":0},{"id":98,"meta":2},{"id":1,"meta":0},{"id":98,"meta":2},{"id":98,"meta":2},{"id":18,"meta":8},{"id":0,"meta":0},{"id":0,"meta":0}],[{"id":0,"meta":0},{"id":0,"meta":0},{"id":18,"meta":8},{"id":0,"meta":0},{"id":0,"meta":0},{"id":0,"meta":0},{"id":18,"meta":8},{"id":18,"meta":8},{"id":0,"meta":0},{"id":0,"meta":0}],[{"id":0,"meta":0},{"id":0,"meta":0},{"id":0,"meta":0},{"id":0,"meta":0},{"id":0,"meta":0},{"id":0,"meta":0},{"id":0,"meta":0},{"id":0,"meta":0},{"id":0,"meta":0},{"id":0,"meta":0}],[{"id":0,"meta":0},{"id":0,"meta":0},{"id":0,"meta":0},{"id":0,"meta":0},{"id":0,"meta":0},{"id":0,"meta":0},{"id":0,"meta":0},{"id":0,"meta":0},{"id":0,"meta":0},{"id":0,"meta":0}]],[[{"id":0,"meta":0},{"id":0,"meta":0},{"id":0,"meta":0},{"id":0,"meta":0},{"id":0,"meta":0},{"id":0,"meta":0},{"id":0,"meta":0},{"id":0,"meta":0},{"id":0,"meta":0},{"id":0,"meta":0}],[{"id":0,"meta":0},{"id":0,"meta":0},{"id":0,"meta":0},{"id":0,"meta":0},{"id":0,"meta":0},{"id":0,"meta":0},{"id":0,"meta":0},{"id":0,"meta":0},{"id":0,"meta":0},{"id":0,"meta":0}],[{"id":0,"meta":0},{"id":0,"meta":0},{"id":0,"meta":0},{"id":0,"meta":0},{"id":0,"meta":0},{"id":0,"meta":0},{"id":0,"meta":0},{"id":0,"meta":0},{"id":0,"meta":0},{"id":0,"meta":0}],[{"id":0,"meta":0},{"id":0,"meta":0},{"id":0,"meta":0},{"id":18,"meta":8},{"id":0,"meta":0},{"id":0,"meta":0},{"id":18,"meta":8},{"id":0,"meta":0},{"id":0,"meta":0},{"id":0,"meta":0}],[{"id":0,"meta":0},{"id":0,"meta":0},{"id":18,"meta":8},{"id":98,"meta":2},{"id":98,"meta":2},{"id":98,"meta":2},{"id":98,"meta":2},{"id":0,"meta":0},{"id":0,"meta":0},{"id":0,"meta":0}],[{"id":0,"meta":0},{"id":0,"meta":0},{"id":0,"meta":0},{"id":98,"meta":2},{"id":1,"meta":0},{"id":1,"meta":0},{"id":98,"meta":2},{"id":0,"meta":0},{"id":0,"meta":0},{"id":0,"meta":0}],[{"id":0,"meta":0},{"id":0,"meta":0},{"id":0,"meta":0},{"id":98,"meta":2},{"id":1,"meta":0},{"id":1,"meta":0},{"id":98,"meta":2},{"id":0,"meta":0},{"id":0,"meta":0},{"id":0,"meta":0}],[{"id":0,"meta":0},{"id":0,"meta":0},{"id":0,"meta":0},{"id":98,"meta":2},{"id":1,"meta":0},{"id":1,"meta":0},{"id":98,"meta":2},{"id":0,"meta":0},{"id":0,"meta":0},{"id":0,"meta":0}],[{"id":0,"meta":0},{"id":0,"meta":0},{"id":18,"meta":8},{"id":98,"meta":2},{"id":98,"meta":2},{"id":98,"meta":2},{"id":98,"meta":2},{"id":0,"meta":0},{"id":0,"meta":0},{"id":0,"meta":0}],[{"id":0,"meta":0},{"id":0,"meta":0},{"id":18,"meta":8},{"id":18,"meta":8},{"id":0,"meta":0},{"id":0,"meta":0},{"id":18,"meta":8},{"id":0,"meta":0},{"id":0,"meta":0},{"id":0,"meta":0}],[{"id":0,"meta":0},{"id":0,"meta":0},{"id":0,"meta":0},{"id":0,"meta":0},{"id":0,"meta":0},{"id":0,"meta":0},{"id":0,"meta":0},{"id":18,"meta":8},{"id":0,"meta":0},{"id":0,"meta":0}],[{"id":0,"meta":0},{"id":0,"meta":0},{"id":0,"meta":0},{"id":0,"meta":0},{"id":0,"meta":0},{"id":0,"meta":0},{"id":0,"meta":0},{"id":0,"meta":0},{"id":0,"meta":0},{"id":0,"meta":0}],[{"id":0,"meta":0},{"id":0,"meta":0},{"id":0,"meta":0},{"id":0,"meta":0},{"id":0,"meta":0},{"id":0,"meta":0},{"id":0,"meta":0},{"id":0,"meta":0},{"id":0,"meta":0},{"id":0,"meta":0}]],[[{"id":0,"meta":0},{"id":0,"meta":0},{"id":0,"meta":0},{"id":0,"meta":0},{"id":0,"meta":0},{"id":0,"meta":0},{"id":0,"meta":0},{"id":0,"meta":0},{"id":0,"meta":0},{"id":0,"meta":0}],[{"id":0,"meta":0},{"id":0,"meta":0},{"id":0,"meta":0},{"id":0,"meta":0},{"id":0,"meta":0},{"id":0,"meta":0},{"id":0,"meta":0},{"id":0,"meta":0},{"id":0,"meta":0},{"id":0,"meta":0}],[{"id":0,"meta":0},{"id":0,"meta":0},{"id":0,"meta":0},{"id":0,"meta":0},{"id":0,"meta":0},{"id":0,"meta":0},{"id":0,"meta":0},{"id":0,"meta":0},{"id":0,"meta":0},{"id":0,"meta":0}],[{"id":0,"meta":0},{"id":0,"meta":0},{"id":0,"meta":0},{"id":0,"meta":0},{"id":0,"meta":0},{"id":0,"meta":0},{"id":0,"meta":0},{"id":0,"meta":0},{"id":0,"meta":0},{"id":0,"meta":0}],[{"id":0,"meta":0},{"id":0,"meta":0},{"id":0,"meta":0},{"id":18,"meta":8},{"id":18,"meta":8},{"id":0,"meta":0},{"id":0,"meta":0},{"id":0,"meta":0},{"id":0,"meta":0},{"id":0,"meta":0}],[{"id":0,"meta":0},{"id":0,"meta":0},{"id":0,"meta":0},{"id":18,"meta":8},{"id":98,"meta":2},{"id":98,"meta":2},{"id":0,"meta":0},{"id":0,"meta":0},{"id":0,"meta":0},{"id":0,"meta":0}],[{"id":0,"meta":0},{"id":0,"meta":0},{"id":0,"meta":0},{"id":0,"meta":0},{"id":98,"meta":2},{"id":98,"meta":2},{"id":0,"meta":0},{"id":0,"meta":0},{"id":0,"meta":0},{"id":0,"meta":0}],[{"id":0,"meta":0},{"id":0,"meta":0},{"id":0,"meta":0},{"id":0,"meta":0},{"id":98,"meta":2},{"id":98,"meta":2},{"id":18,"meta":8},{"id":0,"meta":0},{"id":0,"meta":0},{"id":0,"meta":0}],[{"id":0,"meta":0},{"id":0,"meta":0},{"id":0,"meta":0},{"id":18,"meta":8},{"id":0,"meta":0},{"id":18,"meta":8},{"id":0,"meta":0},{"id":0,"meta":0},{"id":0,"meta":0},{"id":0,"meta":0}],[{"id":0,"meta":0},{"id":0,"meta":0},{"id":0,"meta":0},{"id":0,"meta":0},{"id":0,"meta":0},{"id":0,"meta":0},{"id":18,"meta":8},{"id":0,"meta":0},{"id":0,"meta":0},{"id":0,"meta":0}],[{"id":0,"meta":0},{"id":0,"meta":0},{"id":0,"meta":0},{"id":0,"meta":0},{"id":0,"meta":0},{"id":0,"meta":0},{"id":0,"meta":0},{"id":0,"meta":0},{"id":0,"meta":0},{"id":0,"meta":0}],[{"id":0,"meta":0},{"id":0,"meta":0},{"id":0,"meta":0},{"id":0,"meta":0},{"id":0,"meta":0},{"id":0,"meta":0},{"id":0,"meta":0},{"id":0,"meta":0},{"id":0,"meta":0},{"id":0,"meta":0}],[{"id":0,"meta":0},{"id":0,"meta":0},{"id":0,"meta":0},{"id":0,"meta":0},{"id":0,"meta":0},{"id":0,"meta":0},{"id":0,"meta":0},{"id":0,"meta":0},{"id":0,"meta":0},{"id":0,"meta":0}]],[[{"id":0,"meta":0},{"id":0,"meta":0},{"id":0,"meta":0},{"id":0,"meta":0},{"id":0,"meta":0},{"id":0,"meta":0},{"id":0,"meta":0},{"id":0,"meta":0},{"id":0,"meta":0},{"id":0,"meta":0}],[{"id":0,"meta":0},{"id":0,"meta":0},{"id":0,"meta":0},{"id":0,"meta":0},{"id":0,"meta":0},{"id":0,"meta":0},{"id":0,"meta":0},{"id":0,"meta":0},{"id":0,"meta":0},{"id":0,"meta":0}],[{"id":0,"meta":0},{"id":0,"meta":0},{"id":0,"meta":0},{"id":0,"meta":0},{"id":0,"meta":0},{"id":0,"meta":0},{"id":0,"meta":0},{"id":0,"meta":0},{"id":0,"meta":0},{"id":0,"meta":0}],[{"id":0,"meta":0},{"id":0,"meta":0},{"id":0,"meta":0},{"id":0,"meta":0},{"id":0,"meta":0},{"id":0,"meta":0},{"id":0,"meta":0},{"id":0,"meta":0},{"id":0,"meta":0},{"id":0,"meta":0}],[{"id":0,"meta":0},{"id":0,"meta":0},{"id":0,"meta":0},{"id":0,"meta":0},{"id":0,"meta":0},{"id":0,"meta":0},{"id":0,"meta":0},{"id":0,"meta":0},{"id":0,"meta":0},{"id":0,"meta":0}],[{"id":0,"meta":0},{"id":0,"meta":0},{"id":0,"meta":0},{"id":0,"meta":0},{"id":18,"meta":8},{"id":0,"meta":0},{"id":0,"meta":0},{"id":0,"meta":0},{"id":0,"meta":0},{"id":0,"meta":0}],[{"id":0,"meta":0},{"id":0,"meta":0},{"id":0,"meta":0},{"id":0,"meta":0},{"id":0,"meta":0},{"id":0,"meta":0},{"id":0,"meta":0},{"id":0,"meta":0},{"id":0,"meta":0},{"id":0,"meta":0}],[{"id":0,"meta":0},{"id":0,"meta":0},{"id":0,"meta":0},{"id":0,"meta":0},{"id":0,"meta":0},{"id":18,"meta":8},{"id":0,"meta":0},{"id":0,"meta":0},{"id":0,"meta":0},{"id":0,"meta":0}],[{"id":0,"meta":0},{"id":0,"meta":0},{"id":0,"meta":0},{"id":0,"meta":0},{"id":0,"meta":0},{"id":0,"meta":0},{"id":0,"meta":0},{"id":0,"meta":0},{"id":0,"meta":0},{"id":0,"meta":0}],[{"id":0,"meta":0},{"id":0,"meta":0},{"id":0,"meta":0},{"id":0,"meta":0},{"id":0,"meta":0},{"id":0,"meta":0},{"id":0,"meta":0},{"id":0,"meta":0},{"id":0,"meta":0},{"id":0,"meta":0}],[{"id":0,"meta":0},{"id":0,"meta":0},{"id":0,"meta":0},{"id":0,"meta":0},{"id":0,"meta":0},{"id":0,"meta":0},{"id":0,"meta":0},{"id":0,"meta":0},{"id":0,"meta":0},{"id":0,"meta":0}],[{"id":0,"meta":0},{"id":0,"meta":0},{"id":0,"meta":0},{"id":0,"meta":0},{"id":0,"meta":0},{"id":0,"meta":0},{"id":0,"meta":0},{"id":0,"meta":0},{"id":0,"meta":0},{"id":0,"meta":0}],[{"id":0,"meta":0},{"id":0,"meta":0},{"id":0,"meta":0},{"id":0,"meta":0},{"id":0,"meta":0},{"id":0,"meta":0},{"id":0,"meta":0},{"id":0,"meta":0},{"id":0,"meta":0},{"id":0,"meta":0}]],[[{"id":0,"meta":0},{"id":0,"meta":0},{"id":0,"meta":0},{"id":0,"meta":0},{"id":0,"meta":0},{"id":0,"meta":0},{"id":0,"meta":0},{"id":0,"meta":0},{"id":0,"meta":0},{"id":0,"meta":0}],[{"id":0,"meta":0},{"id":0,"meta":0},{"id":0,"meta":0},{"id":0,"meta":0},{"id":0,"meta":0},{"id":0,"meta":0},{"id":0,"meta":0},{"id":0,"meta":0},{"id":0,"meta":0},{"id":0,"meta":0}],[{"id":0,"meta":0},{"id":0,"meta":0},{"id":0,"meta":0},{"id":0,"meta":0},{"id":0,"meta":0},{"id":0,"meta":0},{"id":0,"meta":0},{"id":0,"meta":0},{"id":0,"meta":0},{"id":0,"meta":0}],[{"id":0,"meta":0},{"id":0,"meta":0},{"id":0,"meta":0},{"id":0,"meta":0},{"id":0,"meta":0},{"id":0,"meta":0},{"id":0,"meta":0},{"id":0,"meta":0},{"id":0,"meta":0},{"id":0,"meta":0}],[{"id":0,"meta":0},{"id":0,"meta":0},{"id":0,"meta":0},{"id":0,"meta":0},{"id":0,"meta":0},{"id":0,"meta":0},{"id":0,"meta":0},{"id":0,"meta":0},{"id":0,"meta":0},{"id":0,"meta":0}],[{"id":0,"meta":0},{"id":0,"meta":0},{"id":0,"meta":0},{"id":0,"meta":0},{"id":0,"meta":0},{"id":0,"meta":0},{"id":0,"meta":0},{"id":0,"meta":0},{"id":0,"meta":0},{"id":0,"meta":0}],[{"id":0,"meta":0},{"id":0,"meta":0},{"id":0,"meta":0},{"id":0,"meta":0},{"id":0,"meta":0},{"id":0,"meta":0},{"id":0,"meta":0},{"id":0,"meta":0},{"id":0,"meta":0},{"id":0,"meta":0}],[{"id":0,"meta":0},{"id":0,"meta":0},{"id":0,"meta":0},{"id":0,"meta":0},{"id":0,"meta":0},{"id":0,"meta":0},{"id":0,"meta":0},{"id":0,"meta":0},{"id":0,"meta":0},{"id":0,"meta":0}],[{"id":0,"meta":0},{"id":0,"meta":0},{"id":0,"meta":0},{"id":0,"meta":0},{"id":0,"meta":0},{"id":0,"meta":0},{"id":0,"meta":0},{"id":0,"meta":0},{"id":0,"meta":0},{"id":0,"meta":0}],[{"id":0,"meta":0},{"id":0,"meta":0},{"id":0,"meta":0},{"id":0,"meta":0},{"id":0,"meta":0},{"id":0,"meta":0},{"id":0,"meta":0},{"id":0,"meta":0},{"id":0,"meta":0},{"id":0,"meta":0}],[{"id":0,"meta":0},{"id":0,"meta":0},{"id":0,"meta":0},{"id":0,"meta":0},{"id":0,"meta":0},{"id":0,"meta":0},{"id":0,"meta":0},{"id":0,"meta":0},{"id":0,"meta":0},{"id":0,"meta":0}],[{"id":0,"meta":0},{"id":0,"meta":0},{"id":0,"meta":0},{"id":0,"meta":0},{"id":0,"meta":0},{"id":0,"meta":0},{"id":0,"meta":0},{"id":0,"meta":0},{"id":0,"meta":0},{"id":0,"meta":0}],[{"id":0,"meta":0},{"id":0,"meta":0},{"id":0,"meta":0},{"id":0,"meta":0},{"id":0,"meta":0},{"id":0,"meta":0},{"id":0,"meta":0},{"id":0,"meta":0},{"id":0,"meta":0},{"id":0,"meta":0}]]]