[[[{"id":0,"meta":0},{"id":49,"meta":0},{"id":0,"meta":0},{"id":0,"meta":0},{"id":49,"meta":0},{"id":49,"meta":0},{"id":0,"meta":0},{"id":49,"meta":0},{"id":49,"meta":0},{"id":49,"meta":0},{"id":49,"meta":0},{"id":49,"meta":0},{"id":0,"meta":0},{"id":0,"meta":0},{"id":49,"meta":0},{"id":49,"meta":0},{"id":0,"meta":0}],[{"id":0,"meta":0},{"id":0,"meta":0},{"id":0,"meta":0},{"id":0,"meta":0},{"id":0,"meta":0},{"id":0,"meta":0},{"id":0,"meta":0},{"id":0,"meta":0},{"id":0,"meta":0},{"id":0,"meta":0},{"id":0,"meta":0},{"id":0,"meta":0},{"id":0,"meta":0},{"id":0,"meta":0},{"id":0,"meta":0},{"id":0,"meta":0},{"id":0,"meta":0}],[{"id":0,"meta":0},{"id":0,"meta":0},{"id":0,"meta":0},{"id":0,"meta":0},{"id":0,"meta":0},{"id":0,"meta":0},{"id":0,"meta":0},{"id":0,"meta":0},{"id":0,"meta":0},{"id":0,"meta":0},{"id":0,"meta":0},{"id":0,"meta":0},{"id":0,"meta":0},{"id":0,"meta":0},{"id":0,"meta":0},{"id":0,"meta":0},{"id":0,"meta":0}],[{"id":0,"meta":0},{"id":0,"meta":0},{"id":0,"meta":0},{"id":0,"meta":0},{"id":0,"meta":0},{"id":0,"meta":0},{"id":0,"meta":0},{"id":0,"meta":0},{"id":0,"meta":0},{"id":0,"meta":0},{"id":0,"meta":0},{"id":0,"meta":0},{"id":0,"meta":0},{"id":0,"meta":0},{"id":0,"meta":0},{"id":0,"meta":0},{"id":0,"meta":0}],[{"id":0,"meta":0},{"id":112,"meta":0},{"id":112,"meta":0},{"id":112,"meta":0},{"id":112,"meta":0},{"id":112,"meta":0},{"id":112,"meta":0},{"id":112,"meta":0},{"id":112,"meta":0},{"id":112,"meta":0},{"id":112,"meta":0},{"id":112,"meta":0},{"id":112,"meta":0},{"id":112,"meta":0},{"id":112,"meta":0},{"id":112,"meta":0},{"id":0,"meta":0}],[{"id":0,"meta":0},{"id":112,"meta":0},{"id":88,"meta":0},{"id":88,"meta":0},{"id":88,"meta":0},{"id":88,"meta":0},{"id":88,"meta":0},{"id":88,"meta":0},{"id":88,"meta":0},{"id":88,"meta":0},{"id":88,"meta":0},{"id":112,"meta":0},{"id":112,"meta":0},{"id":112,"meta":0},{"id":112,"meta":0},{"id":112,"meta":0},{"id":0,"meta":0}],[{"id":0,"meta":0},{"id":112,"meta":0},{"id":88,"meta":0},{"id":88,"meta":0},{"id":88,"meta":0},{"id":88,"meta":0},{"id":88,"meta":0},{"id":88,"meta":0},{"id":88,"meta":0},{"id":88,"meta":0},{"id":88,"meta":0},{"id":112,"meta":0},{"id":112,"meta":0},{"id":112,"meta":0},{"id":112,"meta":0},{"id":112,"meta":0},{"id":0,"meta":0}],[{"id":0,"meta":0},{"id":112,"meta":0},{"id":112,"meta":0},{"id":112,"meta":0},{"id":112,"meta":0},{"id":112,"meta":0},{"id":112,"meta":0},{"id":112,"meta":0},{"id":112,"meta":0},{"id":112,"meta":0},{"id":112,"meta":0},{"id":112,"meta":0},{"id":112,"meta":0},{"id":112,"meta":0},{"id":112,"meta":0},{"id":112,"meta":0},{"id":0,"meta":0}],[{"id":0,"meta":0},{"id":112,"meta":0},{"id":112,"meta":0},{"id":112,"meta":0},{"id":112,"meta":0},{"id":112,"meta":0},{"id":112,"meta":0},{"id":112,"meta":0},{"id":112,"meta":0},{"id":112,"meta":0},{"id":112,"meta":0},{"id":112,"meta":0},{"id":112,"meta":0},{"id":112,"meta":0},{"id":112,"meta":0},{"id":112,"meta":0},{"id":0,"meta":0}],[{"id":0,"meta":0},{"id":112,"meta":0},{"id":112,"meta":0},{"id":112,"meta":0},{"id":112,"meta":0},{"id":112,"meta":0},{"id":112,"meta":0},{"id":112,"meta":0},{"id":112,"meta":0},{"id":112,"meta":0},{"id":112,"meta":0},{"id":112,"meta":0},{"id":112,"meta":0},{"id":112,"meta":0},{"id":112,"meta":0},{"id":112,"meta":0},{"id":0,"meta":0}],[{"id":0,"meta":0},{"id":112,"meta":0},{"id":88,"meta":0},{"id":88,"meta":0},{"id":88,"meta":0},{"id":88,"meta":0},{"id":88,"meta":0},{"id":88,"meta":0},{"id":88,"meta":0},{"id":88,"meta":0},{"id":88,"meta":0},{"id":112,"meta":0},{"id":112,"meta":0},{"id":112,"meta":0},{"id":112,"meta":0},{"id":112,"meta":0},{"id":0,"meta":0}],[{"id":0,"meta":0},{"id":112,"meta":0},{"id":88,"meta":0},{"id":88,"meta":0},{"id":88,"meta":0},{"id":88,"meta":0},{"id":88,"meta":0},{"id":88,"meta":0},{"id":88,"meta":0},{"id":88,"meta":0},{"id":88,"meta":0},{"id":112,"meta":0},{"id":112,"meta":0},{"id":112,"meta":0},{"id":112,"meta":0},{"id":112,"meta":0},{"id":0,"meta":0}],[{"id":0,"meta":0},{"id":112,"meta":0},{"id":112,"meta":0},{"id":112,"meta":0},{"id":112,"meta":0},{"id":112,"meta":0},{"id":112,"meta":0},{"id":112,"meta":0},{"id":112,"meta":0},{"id":112,"meta":0},{"id":112,"meta":0},{"id":112,"meta":0},{"id":112,"meta":0},{"id":112,"meta":0},{"id":112,"meta":0},{"id":112,"meta":0},{"id":0,"meta":0}],[{"id":0,"meta":0},{"id":0,"meta":0},{"id":0,"meta":0},{"id":0,"meta":0},{"id":0,"meta":0},{"id":0,"meta":0},{"id":87,"meta":0},{"id":87,"meta":0},{"id":87,"meta":0},{"id":87,"meta":0},{"id":87,"meta":0},{"id":87,"meta":0},{"id":0,"meta":0},{"id":0,"meta":0},{"id":0,"meta":0},{"id":0,"meta":0},{"id":0,"meta":0}]],[[{"id":0,"meta":0},{"id":49,"meta":0},{"id":49,"meta":0},{"id":0,"meta":0},{"id":0,"meta":0},{"id":49,"meta":0},{"id":49,"meta":0},{"id":49,"meta":0},{"id":0,"meta":0},{"id":0,"meta":0},{"id":49,"meta":0},{"id":49,"meta":0},{"id":0,"meta":0},{"id":49,"meta":0},{"id":49,"meta":0},{"id":0,"meta":0},{"id":0,"meta":0}],[{"id":0,"meta":0},{"id":0,"meta":0},{"id":0,"meta":0},{"id":0,"meta":0},{"id":0,"meta":0},{"id":0,"meta":0},{"id":0,"meta":0},{"id":0,"meta":0},{"id":0,"meta":0},{"id":0,"meta":0},{"id":0,"meta":0},{"id":0,"meta":0},{"id":0,"meta":0},{"id":0,"meta":0},{"id":0,"meta":0},{"id":0,"meta":0},{"id":0,"meta":0}],[{"id":0,"meta":0},{"id":0,"meta":0},{"id":0,"meta":0},{"id":0,"meta":0},{"id":0,"meta":0},{"id":0,"meta":0},{"id":0,"meta":0},{"id":0,"meta":0},{"id":0,"meta":0},{"id":0,"meta":0},{"id":0,"meta":0},{"id":0,"meta":0},{"id":0,"meta":0},{"id":0,"meta":0},{"id":0,"meta":0},{"id":0,"meta":0},{"id":0,"meta":0}],[{"id":0,"meta":0},{"id":0,"meta":0},{"id":0,"meta":0},{"id":0,"meta":0},{"id":0,"meta":0},{"id":0,"meta":0},{"id":0,"meta":0},{"id":0,"meta":0},{"id":0,"meta":0},{"id":0,"meta":0},{"id":0,"meta":0},{"id":0,"meta":0},{"id":0,"meta":0},{"id":0,"meta":0},{"id":0,"meta":0},{"id":0,"meta":0},{"id":0,"meta":0}],[{"id":0,"meta":0},{"id":112,"meta":0},{"id":112,"meta":0},{"id":112,"meta":0},{"id":113,"meta":0},{"id":112,"meta":0},{"id":112,"meta":0},{"id":113,"meta":0},{"id":112,"meta":0},{"id":112,"meta":0},{"id":113,"meta":0},{"id":112,"meta":0},{"id":112,"meta":0},{"id":113,"meta":0},{"id":112,"meta":0},{"id":112,"meta":0},{"id":0,"meta":0}],[{"id":0,"meta":0},{"id":112,"meta":0},{"id":115,"meta":3},{"id":115,"meta":3},{"id":115,"meta":3},{"id":115,"meta":3},{"id":115,"meta":3},{"id":115,"meta":0},{"id":115,"meta":0},{"id":115,"meta":3},{"id":115,"meta":3},{"id":0,"meta":0},{"id":0,"meta":0},{"id":0,"meta":0},{"id":0,"meta":0},{"id":112,"meta":0},{"id":0,"meta":0}],[{"id":0,"meta":0},{"id":112,"meta":0},{"id":115,"meta":3},{"id":115,"meta":3},{"id":115,"meta":3},{"id":115,"meta":3},{"id":115,"meta":3},{"id":115,"meta":3},{"id":115,"meta":3},{"id":115,"meta":3},{"id":115,"meta":2},{"id":0,"meta":0},{"id":0,"meta":0},{"id":0,"meta":0},{"id":0,"meta":0},{"id":112,"meta":0},{"id":0,"meta":0}],[{"id":0,"meta":0},{"id":112,"meta":0},{"id":112,"meta":0},{"id":112,"meta":0},{"id":112,"meta":0},{"id":112,"meta":0},{"id":112,"meta":0},{"id":112,"meta":0},{"id":112,"meta":0},{"id":112,"meta":0},{"id":114,"meta":3},{"id":0,"meta":0},{"id":0,"meta":0},{"id":0,"meta":0},{"id":0,"meta":0},{"id":0,"meta":0},{"id":0,"meta":0}],[{"id":0,"meta":0},{"id":112,"meta":0},{"id":112,"meta":0},{"id":112,"meta":0},{"id":112,"meta":0},{"id":112,"meta":0},{"id":112,"meta":0},{"id":112,"meta":0},{"id":112,"meta":0},{"id":112,"meta":0},{"id":114,"meta":3},{"id":0,"meta":0},{"id":0,"meta":0},{"id":0,"meta":0},{"id":0,"meta":0},{"id":0,"meta":0},{"id":0,"meta":0}],[{"id":0,"meta":0},{"id":112,"meta":0},{"id":112,"meta":0},{"id":112,"meta":0},{"id":112,"meta":0},{"id":112,"meta":0},{"id":112,"meta":0},{"id":112,"meta":0},{"id":112,"meta":0},{"id":112,"meta":0},{"id":114,"meta":3},{"id":0,"meta":0},{"id":0,"meta":0},{"id":0,"meta":0},{"id":0,"meta":0},{"id":0,"meta":0},{"id":0,"meta":0}],[{"id":0,"meta":0},{"id":112,"meta":0},{"id":115,"meta":3},{"id":115,"meta":3},{"id":115,"meta":3},{"id":115,"meta":2},{"id":115,"meta":1},{"id":115,"meta":3},{"id":115,"meta":3},{"id":115,"meta":1},{"id":115,"meta":3},{"id":0,"meta":0},{"id":0,"meta":0},{"id":0,"meta":0},{"id":0,"meta":0},{"id":112,"meta":0},{"id":0,"meta":0}],[{"id":0,"meta":0},{"id":112,"meta":0},{"id":115,"meta":3},{"id":115,"meta":3},{"id":115,"meta":3},{"id":115,"meta":3},{"id":115,"meta":2},{"id":115,"meta":3},{"id":115,"meta":3},{"id":115,"meta":3},{"id":115,"meta":2},{"id":0,"meta":0},{"id":0,"meta":0},{"id":0,"meta":0},{"id":0,"meta":0},{"id":112,"meta":0},{"id":0,"meta":0}],[{"id":0,"meta":0},{"id":112,"meta":0},{"id":112,"meta":0},{"id":112,"meta":0},{"id":113,"meta":0},{"id":112,"meta":0},{"id":112,"meta":0},{"id":113,"meta":0},{"id":112,"meta":0},{"id":112,"meta":0},{"id":113,"meta":0},{"id":112,"meta":0},{"id":112,"meta":0},{"id":113,"meta":0},{"id":112,"meta":0},{"id":112,"meta":0},{"id":0,"meta":0}],[{"id":0,"meta":0},{"id":0,"meta":0},{"id":0,"meta":0},{"id":0,"meta":0},{"id":0,"meta":0},{"id":0,"meta":0},{"id":0,"meta":0},{"id":87,"meta":0},{"id":87,"meta":0},{"id":87,"meta":0},{"id":87,"meta":0},{"id":0,"meta":0},{"id":0,"meta":0},{"id":0,"meta":0},{"id":0,"meta":0},{"id":0,"meta":0},{"id":0,"meta":0}]],[[{"id":0,"meta":0},{"id":0,"meta":0},{"id":49,"meta":0},{"id":49,"meta":0},{"id":0,"meta":0},{"id":49,"meta":0},{"id":49,"meta":0},{"id":0,"meta":0},{"id":0,"meta":0},{"id":0,"meta":0},{"id":0,"meta":0},{"id":49,"meta":0},{"id":49,"meta":0},{"id":49,"meta":0},{"id":0,"meta":0},{"id":0,"meta":0},{"id":0,"meta":0}],[{"id":0,"meta":0},{"id":0,"meta":0},{"id":0,"meta":0},{"id":0,"meta":0},{"id":0,"meta":0},{"id":0,"meta":0},{"id":0,"meta":0},{"id":0,"meta":0},{"id":0,"meta":0},{"id":0,"meta":0},{"id":0,"meta":0},{"id":0,"meta":0},{"id":0,"meta":0},{"id":0,"meta":0},{"id":0,"meta":0},{"id":0,"meta":0},{"id":0,"meta":0}],[{"id":0,"meta":0},{"id":0,"meta":0},{"id":0,"meta":0},{"id":0,"meta":0},{"id":0,"meta":0},{"id":0,"meta":0},{"id":0,"meta":0},{"id":0,"meta":0},{"id":0,"meta":0},{"id":0,"meta":0},{"id":0,"meta":0},{"id":0,"meta":0},{"id":0,"meta":0},{"id":0,"meta":0},{"id":0,"meta":0},{"id":0,"meta":0},{"id":0,"meta":0}],[{"id":0,"meta":0},{"id":0,"meta":0},{"id":0,"meta":0},{"id":0,"meta":0},{"id":0,"meta":0},{"id":0,"meta":0},{"id":0,"meta":0},{"id":0,"meta":0},{"id":0,"meta":0},{"id":0,"meta":0},{"id":0,"meta":0},{"id":0,"meta":0},{"id":0,"meta":0},{"id":0,"meta":0},{"id":0,"meta":0},{"id":0,"meta":0},{"id":0,"meta":0}],[{"id":0,"meta":0},{"id":112,"meta":0},{"id":112,"meta":0},{"id":112,"meta":0},{"id":113,"meta":0},{"id":112,"meta":0},{"id":112,"meta":0},{"id":113,"meta":0},{"id":112,"meta":0},{"id":112,"meta":0},{"id":113,"meta":0},{"id":112,"meta":0},{"id":112,"meta":0},{"id":113,"meta":0},{"id":112,"meta":0},{"id":112,"meta":0},{"id":0,"meta":0}],[{"id":0,"meta":0},{"id":112,"meta":0},{"id":0,"meta":0},{"id":0,"meta":0},{"id":0,"meta":0},{"id":0,"meta":0},{"id":0,"meta":0},{"id":0,"meta":0},{"id":0,"meta":0},{"id":0,"meta":0},{"id":0,"meta":0},{"id":0,"meta":0},{"id":0,"meta":0},{"id":0,"meta":0},{"id":0,"meta":0},{"id":112,"meta":0},{"id":0,"meta":0}],[{"id":0,"meta":0},{"id":112,"meta":0},{"id":0,"meta":0},{"id":0,"meta":0},{"id":0,"meta":0},{"id":0,"meta":0},{"id":0,"meta":0},{"id":0,"meta":0},{"id":0,"meta":0},{"id":0,"meta":0},{"id":0,"meta":0},{"id":0,"meta":0},{"id":0,"meta":0},{"id":0,"meta":0},{"id":0,"meta":0},{"id":112,"meta":0},{"id":0,"meta":0}],[{"id":0,"meta":0},{"id":112,"meta":0},{"id":112,"meta":0},{"id":112,"meta":0},{"id":112,"meta":0},{"id":112,"meta":0},{"id":112,"meta":0},{"id":112,"meta":0},{"id":112,"meta":0},{"id":114,"meta":3},{"id":0,"meta":0},{"id":0,"meta":0},{"id":0,"meta":0},{"id":0,"meta":0},{"id":0,"meta":0},{"id":0,"meta":0},{"id":0,"meta":0}],[{"id":0,"meta":0},{"id":112,"meta":0},{"id":112,"meta":0},{"id":112,"meta":0},{"id":112,"meta":0},{"id":112,"meta":0},{"id":112,"meta":0},{"id":112,"meta":0},{"id":112,"meta":0},{"id":114,"meta":3},{"id":0,"meta":0},{"id":0,"meta":0},{"id":0,"meta":0},{"id":0,"meta":0},{"id":0,"meta":0},{"id":0,"meta":0},{"id":0,"meta":0}],[{"id":0,"meta":0},{"id":112,"meta":0},{"id":112,"meta":0},{"id":112,"meta":0},{"id":112,"meta":0},{"id":112,"meta":0},{"id":112,"meta":0},{"id":112,"meta":0},{"id":112,"meta":0},{"id":114,"meta":3},{"id":0,"meta":0},{"id":0,"meta":0},{"id":0,"meta":0},{"id":0,"meta":0},{"id":0,"meta":0},{"id":0,"meta":0},{"id":0,"meta":0}],[{"id":0,"meta":0},{"id":112,"meta":0},{"id":0,"meta":0},{"id":0,"meta":0},{"id":0,"meta":0},{"id":0,"meta":0},{"id":0,"meta":0},{"id":0,"meta":0},{"id":0,"meta":0},{"id":0,"meta":0},{"id":0,"meta":0},{"id":0,"meta":0},{"id":0,"meta":0},{"id":0,"meta":0},{"id":0,"meta":0},{"id":112,"meta":0},{"id":89,"meta":0}],[{"id":0,"meta":0},{"id":112,"meta":0},{"id":0,"meta":0},{"id":0,"meta":0},{"id":0,"meta":0},{"id":0,"meta":0},{"id":0,"meta":0},{"id":0,"meta":0},{"id":0,"meta":0},{"id":0,"meta":0},{"id":0,"meta":0},{"id":0,"meta":0},{"id":0,"meta":0},{"id":0,"meta":0},{"id":0,"meta":0},{"id":112,"meta":0},{"id":0,"meta":0}],[{"id":0,"meta":0},{"id":112,"meta":0},{"id":112,"meta":0},{"id":112,"meta":0},{"id":113,"meta":0},{"id":112,"meta":0},{"id":112,"meta":0},{"id":113,"meta":0},{"id":112,"meta":0},{"id":112,"meta":0},{"id":113,"meta":0},{"id":112,"meta":0},{"id":112,"meta":0},{"id":113,"meta":0},{"id":112,"meta":0},{"id":112,"meta":0},{"id":0,"meta":0}],[{"id":0,"meta":0},{"id":0,"meta":0},{"id":0,"meta":0},{"id":0,"meta":0},{"id":0,"meta":0},{"id":0,"meta":0},{"id":0,"meta":0},{"id":0,"meta":0},{"id":87,"meta":0},{"id":87,"meta":0},{"id":0,"meta":0},{"id":0,"meta":0},{"id":0,"meta":0},{"id":0,"meta":0},{"id":0,"meta":0},{"id":0,"meta":0},{"id":0,"meta":0}]],[[{"id":0,"meta":0},{"id":0,"meta":0},{"id":0,"meta":0},{"id":49,"meta":0},{"id":49,"meta":0},{"id":49,"meta":0},{"id":0,"meta":0},{"id":0,"meta":0},{"id":0,"meta":0},{"id":0,"meta":0},{"id":0,"meta":0},{"id":0,"meta":0},{"id":49,"meta":0},{"id":49,"meta":0},{"id":0,"meta":0},{"id":0,"meta":0},{"id":0,"meta":0}],[{"id":0,"meta":0},{"id":0,"meta":0},{"id":0,"meta":0},{"id":0,"meta":0},{"id":0,"meta":0},{"id":0,"meta":0},{"id":0,"meta":0},{"id":0,"meta":0},{"id":0,"meta":0},{"id":0,"meta":0},{"id":0,"meta":0},{"id":0,"meta":0},{"id":0,"meta":0},{"id":0,"meta":0},{"id":0,"meta":0},{"id":0,"meta":0},{"id":0,"meta":0}],[{"id":0,"meta":0},{"id":0,"meta":0},{"id":0,"meta":0},{"id":0,"meta":0},{"id":0,"meta":0},{"id":0,"meta":0},{"id":0,"meta":0},{"id":0,"meta":0},{"id":0,"meta":0},{"id":0,"meta":0},{"id":0,"meta":0},{"id":0,"meta":0},{"id":0,"meta":0},{"id":0,"meta":0},{"id":0,"meta":0},{"id":0,"meta":0},{"id":0,"meta":0}],[{"id":0,"meta":0},{"id":0,"meta":0},{"id":0,"meta":0},{"id":0,"meta":0},{"id":0,"meta":0},{"id":0,"meta":0},{"id":0,"meta":0},{"id":0,"meta":0},{"id":0,"meta":0},{"id":0,"meta":0},{"id":0,"meta":0},{"id":0,"meta":0},{"id":89,"meta":0},{"id":0,"meta":0},{"id":0,"meta":0},{"id":0,"meta":0},{"id":0,"meta":0}],[{"id":0,"meta":0},{"id":112,"meta":0},{"id":112,"meta":0},{"id":112,"meta":0},{"id":113,"meta":0},{"id":112,"meta":0},{"id":112,"meta":0},{"id":113,"meta":0},{"id":112,"meta":0},{"id":112,"meta":0},{"id":113,"meta":0},{"id":112,"meta":0},{"id":112,"meta":0},{"id":113,"meta":0},{"id":112,"meta":0},{"id":112,"meta":0},{"id":0,"meta":0}],[{"id":0,"meta":0},{"id":112,"meta":0},{"id":0,"meta":0},{"id":0,"meta":0},{"id":0,"meta":0},{"id":0,"meta":0},{"id":0,"meta":0},{"id":0,"meta":0},{"id":0,"meta":0},{"id":0,"meta":0},{"id":0,"meta":0},{"id":0,"meta":0},{"id":0,"meta":0},{"id":0,"meta":0},{"id":0,"meta":0},{"id":112,"meta":0},{"id":0,"meta":0}],[{"id":0,"meta":0},{"id":112,"meta":0},{"id":0,"meta":0},{"id":0,"meta":0},{"id":0,"meta":0},{"id":0,"meta":0},{"id":0,"meta":0},{"id":0,"meta":0},{"id":0,"meta":0},{"id":0,"meta":0},{"id":0,"meta":0},{"id":0,"meta":0},{"id":0,"meta":0},{"id":0,"meta":0},{"id":0,"meta":0},{"id":112,"meta":0},{"id":0,"meta":0}],[{"id":0,"meta":0},{"id":112,"meta":0},{"id":112,"meta":0},{"id":112,"meta":0},{"id":112,"meta":0},{"id":112,"meta":0},{"id":112,"meta":0},{"id":112,"meta":0},{"id":114,"meta":3},{"id":0,"meta":0},{"id":0,"meta":0},{"id":0,"meta":0},{"id":0,"meta":0},{"id":0,"meta":0},{"id":0,"meta":0},{"id":0,"meta":0},{"id":0,"meta":0}],[{"id":0,"meta":0},{"id":112,"meta":0},{"id":112,"meta":0},{"id":112,"meta":0},{"id":112,"meta":0},{"id":112,"meta":0},{"id":112,"meta":0},{"id":112,"meta":0},{"id":114,"meta":3},{"id":0,"meta":0},{"id":0,"meta":0},{"id":0,"meta":0},{"id":0,"meta":0},{"id":0,"meta":0},{"id":0,"meta":0},{"id":0,"meta":0},{"id":0,"meta":0}],[{"id":0,"meta":0},{"id":112,"meta":0},{"id":112,"meta":0},{"id":112,"meta":0},{"id":112,"meta":0},{"id":112,"meta":0},{"id":112,"meta":0},{"id":112,"meta":0},{"id":114,"meta":3},{"id":0,"meta":0},{"id":0,"meta":0},{"id":0,"meta":0},{"id":0,"meta":0},{"id":0,"meta":0},{"id":0,"meta":0},{"id":0,"meta":0},{"id":0,"meta":0}],[{"id":0,"meta":0},{"id":112,"meta":0},{"id":0,"meta":0},{"id":0,"meta":0},{"id":0,"meta":0},{"id":0,"meta":0},{"id":0,"meta":0},{"id":0,"meta":0},{"id":0,"meta":0},{"id":0,"meta":0},{"id":0,"meta":0},{"id":0,"meta":0},{"id":0,"meta":0},{"id":0,"meta":0},{"id":0,"meta":0},{"id":112,"meta":0},{"id":87,"meta":0}],[{"id":0,"meta":0},{"id":112,"meta":0},{"id":0,"meta":0},{"id":0,"meta":0},{"id":0,"meta":0},{"id":0,"meta":0},{"id":0,"meta":0},{"id":0,"meta":0},{"id":0,"meta":0},{"id":0,"meta":0},{"id":0,"meta":0},{"id":0,"meta":0},{"id":0,"meta":0},{"id":0,"meta":0},{"id":0,"meta":0},{"id":112,"meta":0},{"id":0,"meta":0}],[{"id":0,"meta":0},{"id":112,"meta":0},{"id":112,"meta":0},{"id":112,"meta":0},{"id":113,"meta":0},{"id":112,"meta":0},{"id":112,"meta":0},{"id":113,"meta":0},{"id":112,"meta":0},{"id":112,"meta":0},{"id":113,"meta":0},{"id":112,"meta":0},{"id":112,"meta":0},{"id":113,"meta":0},{"id":112,"meta":0},{"id":112,"meta":0},{"id":0,"meta":0}],[{"id":0,"meta":0},{"id":0,"meta":0},{"id":0,"meta":0},{"id":0,"meta":0},{"id":0,"meta":0},{"id":0,"meta":0},{"id":0,"meta":0},{"id":0,"meta":0},{"id":87,"meta":0},{"id":0,"meta":0},{"id":0,"meta":0},{"id":0,"meta":0},{"id":0,"meta":0},{"id":0,"meta":0},{"id":89,"meta":0},{"id":0,"meta":0},{"id":0,"meta":0}]],[[{"id":0,"meta":0},{"id":0,"meta":0},{"id":0,"meta":0},{"id":49,"meta":0},{"id":49,"meta":0},{"id":0,"meta":0},{"id":0,"meta":0},{"id":0,"meta":0},{"id":0,"meta":0},{"id":0,"meta":0},{"id":0,"meta":0},{"id":0,"meta":0},{"id":0,"meta":0},{"id":49,"meta":0},{"id":49,"meta":0},{"id":0,"meta":0},{"id":0,"meta":0}],[{"id":0,"meta":0},{"id":0,"meta":0},{"id":0,"meta":0},{"id":0,"meta":0},{"id":0,"meta":0},{"id":0,"meta":0},{"id":0,"meta":0},{"id":0,"meta":0},{"id":0,"meta":0},{"id":0,"meta":0},{"id":0,"meta":0},{"id":0,"meta":0},{"id":0,"meta":0},{"id":0,"meta":0},{"id":0,"meta":0},{"id":0,"meta":0},{"id":0,"meta":0}],[{"id":0,"meta":0},{"id":0,"meta":0},{"id":0,"meta":0},{"id":0,"meta":0},{"id":0,"meta":0},{"id":0,"meta":0},{"id":0,"meta":0},{"id":0,"meta":0},{"id":0,"meta":0},{"id":0,"meta":0},{"id":0,"meta":0},{"id":0,"meta":0},{"id":0,"meta":0},{"id":0,"meta":0},{"id":0,"meta":0},{"id":0,"meta":0},{"id":0,"meta":0}],[{"id":0,"meta":0},{"id":0,"meta":0},{"id":0,"meta":0},{"id":0,"meta":0},{"id":0,"meta":0},{"id":0,"meta":0},{"id":0,"meta":0},{"id":0,"meta":0},{"id":0,"meta":0},{"id":0,"meta":0},{"id":0,"meta":0},{"id":0,"meta":0},{"id":87,"meta":0},{"id":0,"meta":0},{"id":0,"meta":0},{"id":0,"meta":0},{"id":0,"meta":0}],[{"id":0,"meta":0},{"id":112,"meta":0},{"id":112,"meta":0},{"id":112,"meta":0},{"id":113,"meta":0},{"id":112,"meta":0},{"id":112,"meta":0},{"id":113,"meta":0},{"id":112,"meta":0},{"id":112,"meta":0},{"id":113,"meta":0},{"id":112,"meta":0},{"id":112,"meta":0},{"id":113,"meta":0},{"id":112,"meta":0},{"id":112,"meta":0},{"id":0,"meta":0}],[{"id":0,"meta":0},{"id":112,"meta":0},{"id":0,"meta":0},{"id":0,"meta":0},{"id":0,"meta":0},{"id":0,"meta":0},{"id":0,"meta":0},{"id":0,"meta":0},{"id":0,"meta":0},{"id":0,"meta":0},{"id":0,"meta":0},{"id":0,"meta":0},{"id":0,"meta":0},{"id":0,"meta":0},{"id":0,"meta":0},{"id":112,"meta":0},{"id":0,"meta":0}],[{"id":0,"meta":0},{"id":112,"meta":0},{"id":0,"meta":0},{"id":0,"meta":0},{"id":0,"meta":0},{"id":0,"meta":0},{"id":0,"meta":0},{"id":0,"meta":0},{"id":0,"meta":0},{"id":0,"meta":0},{"id":0,"meta":0},{"id":0,"meta":0},{"id":0,"meta":0},{"id":0,"meta":0},{"id":0,"meta":0},{"id":112,"meta":0},{"id":0,"meta":0}],[{"id":0,"meta":0},{"id":112,"meta":0},{"id":112,"meta":0},{"id":112,"meta":0},{"id":112,"meta":0},{"id":112,"meta":0},{"id":112,"meta":0},{"id":114,"meta":3},{"id":0,"meta":0},{"id":0,"meta":0},{"id":0,"meta":0},{"id":0,"meta":0},{"id":0,"meta":0},{"id":0,"meta":0},{"id":0,"meta":0},{"id":112,"meta":0},{"id":0,"meta":0}],[{"id":0,"meta":0},{"id":112,"meta":0},{"id":112,"meta":0},{"id":112,"meta":0},{"id":112,"meta":0},{"id":112,"meta":0},{"id":112,"meta":0},{"id":114,"meta":3},{"id":0,"meta":0},{"id":0,"meta":0},{"id":0,"meta":0},{"id":0,"meta":0},{"id":0,"meta":0},{"id":0,"meta":0},{"id":0,"meta":0},{"id":112,"meta":0},{"id":0,"meta":0}],[{"id":0,"meta":0},{"id":112,"meta":0},{"id":112,"meta":0},{"id":112,"meta":0},{"id":112,"meta":0},{"id":112,"meta":0},{"id":112,"meta":0},{"id":114,"meta":3},{"id":0,"meta":0},{"id":0,"meta":0},{"id":0,"meta":0},{"id":0,"meta":0},{"id":0,"meta":0},{"id":0,"meta":0},{"id":0,"meta":0},{"id":112,"meta":0},{"id":0,"meta":0}],[{"id":0,"meta":0},{"id":112,"meta":0},{"id":0,"meta":0},{"id":0,"meta":0},{"id":0,"meta":0},{"id":0,"meta":0},{"id":0,"meta":0},{"id":0,"meta":0},{"id":0,"meta":0},{"id":0,"meta":0},{"id":0,"meta":0},{"id":0,"meta":0},{"id":0,"meta":0},{"id":0,"meta":0},{"id":0,"meta":0},{"id":112,"meta":0},{"id":87,"meta":0}],[{"id":0,"meta":0},{"id":112,"meta":0},{"id":0,"meta":0},{"id":0,"meta":0},{"id":0,"meta":0},{"id":0,"meta":0},{"id":0,"meta":0},{"id":0,"meta":0},{"id":0,"meta":0},{"id":0,"meta":0},{"id":0,"meta":0},{"id":0,"meta":0},{"id":0,"meta":0},{"id":0,"meta":0},{"id":0,"meta":0},{"id":112,"meta":0},{"id":0,"meta":0}],[{"id":0,"meta":0},{"id":112,"meta":0},{"id":112,"meta":0},{"id":112,"meta":0},{"id":113,"meta":0},{"id":112,"meta":0},{"id":112,"meta":0},{"id":113,"meta":0},{"id":112,"meta":0},{"id":112,"meta":0},{"id":113,"meta":0},{"id":112,"meta":0},{"id":112,"meta":0},{"id":113,"meta":0},{"id":112,"meta":0},{"id":112,"meta":0},{"id":0,"meta":0}],[{"id":0,"meta":0},{"id":0,"meta":0},{"id":0,"meta":0},{"id":0,"meta":0},{"id":0,"meta":0},{"id":0,"meta":0},{"id":0,"meta":0},{"id":0,"meta":0},{"id":89,"meta":0},{"id":0,"meta":0},{"id":0,"meta":0},{"id":0,"meta":0},{"id":0,"meta":0},{"id":0,"meta":0},{"id":87,"meta":0},{"id":0,"meta":0},{"id":0,"meta":0}]],[[{"id":0,"meta":0},{"id":0,"meta":0},{"id":0,"meta":0},{"id":49,"meta":0},{"id":0,"meta":0},{"id":0,"meta":0},{"id":0,"meta":0},{"id":0,"meta":0},{"id":0,"meta":0},{"id":0,"meta":0},{"id":0,"meta":0},{"id":0,"meta":0},{"id":0,"meta":0},{"id":0,"meta":0},{"id":49,"meta":0},{"id":49,"meta":0},{"id":0,"meta":0}],[{"id":0,"meta":0},{"id":0,"meta":0},{"id":0,"meta":0},{"id":0,"meta":0},{"id":0,"meta":0},{"id":0,"meta":0},{"id":0,"meta":0},{"id":0,"meta":0},{"id":0,"meta":0},{"id":0,"meta":0},{"id":0,"meta":0},{"id":0,"meta":0},{"id":0,"meta":0},{"id":0,"meta":0},{"id":0,"meta":0},{"id":0,"meta":0},{"id":0,"meta":0}],[{"id":0,"meta":0},{"id":0,"meta":0},{"id":0,"meta":0},{"id":0,"meta":0},{"id":0,"meta":0},{"id":0,"meta":0},{"id":0,"meta":0},{"id":0,"meta":0},{"id":0,"meta":0},{"id":0,"meta":0},{"id":0,"meta":0},{"id":0,"meta":0},{"id":0,"meta":0},{"id":0,"meta":0},{"id":0,"meta":0},{"id":0,"meta":0},{"id":0,"meta":0}],[{"id":0,"meta":0},{"id":0,"meta":0},{"id":0,"meta":0},{"id":0,"meta":0},{"id":0,"meta":0},{"id":0,"meta":0},{"id":0,"meta":0},{"id":0,"meta":0},{"id":0,"meta":0},{"id":0,"meta":0},{"id":0,"meta":0},{"id":0,"meta":0},{"id":87,"meta":0},{"id":0,"meta":0},{"id":0,"meta":0},{"id":0,"meta":0},{"id":0,"meta":0}],[{"id":0,"meta":0},{"id":112,"meta":0},{"id":112,"meta":0},{"id":112,"meta":0},{"id":112,"meta":0},{"id":112,"meta":0},{"id":112,"meta":0},{"id":112,"meta":0},{"id":112,"meta":0},{"id":112,"meta":0},{"id":112,"meta":0},{"id":112,"meta":0},{"id":112,"meta":0},{"id":112,"meta":0},{"id":112,"meta":0},{"id":112,"meta":0},{"id":0,"meta":0}],[{"id":0,"meta":0},{"id":112,"meta":0},{"id":112,"meta":0},{"id":112,"meta":0},{"id":112,"meta":0},{"id":112,"meta":0},{"id":112,"meta":0},{"id":112,"meta":0},{"id":112,"meta":0},{"id":112,"meta":0},{"id":112,"meta":0},{"id":112,"meta":0},{"id":112,"meta":0},{"id":112,"meta":0},{"id":112,"meta":0},{"id":112,"meta":0},{"id":0,"meta":0}],[{"id":0,"meta":0},{"id":112,"meta":0},{"id":112,"meta":0},{"id":112,"meta":0},{"id":112,"meta":0},{"id":112,"meta":0},{"id":112,"meta":0},{"id":112,"meta":0},{"id":112,"meta":0},{"id":112,"meta":0},{"id":112,"meta":0},{"id":112,"meta":0},{"id":112,"meta":0},{"id":112,"meta":0},{"id":112,"meta":0},{"id":112,"meta":0},{"id":0,"meta":0}],[{"id":0,"meta":0},{"id":112,"meta":0},{"id":112,"meta":0},{"id":112,"meta":0},{"id":112,"meta":0},{"id":112,"meta":0},{"id":114,"meta":3},{"id":0,"meta":0},{"id":0,"meta":0},{"id":0,"meta":0},{"id":112,"meta":0},{"id":112,"meta":0},{"id":112,"meta":0},{"id":112,"meta":0},{"id":112,"meta":0},{"id":112,"meta":0},{"id":0,"meta":0}],[{"id":0,"meta":0},{"id":112,"meta":0},{"id":112,"meta":0},{"id":112,"meta":0},{"id":112,"meta":0},{"id":112,"meta":0},{"id":114,"meta":3},{"id":0,"meta":0},{"id":0,"meta":0},{"id":0,"meta":0},{"id":112,"meta":0},{"id":112,"meta":0},{"id":112,"meta":0},{"id":112,"meta":0},{"id":112,"meta":0},{"id":112,"meta":0},{"id":0,"meta":0}],[{"id":0,"meta":0},{"id":112,"meta":0},{"id":112,"meta":0},{"id":112,"meta":0},{"id":112,"meta":0},{"id":112,"meta":0},{"id":114,"meta":3},{"id":0,"meta":0},{"id":0,"meta":0},{"id":0,"meta":0},{"id":112,"meta":0},{"id":112,"meta":0},{"id":112,"meta":0},{"id":112,"meta":0},{"id":112,"meta":0},{"id":112,"meta":0},{"id":0,"meta":0}],[{"id":0,"meta":0},{"id":112,"meta":0},{"id":112,"meta":0},{"id":112,"meta":0},{"id":112,"meta":0},{"id":112,"meta":0},{"id":112,"meta":0},{"id":112,"meta":0},{"id":112,"meta":0},{"id":112,"meta":0},{"id":112,"meta":0},{"id":112,"meta":0},{"id":112,"meta":0},{"id":112,"meta":0},{"id":112,"meta":0},{"id":112,"meta":0},{"id":87,"meta":0}],[{"id":0,"meta":0},{"id":112,"meta":0},{"id":112,"meta":0},{"id":112,"meta":0},{"id":112,"meta":0},{"id":112,"meta":0},{"id":112,"meta":0},{"id":112,"meta":0},{"id":112,"meta":0},{"id":112,"meta":0},{"id":112,"meta":0},{"id":112,"meta":0},{"id":112,"meta":0},{"id":112,"meta":0},{"id":112,"meta":0},{"id":112,"meta":0},{"id":0,"meta":0}],[{"id":0,"meta":0},{"id":112,"meta":0},{"id":112,"meta":0},{"id":112,"meta":0},{"id":112,"meta":0},{"id":112,"meta":0},{"id":112,"meta":0},{"id":112,"meta":0},{"id":112,"meta":0},{"id":112,"meta":0},{"id":112,"meta":0},{"id":112,"meta":0},{"id":112,"meta":0},{"id":112,"meta":0},{"id":112,"meta":0},{"id":112,"meta":0},{"id":0,"meta":0}],[{"id":0,"meta":0},{"id":0,"meta":0},{"id":0,"meta":0},{"id":0,"meta":0},{"id":0,"meta":0},{"id":0,"meta":0},{"id":0,"meta":0},{"id":0,"meta":0},{"id":0,"meta":0},{"id":0,"meta":0},{"id":0,"meta":0},{"id":0,"meta":0},{"id":0,"meta":0},{"id":0,"meta":0},{"id":87,"meta":0},{"id":0,"meta":0},{"id":0,"meta":0}]],[[{"id":0,"meta":0},{"id":0,"meta":0},{"id":0,"meta":0},{"id":49,"meta":0},{"id":49,"meta":0},{"id":0,"meta":0},{"id":0,"meta":0},{"id":0,"meta":0},{"id":0,"meta":0},{"id":0,"meta":0},{"id":0,"meta":0},{"id":0,"meta":0},{"id":0,"meta":0},{"id":0,"meta":0},{"id":0,"meta":0},{"id":49,"meta":0},{"id":0,"meta":0}],[{"id":0,"meta":0},{"id":0,"meta":0},{"id":0,"meta":0},{"id":0,"meta":0},{"id":0,"meta":0},{"id":0,"meta":0},{"id":0,"meta":0},{"id":0,"meta":0},{"id":0,"meta":0},{"id":0,"meta":0},{"id":0,"meta":0},{"id":0,"meta":0},{"id":0,"meta":0},{"id":0,"meta":0},{"id":0,"meta":0},{"id":0,"meta":0},{"id":0,"meta":0}],[{"id":0,"meta":0},{"id":0,"meta":0},{"id":0,"meta":0},{"id":0,"meta":0},{"id":0,"meta":0},{"id":0,"meta":0},{"id":0,"meta":0},{"id":0,"meta":0},{"id":0,"meta":0},{"id":0,"meta":0},{"id":0,"meta":0},{"id":0,"meta":0},{"id":0,"meta":0},{"id":0,"meta":0},{"id":0,"meta":0},{"id":0,"meta":0},{"id":0,"meta":0}],[{"id":0,"meta":0},{"id":0,"meta":0},{"id":0,"meta":0},{"id":0,"meta":0},{"id":0,"meta":0},{"id":0,"meta":0},{"id":0,"meta":0},{"id":0,"meta":0},{"id":0,"meta":0},{"id":0,"meta":0},{"id":0,"meta":0},{"id":0,"meta":0},{"id":87,"meta":0},{"id":0,"meta":0},{"id":0,"meta":0},{"id":0,"meta":0},{"id":0,"meta":0}],[{"id":0,"meta":0},{"id":112,"meta":0},{"id":112,"meta":0},{"id":112,"meta":0},{"id":112,"meta":0},{"id":112,"meta":0},{"id":112,"meta":0},{"id":112,"meta":0},{"id":112,"meta":0},{"id":112,"meta":0},{"id":112,"meta":0},{"id":112,"meta":0},{"id":112,"meta":0},{"id":112,"meta":0},{"id":112,"meta":0},{"id":112,"meta":0},{"id":0,"meta":0}],[{"id":0,"meta":0},{"id":112,"meta":0},{"id":0,"meta":0},{"id":0,"meta":0},{"id":0,"meta":0},{"id":0,"meta":0},{"id":113,"meta":0},{"id":11,"meta":6},{"id":11,"meta":4},{"id":11,"meta":2},{"id":11,"meta":12},{"id":87,"meta":0},{"id":87,"meta":0},{"id":153,"meta":0},{"id":87,"meta":0},{"id":112,"meta":0},{"id":114,"meta":7}],[{"id":0,"meta":0},{"id":112,"meta":0},{"id":44,"meta":7},{"id":44,"meta":7},{"id":0,"meta":0},{"id":0,"meta":0},{"id":113,"meta":0},{"id":113,"meta":0},{"id":113,"meta":0},{"id":113,"meta":0},{"id":113,"meta":0},{"id":87,"meta":0},{"id":153,"meta":0},{"id":153,"meta":0},{"id":153,"meta":0},{"id":112,"meta":0},{"id":114,"meta":7}],[{"id":0,"meta":0},{"id":112,"meta":0},{"id":50,"meta":2},{"id":144,"meta":1},{"id":0,"meta":0},{"id":0,"meta":0},{"id":0,"meta":0},{"id":0,"meta":0},{"id":0,"meta":0},{"id":0,"meta":0},{"id":113,"meta":0},{"id":87,"meta":0},{"id":87,"meta":0},{"id":87,"meta":0},{"id":87,"meta":0},{"id":112,"meta":0},{"id":114,"meta":7}],[{"id":0,"meta":0},{"id":112,"meta":0},{"id":88,"meta":0},{"id":114,"meta":3},{"id":0,"meta":0},{"id":0,"meta":0},{"id":0,"meta":0},{"id":0,"meta":0},{"id":0,"meta":0},{"id":0,"meta":0},{"id":113,"meta":0},{"id":87,"meta":0},{"id":87,"meta":0},{"id":89,"meta":0},{"id":87,"meta":0},{"id":112,"meta":0},{"id":114,"meta":7}],[{"id":0,"meta":0},{"id":112,"meta":0},{"id":50,"meta":1},{"id":44,"meta":7},{"id":0,"meta":0},{"id":0,"meta":0},{"id":0,"meta":0},{"id":0,"meta":0},{"id":0,"meta":0},{"id":0,"meta":0},{"id":113,"meta":0},{"id":11,"meta":12},{"id":87,"meta":0},{"id":89,"meta":0},{"id":89,"meta":0},{"id":112,"meta":0},{"id":114,"meta":7}],[{"id":0,"meta":0},{"id":112,"meta":0},{"id":144,"meta":1},{"id":44,"meta":7},{"id":0,"meta":0},{"id":0,"meta":0},{"id":0,"meta":0},{"id":113,"meta":0},{"id":113,"meta":0},{"id":113,"meta":0},{"id":113,"meta":0},{"id":113,"meta":0},{"id":87,"meta":0},{"id":87,"meta":0},{"id":87,"meta":0},{"id":112,"meta":0},{"id":87,"meta":0}],[{"id":0,"meta":0},{"id":112,"meta":0},{"id":0,"meta":0},{"id":0,"meta":0},{"id":0,"meta":0},{"id":0,"meta":0},{"id":0,"meta":0},{"id":0,"meta":0},{"id":0,"meta":0},{"id":0,"meta":0},{"id":0,"meta":0},{"id":0,"meta":0},{"id":0,"meta":0},{"id":87,"meta":0},{"id":87,"meta":0},{"id":112,"meta":0},{"id":0,"meta":0}],[{"id":0,"meta":0},{"id":112,"meta":0},{"id":112,"meta":0},{"id":112,"meta":0},{"id":112,"meta":0},{"id":112,"meta":0},{"id":112,"meta":0},{"id":112,"meta":0},{"id":112,"meta":0},{"id":112,"meta":0},{"id":112,"meta":0},{"id":112,"meta":0},{"id":112,"meta":0},{"id":112,"meta":0},{"id":87,"meta":0},{"id":112,"meta":0},{"id":0,"meta":0}],[{"id":0,"meta":0},{"id":0,"meta":0},{"id":0,"meta":0},{"id":0,"meta":0},{"id":0,"meta":0},{"id":0,"meta":0},{"id":0,"meta":0},{"id":0,"meta":0},{"id":0,"meta":0},{"id":0,"meta":0},{"id":0,"meta":0},{"id":0,"meta":0},{"id":0,"meta":0},{"id":0,"meta":0},{"id":87,"meta":0},{"id":0,"meta":0},{"id":0,"meta":0}]],[[{"id":0,"meta":0},{"id":0,"meta":0},{"id":0,"meta":0},{"id":49,"meta":0},{"id":49,"meta":0},{"id":49,"meta":0},{"id":0,"meta":0},{"id":0,"meta":0},{"id":0,"meta":0},{"id":0,"meta":0},{"id":0,"meta":0},{"id":0,"meta":0},{"id":0,"meta":0},{"id":0,"meta":0},{"id":49,"meta":0},{"id":49,"meta":0},{"id":0,"meta":0}],[{"id":0,"meta":0},{"id":0,"meta":0},{"id":0,"meta":0},{"id":0,"meta":0},{"id":0,"meta":0},{"id":0,"meta":0},{"id":0,"meta":0},{"id":0,"meta":0},{"id":0,"meta":0},{"id":0,"meta":0},{"id":0,"meta":0},{"id":0,"meta":0},{"id":0,"meta":0},{"id":0,"meta":0},{"id":0,"meta":0},{"id":0,"meta":0},{"id":0,"meta":0}],[{"id":0,"meta":0},{"id":0,"meta":0},{"id":0,"meta":0},{"id":0,"meta":0},{"id":0,"meta":0},{"id":0,"meta":0},{"id":0,"meta":0},{"id":0,"meta":0},{"id":0,"meta":0},{"id":0,"meta":0},{"id":0,"meta":0},{"id":0,"meta":0},{"id":0,"meta":0},{"id":0,"meta":0},{"id":0,"meta":0},{"id":0,"meta":0},{"id":0,"meta":0}],[{"id":0,"meta":0},{"id":0,"meta":0},{"id":0,"meta":0},{"id":0,"meta":0},{"id":0,"meta":0},{"id":0,"meta":0},{"id":0,"meta":0},{"id":0,"meta":0},{"id":0,"meta":0},{"id":0,"meta":0},{"id":0,"meta":0},{"id":0,"meta":0},{"id":87,"meta":0},{"id":0,"meta":0},{"id":0,"meta":0},{"id":0,"meta":0},{"id":0,"meta":0}],[{"id":0,"meta":0},{"id":44,"meta":7},{"id":44,"meta":7},{"id":44,"meta":7},{"id":44,"meta":7},{"id":44,"meta":7},{"id":44,"meta":7},{"id":44,"meta":7},{"id":44,"meta":7},{"id":44,"meta":7},{"id":44,"meta":7},{"id":44,"meta":7},{"id":87,"meta":0},{"id":44,"meta":7},{"id":44,"meta":7},{"id":44,"meta":7},{"id":0,"meta":0}],[{"id":0,"meta":0},{"id":44,"meta":7},{"id":0,"meta":0},{"id":0,"meta":0},{"id":0,"meta":0},{"id":0,"meta":0},{"id":0,"meta":0},{"id":0,"meta":0},{"id":0,"meta":0},{"id":0,"meta":0},{"id":11,"meta":4},{"id":11,"meta":2},{"id":153,"meta":0},{"id":87,"meta":0},{"id":87,"meta":0},{"id":114,"meta":0},{"id":112,"meta":0}],[{"id":0,"meta":0},{"id":44,"meta":7},{"id":50,"meta":2},{"id":0,"meta":0},{"id":0,"meta":0},{"id":0,"meta":0},{"id":0,"meta":0},{"id":0,"meta":0},{"id":0,"meta":0},{"id":0,"meta":0},{"id":113,"meta":0},{"id":11,"meta":10},{"id":153,"meta":0},{"id":153,"meta":0},{"id":153,"meta":0},{"id":87,"meta":0},{"id":112,"meta":0}],[{"id":0,"meta":0},{"id":44,"meta":7},{"id":88,"meta":0},{"id":50,"meta":3},{"id":0,"meta":0},{"id":0,"meta":0},{"id":0,"meta":0},{"id":0,"meta":0},{"id":0,"meta":0},{"id":0,"meta":0},{"id":113,"meta":0},{"id":11,"meta":10},{"id":153,"meta":0},{"id":89,"meta":0},{"id":87,"meta":0},{"id":87,"meta":0},{"id":112,"meta":0}],[{"id":0,"meta":0},{"id":44,"meta":7},{"id":88,"meta":0},{"id":50,"meta":3},{"id":0,"meta":0},{"id":0,"meta":0},{"id":0,"meta":0},{"id":0,"meta":0},{"id":0,"meta":0},{"id":0,"meta":0},{"id":113,"meta":0},{"id":11,"meta":10},{"id":87,"meta":0},{"id":89,"meta":0},{"id":89,"meta":0},{"id":87,"meta":0},{"id":112,"meta":0}],[{"id":0,"meta":0},{"id":44,"meta":7},{"id":88,"meta":0},{"id":50,"meta":3},{"id":0,"meta":0},{"id":0,"meta":0},{"id":0,"meta":0},{"id":0,"meta":0},{"id":0,"meta":0},{"id":0,"meta":0},{"id":0,"meta":0},{"id":11,"meta":12},{"id":89,"meta":0},{"id":89,"meta":0},{"id":89,"meta":0},{"id":87,"meta":0},{"id":112,"meta":0}],[{"id":0,"meta":0},{"id":44,"meta":7},{"id":50,"meta":1},{"id":0,"meta":0},{"id":0,"meta":0},{"id":0,"meta":0},{"id":0,"meta":0},{"id":0,"meta":0},{"id":0,"meta":0},{"id":0,"meta":0},{"id":0,"meta":0},{"id":113,"meta":0},{"id":0,"meta":0},{"id":89,"meta":0},{"id":87,"meta":0},{"id":87,"meta":0},{"id":87,"meta":0}],[{"id":0,"meta":0},{"id":44,"meta":7},{"id":0,"meta":0},{"id":0,"meta":0},{"id":0,"meta":0},{"id":0,"meta":0},{"id":0,"meta":0},{"id":0,"meta":0},{"id":0,"meta":0},{"id":0,"meta":0},{"id":0,"meta":0},{"id":0,"meta":0},{"id":0,"meta":0},{"id":0,"meta":0},{"id":0,"meta":0},{"id":44,"meta":7},{"id":0,"meta":0}],[{"id":0,"meta":0},{"id":44,"meta":7},{"id":44,"meta":7},{"id":44,"meta":7},{"id":44,"meta":7},{"id":44,"meta":7},{"id":44,"meta":7},{"id":44,"meta":7},{"id":44,"meta":7},{"id":44,"meta":7},{"id":44,"meta":7},{"id":44,"meta":7},{"id":44,"meta":7},{"id":44,"meta":7},{"id":0,"meta":0},{"id":44,"meta":7},{"id":0,"meta":0}],[{"id":0,"meta":0},{"id":0,"meta":0},{"id":0,"meta":0},{"id":0,"meta":0},{"id":0,"meta":0},{"id":0,"meta":0},{"id":0,"meta":0},{"id":0,"meta":0},{"id":0,"meta":0},{"id":0,"meta":0},{"id":0,"meta":0},{"id":0,"meta":0},{"id":0,"meta":0},{"id":0,"meta":0},{"id":0,"meta":0},{"id":0,"meta":0},{"id":0,"meta":0}]],[[{"id":0,"meta":0},{"id":0,"meta":0},{"id":0,"meta":0},{"id":49,"meta":0},{"id":0,"meta":0},{"id":49,"meta":0},{"id":49,"meta":0},{"id":0,"meta":0},{"id":0,"meta":0},{"id":0,"meta":0},{"id":0,"meta":0},{"id":0,"meta":0},{"id":0,"meta":0},{"id":0,"meta":0},{"id":49,"meta":0},{"id":0,"meta":0},{"id":0,"meta":0}],[{"id":0,"meta":0},{"id":0,"meta":0},{"id":0,"meta":0},{"id":0,"meta":0},{"id":0,"meta":0},{"id":0,"meta":0},{"id":0,"meta":0},{"id":0,"meta":0},{"id":0,"meta":0},{"id":0,"meta":0},{"id":0,"meta":0},{"id":0,"meta":0},{"id":0,"meta":0},{"id":0,"meta":0},{"id":0,"meta":0},{"id":0,"meta":0},{"id":0,"meta":0}],[{"id":0,"meta":0},{"id":0,"meta":0},{"id":0,"meta":0},{"id":0,"meta":0},{"id":0,"meta":0},{"id":0,"meta":0},{"id":0,"meta":0},{"id":0,"meta":0},{"id":0,"meta":0},{"id":0,"meta":0},{"id":0,"meta":0},{"id":0,"meta":0},{"id":0,"meta":0},{"id":0,"meta":0},{"id":0,"meta":0},{"id":0,"meta":0},{"id":0,"meta":0}],[{"id":0,"meta":0},{"id":0,"meta":0},{"id":0,"meta":0},{"id":0,"meta":0},{"id":0,"meta":0},{"id":0,"meta":0},{"id":0,"meta":0},{"id":0,"meta":0},{"id":0,"meta":0},{"id":0,"meta":0},{"id":0,"meta":0},{"id":0,"meta":0},{"id":0,"meta":0},{"id":0,"meta":0},{"id":0,"meta":0},{"id":0,"meta":0},{"id":0,"meta":0}],[{"id":0,"meta":0},{"id":0,"meta":0},{"id":0,"meta":0},{"id":0,"meta":0},{"id":0,"meta":0},{"id":0,"meta":0},{"id":0,"meta":0},{"id":0,"meta":0},{"id":0,"meta":0},{"id":0,"meta":0},{"id":0,"meta":0},{"id":0,"meta":0},{"id":0,"meta":0},{"id":0,"meta":0},{"id":0,"meta":0},{"id":0,"meta":0},{"id":0,"meta":0}],[{"id":0,"meta":0},{"id":0,"meta":0},{"id":0,"meta":0},{"id":0,"meta":0},{"id":0,"meta":0},{"id":0,"meta":0},{"id":0,"meta":0},{"id":0,"meta":0},{"id":0,"meta":0},{"id":0,"meta":0},{"id":0,"meta":0},{"id":0,"meta":0},{"id":0,"meta":0},{"id":87,"meta":0},{"id":87,"meta":0},{"id":0,"meta":0},{"id":114,"meta":0}],[{"id":0,"meta":0},{"id":0,"meta":0},{"id":0,"meta":0},{"id":0,"meta":0},{"id":0,"meta":0},{"id":0,"meta":0},{"id":0,"meta":0},{"id":0,"meta":0},{"id":0,"meta":0},{"id":0,"meta":0},{"id":0,"meta":0},{"id":11,"meta":2},{"id":11,"meta":14},{"id":87,"meta":0},{"id":87,"meta":0},{"id":87,"meta":0},{"id":114,"meta":3}],[{"id":0,"meta":0},{"id":0,"meta":0},{"id":0,"meta":0},{"id":0,"meta":0},{"id":0,"meta":0},{"id":0,"meta":0},{"id":0,"meta":0},{"id":0,"meta":0},{"id":0,"meta":0},{"id":0,"meta":0},{"id":0,"meta":0},{"id":11,"meta":2},{"id":11,"meta":12},{"id":87,"meta":0},{"id":87,"meta":0},{"id":87,"meta":0},{"id":114,"meta":3}],[{"id":0,"meta":0},{"id":0,"meta":0},{"id":144,"meta":1},{"id":0,"meta":0},{"id":0,"meta":0},{"id":0,"meta":0},{"id":0,"meta":0},{"id":0,"meta":0},{"id":0,"meta":0},{"id":0,"meta":0},{"id":0,"meta":0},{"id":11,"meta":2},{"id":11,"meta":14},{"id":87,"meta":0},{"id":87,"meta":0},{"id":87,"meta":0},{"id":114,"meta":3}],[{"id":0,"meta":0},{"id":0,"meta":0},{"id":0,"meta":0},{"id":0,"meta":0},{"id":0,"meta":0},{"id":0,"meta":0},{"id":0,"meta":0},{"id":0,"meta":0},{"id":0,"meta":0},{"id":0,"meta":0},{"id":0,"meta":0},{"id":11,"meta":4},{"id":0,"meta":0},{"id":89,"meta":0},{"id":87,"meta":0},{"id":87,"meta":0},{"id":114,"meta":1}],[{"id":0,"meta":0},{"id":0,"meta":0},{"id":0,"meta":0},{"id":0,"meta":0},{"id":0,"meta":0},{"id":0,"meta":0},{"id":0,"meta":0},{"id":0,"meta":0},{"id":0,"meta":0},{"id":0,"meta":0},{"id":0,"meta":0},{"id":0,"meta":0},{"id":0,"meta":0},{"id":0,"meta":0},{"id":0,"meta":0},{"id":0,"meta":0},{"id":0,"meta":0}],[{"id":0,"meta":0},{"id":0,"meta":0},{"id":0,"meta":0},{"id":0,"meta":0},{"id":0,"meta":0},{"id":0,"meta":0},{"id":0,"meta":0},{"id":0,"meta":0},{"id":0,"meta":0},{"id":0,"meta":0},{"id":0,"meta":0},{"id":0,"meta":0},{"id":0,"meta":0},{"id":0,"meta":0},{"id":0,"meta":0},{"id":0,"meta":0},{"id":0,"meta":0}],[{"id":0,"meta":0},{"id":0,"meta":0},{"id":0,"meta":0},{"id":0,"meta":0},{"id":0,"meta":0},{"id":0,"meta":0},{"id":0,"meta":0},{"id":0,"meta":0},{"id":0,"meta":0},{"id":0,"meta":0},{"id":0,"meta":0},{"id":0,"meta":0},{"id":0,"meta":0},{"id":0,"meta":0},{"id":0,"meta":0},{"id":0,"meta":0},{"id":0,"meta":0}],[{"id":0,"meta":0},{"id":0,"meta":0},{"id":0,"meta":0},{"id":0,"meta":0},{"id":0,"meta":0},{"id":0,"meta":0},{"id":0,"meta":0},{"id":0,"meta":0},{"id":0,"meta":0},{"id":0,"meta":0},{"id":0,"meta":0},{"id":0,"meta":0},{"id":0,"meta":0},{"id":0,"meta":0},{"id":0,"meta":0},{"id":0,"meta":0},{"id":0,"meta":0}]],[[{"id":0,"meta":0},{"id":0,"meta":0},{"id":0,"meta":0},{"id":49,"meta":0},{"id":0,"meta":0},{"id":0,"meta":0},{"id":49,"meta":0},{"id":49,"meta":0},{"id":0,"meta":0},{"id":0,"meta":0},{"id":0,"meta":0},{"id":0,"meta":0},{"id":0,"meta":0},{"id":49,"meta":0},{"id":49,"meta":0},{"id":0,"meta":0},{"id":0,"meta":0}],[{"id":0,"meta":0},{"id":0,"meta":0},{"id":0,"meta":0},{"id":0,"meta":0},{"id":0,"meta":0},{"id":0,"meta":0},{"id":0,"meta":0},{"id":0,"meta":0},{"id":0,"meta":0},{"id":0,"meta":0},{"id":0,"meta":0},{"id":0,"meta":0},{"id":0,"meta":0},{"id":0,"meta":0},{"id":0,"meta":0},{"id":0,"meta":0},{"id":0,"meta":0}],[{"id":0,"meta":0},{"id":0,"meta":0},{"id":0,"meta":0},{"id":0,"meta":0},{"id":0,"meta":0},{"id":0,"meta":0},{"id":0,"meta":0},{"id":0,"meta":0},{"id":0,"meta":0},{"id":0,"meta":0},{"id":0,"meta":0},{"id":0,"meta":0},{"id":0,"meta":0},{"id":0,"meta":0},{"id":0,"meta":0},{"id":0,"meta":0},{"id":0,"meta":0}],[{"id":0,"meta":0},{"id":0,"meta":0},{"id":0,"meta":0},{"id":0,"meta":0},{"id":0,"meta":0},{"id":0,"meta":0},{"id":0,"meta":0},{"id":0,"meta":0},{"id":0,"meta":0},{"id":0,"meta":0},{"id":0,"meta":0},{"id":0,"meta":0},{"id":0,"meta":0},{"id":0,"meta":0},{"id":0,"meta":0},{"id":0,"meta":0},{"id":0,"meta":0}],[{"id":0,"meta":0},{"id":0,"meta":0},{"id":0,"meta":0},{"id":0,"meta":0},{"id":0,"meta":0},{"id":0,"meta":0},{"id":0,"meta":0},{"id":0,"meta":0},{"id":0,"meta":0},{"id":0,"meta":0},{"id":0,"meta":0},{"id":0,"meta":0},{"id":0,"meta":0},{"id":0,"meta":0},{"id":0,"meta":0},{"id":0,"meta":0},{"id":0,"meta":0}],[{"id":0,"meta":0},{"id":0,"meta":0},{"id":0,"meta":0},{"id":0,"meta":0},{"id":0,"meta":0},{"id":0,"meta":0},{"id":0,"meta":0},{"id":0,"meta":0},{"id":0,"meta":0},{"id":0,"meta":0},{"id":0,"meta":0},{"id":0,"meta":0},{"id":0,"meta":0},{"id":0,"meta":0},{"id":0,"meta":0},{"id":0,"meta":0},{"id":0,"meta":0}],[{"id":0,"meta":0},{"id":0,"meta":0},{"id":0,"meta":0},{"id":0,"meta":0},{"id":0,"meta":0},{"id":0,"meta":0},{"id":0,"meta":0},{"id":0,"meta":0},{"id":0,"meta":0},{"id":0,"meta":0},{"id":0,"meta":0},{"id":0,"meta":0},{"id":11,"meta":6},{"id":11,"meta":4},{"id":87,"meta":0},{"id":0,"meta":0},{"id":0,"meta":0}],[{"id":0,"meta":0},{"id":0,"meta":0},{"id":0,"meta":0},{"id":0,"meta":0},{"id":0,"meta":0},{"id":0,"meta":0},{"id":0,"meta":0},{"id":0,"meta":0},{"id":0,"meta":0},{"id":0,"meta":0},{"id":0,"meta":0},{"id":0,"meta":0},{"id":11,"meta":4},{"id":11,"meta":2},{"id":11,"meta":0},{"id":87,"meta":0},{"id":0,"meta":0}],[{"id":0,"meta":0},{"id":0,"meta":0},{"id":0,"meta":0},{"id":0,"meta":0},{"id":0,"meta":0},{"id":0,"meta":0},{"id":0,"meta":0},{"id":0,"meta":0},{"id":0,"meta":0},{"id":0,"meta":0},{"id":0,"meta":0},{"id":0,"meta":0},{"id":11,"meta":6},{"id":11,"meta":4},{"id":87,"meta":0},{"id":0,"meta":0},{"id":0,"meta":0}],[{"id":0,"meta":0},{"id":0,"meta":0},{"id":0,"meta":0},{"id":0,"meta":0},{"id":0,"meta":0},{"id":0,"meta":0},{"id":0,"meta":0},{"id":0,"meta":0},{"id":0,"meta":0},{"id":0,"meta":0},{"id":0,"meta":0},{"id":0,"meta":0},{"id":0,"meta":0},{"id":0,"meta":0},{"id":0,"meta":0},{"id":0,"meta":0},{"id":0,"meta":0}],[{"id":0,"meta":0},{"id":0,"meta":0},{"id":0,"meta":0},{"id":0,"meta":0},{"id":0,"meta":0},{"id":0,"meta":0},{"id":0,"meta":0},{"id":0,"meta":0},{"id":0,"meta":0},{"id":0,"meta":0},{"id":0,"meta":0},{"id":0,"meta":0},{"id":0,"meta":0},{"id":0,"meta":0},{"id":0,"meta":0},{"id":0,"meta":0},{"id":0,"meta":0}],[{"id":0,"meta":0},{"id":0,"meta":0},{"id":0,"meta":0},{"id":0,"meta":0},{"id":0,"meta":0},{"id":0,"meta":0},{"id":0,"meta":0},{"id":0,"meta":0},{"id":0,"meta":0},{"id":0,"meta":0},{"id":0,"meta":0},{"id":0,"meta":0},{"id":0,"meta":0},{"id":0,"meta":0},{"id":0,"meta":0},{"id":0,"meta":0},{"id":0,"meta":0}],[{"id":0,"meta":0},{"id":0,"meta":0},{"id":0,"meta":0},{"id":0,"meta":0},{"id":0,"meta":0},{"id":0,"meta":0},{"id":0,"meta":0},{"id":0,"meta":0},{"id":0,"meta":0},{"id":0,"meta":0},{"id":0,"meta":0},{"id":0,"meta":0},{"id":0,"meta":0},{"id":0,"meta":0},{"id":0,"meta":0},{"id":0,"meta":0},{"id":0,"meta":0}],[{"id":0,"meta":0},{"id":0,"meta":0},{"id":0,"meta":0},{"id":0,"meta":0},{"id":0,"meta":0},{"id":0,"meta":0},{"id":0,"meta":0},{"id":0,"meta":0},{"id":0,"meta":0},{"id":0,"meta":0},{"id":0,"meta":0},{"id":0,"meta":0},{"id":0,"meta":0},{"id":0,"meta":0},{"id":0,"meta":0},{"id":0,"meta":0},{"id":0,"meta":0}]],[[{"id":0,"meta":0},{"id":0,"meta":0},{"id":0,"meta":0},{"id":49,"meta":0},{"id":49,"meta":0},{"id":0,"meta":0},{"id":49,"meta":0},{"id":49,"meta":0},{"id":49,"meta":0},{"id":49,"meta":0},{"id":0,"meta":0},{"id":0,"meta":0},{"id":49,"meta":0},{"id":49,"meta":0},{"id":0,"meta":0},{"id":0,"meta":0},{"id":0,"meta":0}],[{"id":0,"meta":0},{"id":0,"meta":0},{"id":0,"meta":0},{"id":0,"meta":0},{"id":0,"meta":0},{"id":0,"meta":0},{"id":0,"meta":0},{"id":0,"meta":0},{"id":0,"meta":0},{"id":0,"meta":0},{"id":0,"meta":0},{"id":0,"meta":0},{"id":0,"meta":0},{"id":0,"meta":0},{"id":0,"meta":0},{"id":0,"meta":0},{"id":0,"meta":0}],[{"id":0,"meta":0},{"id":0,"meta":0},{"id":0,"meta":0},{"id":0,"meta":0},{"id":0,"meta":0},{"id":0,"meta":0},{"id":0,"meta":0},{"id":0,"meta":0},{"id":0,"meta":0},{"id":0,"meta":0},{"id":0,"meta":0},{"id":0,"meta":0},{"id":0,"meta":0},{"id":0,"meta":0},{"id":0,"meta":0},{"id":0,"meta":0},{"id":0,"meta":0}],[{"id":0,"meta":0},{"id":0,"meta":0},{"id":0,"meta":0},{"id":0,"meta":0},{"id":0,"meta":0},{"id":0,"meta":0},{"id":0,"meta":0},{"id":0,"meta":0},{"id":0,"meta":0},{"id":0,"meta":0},{"id":0,"meta":0},{"id":0,"meta":0},{"id":0,"meta":0},{"id":0,"meta":0},{"id":0,"meta":0},{"id":0,"meta":0},{"id":0,"meta":0}],[{"id":0,"meta":0},{"id":0,"meta":0},{"id":0,"meta":0},{"id":0,"meta":0},{"id":0,"meta":0},{"id":0,"meta":0},{"id":0,"meta":0},{"id":0,"meta":0},{"id":0,"meta":0},{"id":0,"meta":0},{"id":0,"meta":0},{"id":0,"meta":0},{"id":0,"meta":0},{"id":0,"meta":0},{"id":0,"meta":0},{"id":0,"meta":0},{"id":0,"meta":0}],[{"id":0,"meta":0},{"id":0,"meta":0},{"id":0,"meta":0},{"id":0,"meta":0},{"id":0,"meta":0},{"id":0,"meta":0},{"id":0,"meta":0},{"id":0,"meta":0},{"id":0,"meta":0},{"id":0,"meta":0},{"id":0,"meta":0},{"id":0,"meta":0},{"id":0,"meta":0},{"id":0,"meta":0},{"id":0,"meta":0},{"id":0,"meta":0},{"id":0,"meta":0}],[{"id":0,"meta":0},{"id":0,"meta":0},{"id":0,"meta":0},{"id":0,"meta":0},{"id":0,"meta":0},{"id":0,"meta":0},{"id":0,"meta":0},{"id":0,"meta":0},{"id":0,"meta":0},{"id":0,"meta":0},{"id":0,"meta":0},{"id":0,"meta":0},{"id":0,"meta":0},{"id":0,"meta":0},{"id":0,"meta":0},{"id":0,"meta":0},{"id":0,"meta":0}],[{"id":0,"meta":0},{"id":0,"meta":0},{"id":0,"meta":0},{"id":0,"meta":0},{"id":0,"meta":0},{"id":0,"meta":0},{"id":0,"meta":0},{"id":0,"meta":0},{"id":0,"meta":0},{"id":0,"meta":0},{"id":0,"meta":0},{"id":0,"meta":0},{"id":0,"meta":0},{"id":0,"meta":0},{"id":87,"meta":0},{"id":0,"meta":0},{"id":0,"meta":0}],[{"id":0,"meta":0},{"id":0,"meta":0},{"id":0,"meta":0},{"id":0,"meta":0},{"id":0,"meta":0},{"id":0,"meta":0},{"id":0,"meta":0},{"id":0,"meta":0},{"id":0,"meta":0},{"id":0,"meta":0},{"id":0,"meta":0},{"id":0,"meta":0},{"id":0,"meta":0},{"id":0,"meta":0},{"id":0,"meta":0},{"id":0,"meta":0},{"id":0,"meta":0}],[{"id":0,"meta":0},{"id":0,"meta":0},{"id":0,"meta":0},{"id":0,"meta":0},{"id":0,"meta":0},{"id":0,"meta":0},{"id":0,"meta":0},{"id":0,"meta":0},{"id":0,"meta":0},{"id":0,"meta":0},{"id":0,"meta":0},{"id":0,"meta":0},{"id":0,"meta":0},{"id":0,"meta":0},{"id":0,"meta":0},{"id":0,"meta":0},{"id":0,"meta":0}],[{"id":0,"meta":0},{"id":0,"meta":0},{"id":0,"meta":0},{"id":0,"meta":0},{"id":0,"meta":0},{"id":0,"meta":0},{"id":0,"meta":0},{"id":0,"meta":0},{"id":0,"meta":0},{"id":0,"meta":0},{"id":0,"meta":0},{"id":0,"meta":0},{"id":0,"meta":0},{"id":0,"meta":0},{"id":0,"meta":0},{"id":0,"meta":0},{"id":0,"meta":0}],[{"id":0,"meta":0},{"id":0,"meta":0},{"id":0,"meta":0},{"id":0,"meta":0},{"id":0,"meta":0},{"id":0,"meta":0},{"id":0,"meta":0},{"id":0,"meta":0},{"id":0,"meta":0},{"id":0,"meta":0},{"id":0,"meta":0},{"id":0,"meta":0},{"id":0,"meta":0},{"id":0,"meta":0},{"id":0,"meta":0},{"id":0,"meta":0},{"id":0,"meta":0}],[{"id":0,"meta":0},{"id":0,"meta":0},{"id":0,"meta":0},{"id":0,"meta":0},{"id":0,"meta":0},{"id":0,"meta":0},{"id":0,"meta":0},{"id":0,"meta":0},{"id":0,"meta":0},{"id":0,"meta":0},{"id":0,"meta":0},{"id":0,"meta":0},{"id":0,"meta":0},{"id":0,"meta":0},{"id":0,"meta":0},{"id":0,"meta":0},{"id":0,"meta":0}],[{"id":0,"meta":0},{"id":0,"meta":0},{"id":0,"meta":0},{"id":0,"meta":0},{"id":0,"meta":0},{"id":0,"meta":0},{"id":0,"meta":0},{"id":0,"meta":0},{"id":0,"meta":0},{"id":0,"meta":0},{"id":0,"meta":0},{"id":0,"meta":0},{"id":0,"meta":0},{"id":0,"meta":0},{"id":0,"meta":0},{"id":0,"meta":0},{"id":0,"meta":0}]]]