[[[{"id":155,"meta":0},{"id":155,"meta":0},{"id":155,"meta":0},{"id":155,"meta":0},{"id":155,"meta":0},{"id":155,"meta":0},{"id":155,"meta":0},{"id":155,"meta":0},{"id":155,"meta":0},{"id":155,"meta":0},{"id":155,"meta":0},{"id":155,"meta":0},{"id":155,"meta":0},{"id":155,"meta":0}],[{"id":155,"meta":0},{"id":35,"meta":3},{"id":35,"meta":3},{"id":35,"meta":3},{"id":35,"meta":3},{"id":35,"meta":3},{"id":35,"meta":3},{"id":35,"meta":3},{"id":35,"meta":3},{"id":35,"meta":3},{"id":35,"meta":3},{"id":35,"meta":3},{"id":35,"meta":3},{"id":155,"meta":0}],[{"id":0,"meta":0},{"id":35,"meta":3},{"id":35,"meta":3},{"id":35,"meta":3},{"id":35,"meta":3},{"id":35,"meta":3},{"id":35,"meta":3},{"id":35,"meta":3},{"id":35,"meta":3},{"id":35,"meta":3},{"id":35,"meta":3},{"id":35,"meta":3},{"id":35,"meta":3},{"id":155,"meta":0}],[{"id":155,"meta":0},{"id":35,"meta":3},{"id":35,"meta":3},{"id":35,"meta":3},{"id":35,"meta":3},{"id":35,"meta":3},{"id":35,"meta":3},{"id":35,"meta":3},{"id":35,"meta":3},{"id":35,"meta":3},{"id":35,"meta":3},{"id":35,"meta":3},{"id":35,"meta":3},{"id":155,"meta":0}],[{"id":155,"meta":0},{"id":35,"meta":3},{"id":35,"meta":3},{"id":35,"meta":3},{"id":35,"meta":3},{"id":35,"meta":3},{"id":35,"meta":3},{"id":35,"meta":3},{"id":35,"meta":3},{"id":35,"meta":3},{"id":35,"meta":3},{"id":35,"meta":3},{"id":35,"meta":3},{"id":155,"meta":0}],[{"id":155,"meta":0},{"id":0,"meta":0},{"id":0,"meta":0},{"id":35,"meta":3},{"id":0,"meta":0},{"id":0,"meta":0},{"id":0,"meta":0},{"id":155,"meta":2},{"id":155,"meta":0},{"id":155,"meta":0},{"id":155,"meta":0},{"id":155,"meta":0},{"id":155,"meta":0},{"id":155,"meta":0}],[{"id":0,"meta":0},{"id":0,"meta":0},{"id":35,"meta":3},{"id":35,"meta":3},{"id":35,"meta":3},{"id":35,"meta":3},{"id":35,"meta":3},{"id":155,"meta":2},{"id":43,"meta":6},{"id":43,"meta":6},{"id":44,"meta":6},{"id":155,"meta":0},{"id":155,"meta":0},{"id":0,"meta":0}],[{"id":155,"meta":0},{"id":155,"meta":0},{"id":35,"meta":3},{"id":35,"meta":3},{"id":35,"meta":3},{"id":35,"meta":3},{"id":35,"meta":3},{"id":155,"meta":2},{"id":43,"meta":6},{"id":43,"meta":6},{"id":44,"meta":6},{"id":155,"meta":0},{"id":0,"meta":0},{"id":0,"meta":0}],[{"id":155,"meta":0},{"id":155,"meta":0},{"id":35,"meta":3},{"id":35,"meta":3},{"id":35,"meta":3},{"id":35,"meta":3},{"id":35,"meta":3},{"id":155,"meta":2},{"id":43,"meta":6},{"id":43,"meta":6},{"id":44,"meta":6},{"id":0,"meta":0},{"id":0,"meta":0},{"id":44,"meta":6}],[{"id":155,"meta":0},{"id":155,"meta":0},{"id":35,"meta":3},{"id":35,"meta":3},{"id":35,"meta":3},{"id":35,"meta":3},{"id":35,"meta":3},{"id":155,"meta":2},{"id":43,"meta":6},{"id":43,"meta":6},{"id":44,"meta":6},{"id":0,"meta":0},{"id":0,"meta":0},{"id":0,"meta":0}],[{"id":155,"meta":0},{"id":0,"meta":0},{"id":0,"meta":0},{"id":35,"meta":3},{"id":0,"meta":0},{"id":0,"meta":0},{"id":0,"meta":0},{"id":155,"meta":2},{"id":155,"meta":0},{"id":155,"meta":0},{"id":155,"meta":0},{"id":155,"meta":0},{"id":155,"meta":0},{"id":155,"meta":0}],[{"id":155,"meta":0},{"id":0,"meta":0},{"id":0,"meta":0},{"id":35,"meta":3},{"id":35,"meta":3},{"id":0,"meta":0},{"id":0,"meta":0},{"id":35,"meta":3},{"id":155,"meta":0},{"id":9,"meta":0},{"id":9,"meta":0},{"id":9,"meta":0},{"id":9,"meta":0},{"id":155,"meta":0}],[{"id":155,"meta":0},{"id":0,"meta":0},{"id":35,"meta":3},{"id":35,"meta":3},{"id":35,"meta":3},{"id":35,"meta":3},{"id":0,"meta":0},{"id":35,"meta":3},{"id":155,"meta":0},{"id":9,"meta":0},{"id":9,"meta":0},{"id":9,"meta":0},{"id":9,"meta":0},{"id":155,"meta":0}],[{"id":155,"meta":0},{"id":0,"meta":0},{"id":35,"meta":3},{"id":35,"meta":3},{"id":35,"meta":3},{"id":35,"meta":3},{"id":35,"meta":3},{"id":0,"meta":0},{"id":155,"meta":0},{"id":9,"meta":0},{"id":9,"meta":0},{"id":9,"meta":0},{"id":9,"meta":0},{"id":155,"meta":0}],[{"id":0,"meta":0},{"id":0,"meta":0},{"id":35,"meta":3},{"id":0,"meta":0},{"id":35,"meta":3},{"id":0,"meta":0},{"id":35,"meta":3},{"id":0,"meta":0},{"id":155,"meta":0},{"id":9,"meta":0},{"id":9,"meta":0},{"id":9,"meta":0},{"id":9,"meta":0},{"id":155,"meta":0}],[{"id":155,"meta":0},{"id":0,"meta":0},{"id":155,"meta":0},{"id":0,"meta":0},{"id":155,"meta":0},{"id":0,"meta":0},{"id":155,"meta":0},{"id":155,"meta":0},{"id":155,"meta":0},{"id":155,"meta":0},{"id":155,"meta":0},{"id":155,"meta":0},{"id":155,"meta":0},{"id":155,"meta":0}]],[[{"id":0,"meta":0},{"id":0,"meta":0},{"id":155,"meta":0},{"id":155,"meta":0},{"id":155,"meta":0},{"id":0,"meta":0},{"id":155,"meta":0},{"id":0,"meta":0},{"id":155,"meta":0},{"id":155,"meta":0},{"id":0,"meta":0},{"id":155,"meta":0},{"id":155,"meta":0},{"id":0,"meta":0}],[{"id":0,"meta":0},{"id":0,"meta":0},{"id":0,"meta":0},{"id":0,"meta":0},{"id":0,"meta":0},{"id":0,"meta":0},{"id":0,"meta":0},{"id":0,"meta":0},{"id":0,"meta":0},{"id":0,"meta":0},{"id":0,"meta":0},{"id":0,"meta":0},{"id":0,"meta":0},{"id":155,"meta":0}],[{"id":0,"meta":0},{"id":0,"meta":0},{"id":0,"meta":0},{"id":0,"meta":0},{"id":0,"meta":0},{"id":0,"meta":0},{"id":0,"meta":0},{"id":0,"meta":0},{"id":0,"meta":0},{"id":0,"meta":0},{"id":44,"meta":14},{"id":0,"meta":0},{"id":0,"meta":0},{"id":0,"meta":0}],[{"id":0,"meta":0},{"id":0,"meta":0},{"id":0,"meta":0},{"id":0,"meta":0},{"id":0,"meta":0},{"id":0,"meta":0},{"id":0,"meta":0},{"id":0,"meta":0},{"id":0,"meta":0},{"id":0,"meta":0},{"id":155,"meta":6},{"id":0,"meta":0},{"id":0,"meta":0},{"id":155,"meta":0}],[{"id":0,"meta":0},{"id":0,"meta":0},{"id":0,"meta":0},{"id":0,"meta":0},{"id":0,"meta":0},{"id":0,"meta":0},{"id":0,"meta":0},{"id":0,"meta":0},{"id":0,"meta":0},{"id":0,"meta":0},{"id":44,"meta":6},{"id":0,"meta":0},{"id":0,"meta":0},{"id":0,"meta":0}],[{"id":155,"meta":0},{"id":0,"meta":0},{"id":0,"meta":0},{"id":0,"meta":0},{"id":0,"meta":0},{"id":0,"meta":0},{"id":0,"meta":0},{"id":155,"meta":0},{"id":102,"meta":0},{"id":102,"meta":0},{"id":102,"meta":0},{"id":102,"meta":0},{"id":102,"meta":0},{"id":155,"meta":0}],[{"id":0,"meta":0},{"id":0,"meta":0},{"id":0,"meta":0},{"id":0,"meta":0},{"id":0,"meta":0},{"id":0,"meta":0},{"id":0,"meta":0},{"id":159,"meta":3},{"id":0,"meta":0},{"id":0,"meta":0},{"id":0,"meta":0},{"id":155,"meta":0},{"id":0,"meta":0},{"id":0,"meta":0}],[{"id":0,"meta":0},{"id":155,"meta":0},{"id":0,"meta":0},{"id":0,"meta":0},{"id":0,"meta":0},{"id":0,"meta":0},{"id":0,"meta":0},{"id":0,"meta":0},{"id":0,"meta":0},{"id":0,"meta":0},{"id":0,"meta":0},{"id":0,"meta":0},{"id":0,"meta":0},{"id":0,"meta":0}],[{"id":0,"meta":0},{"id":0,"meta":0},{"id":155,"meta":0},{"id":0,"meta":0},{"id":0,"meta":0},{"id":0,"meta":0},{"id":0,"meta":0},{"id":0,"meta":0},{"id":0,"meta":0},{"id":0,"meta":0},{"id":0,"meta":0},{"id":0,"meta":0},{"id":0,"meta":0},{"id":0,"meta":0}],[{"id":0,"meta":0},{"id":0,"meta":0},{"id":0,"meta":0},{"id":0,"meta":0},{"id":0,"meta":0},{"id":0,"meta":0},{"id":0,"meta":0},{"id":159,"meta":3},{"id":0,"meta":0},{"id":0,"meta":0},{"id":0,"meta":0},{"id":0,"meta":0},{"id":0,"meta":0},{"id":0,"meta":0}],[{"id":0,"meta":0},{"id":0,"meta":0},{"id":0,"meta":0},{"id":0,"meta":0},{"id":0,"meta":0},{"id":0,"meta":0},{"id":0,"meta":0},{"id":0,"meta":0},{"id":155,"meta":0},{"id":44,"meta":14},{"id":44,"meta":14},{"id":44,"meta":14},{"id":44,"meta":14},{"id":43,"meta":6}],[{"id":155,"meta":0},{"id":0,"meta":0},{"id":0,"meta":0},{"id":0,"meta":0},{"id":0,"meta":0},{"id":0,"meta":0},{"id":0,"meta":0},{"id":0,"meta":0},{"id":159,"meta":3},{"id":0,"meta":0},{"id":0,"meta":0},{"id":0,"meta":0},{"id":0,"meta":0},{"id":44,"meta":14}],[{"id":0,"meta":0},{"id":0,"meta":0},{"id":0,"meta":0},{"id":0,"meta":0},{"id":0,"meta":0},{"id":0,"meta":0},{"id":0,"meta":0},{"id":0,"meta":0},{"id":0,"meta":0},{"id":0,"meta":0},{"id":0,"meta":0},{"id":0,"meta":0},{"id":0,"meta":0},{"id":44,"meta":14}],[{"id":0,"meta":0},{"id":0,"meta":0},{"id":0,"meta":0},{"id":0,"meta":0},{"id":0,"meta":0},{"id":0,"meta":0},{"id":0,"meta":0},{"id":0,"meta":0},{"id":102,"meta":0},{"id":0,"meta":0},{"id":0,"meta":0},{"id":0,"meta":0},{"id":0,"meta":0},{"id":44,"meta":14}],[{"id":0,"meta":0},{"id":0,"meta":0},{"id":0,"meta":0},{"id":0,"meta":0},{"id":0,"meta":0},{"id":0,"meta":0},{"id":0,"meta":0},{"id":0,"meta":0},{"id":159,"meta":3},{"id":0,"meta":0},{"id":0,"meta":0},{"id":0,"meta":0},{"id":0,"meta":0},{"id":44,"meta":14}],[{"id":0,"meta":0},{"id":0,"meta":0},{"id":0,"meta":0},{"id":0,"meta":0},{"id":0,"meta":0},{"id":0,"meta":0},{"id":0,"meta":0},{"id":0,"meta":0},{"id":155,"meta":0},{"id":44,"meta":14},{"id":44,"meta":14},{"id":44,"meta":14},{"id":44,"meta":14},{"id":43,"meta":6}]],[[{"id":0,"meta":0},{"id":0,"meta":0},{"id":0,"meta":0},{"id":155,"meta":0},{"id":0,"meta":0},{"id":0,"meta":0},{"id":0,"meta":0},{"id":155,"meta":0},{"id":155,"meta":0},{"id":0,"meta":0},{"id":155,"meta":0},{"id":155,"meta":0},{"id":155,"meta":0},{"id":0,"meta":0}],[{"id":0,"meta":0},{"id":0,"meta":0},{"id":0,"meta":0},{"id":0,"meta":0},{"id":0,"meta":0},{"id":0,"meta":0},{"id":0,"meta":0},{"id":0,"meta":0},{"id":0,"meta":0},{"id":0,"meta":0},{"id":155,"meta":6},{"id":0,"meta":0},{"id":0,"meta":0},{"id":0,"meta":0}],[{"id":0,"meta":0},{"id":0,"meta":0},{"id":0,"meta":0},{"id":0,"meta":0},{"id":0,"meta":0},{"id":0,"meta":0},{"id":0,"meta":0},{"id":0,"meta":0},{"id":0,"meta":0},{"id":0,"meta":0},{"id":155,"meta":6},{"id":0,"meta":0},{"id":0,"meta":0},{"id":0,"meta":0}],[{"id":0,"meta":0},{"id":0,"meta":0},{"id":0,"meta":0},{"id":0,"meta":0},{"id":0,"meta":0},{"id":0,"meta":0},{"id":0,"meta":0},{"id":0,"meta":0},{"id":0,"meta":0},{"id":0,"meta":0},{"id":44,"meta":6},{"id":0,"meta":0},{"id":0,"meta":0},{"id":0,"meta":0}],[{"id":0,"meta":0},{"id":0,"meta":0},{"id":0,"meta":0},{"id":0,"meta":0},{"id":0,"meta":0},{"id":0,"meta":0},{"id":0,"meta":0},{"id":0,"meta":0},{"id":0,"meta":0},{"id":0,"meta":0},{"id":0,"meta":0},{"id":0,"meta":0},{"id":0,"meta":0},{"id":0,"meta":0}],[{"id":155,"meta":0},{"id":0,"meta":0},{"id":0,"meta":0},{"id":0,"meta":0},{"id":0,"meta":0},{"id":0,"meta":0},{"id":0,"meta":0},{"id":155,"meta":0},{"id":102,"meta":0},{"id":102,"meta":0},{"id":102,"meta":0},{"id":102,"meta":0},{"id":102,"meta":0},{"id":155,"meta":0}],[{"id":0,"meta":0},{"id":0,"meta":0},{"id":0,"meta":0},{"id":0,"meta":0},{"id":0,"meta":0},{"id":0,"meta":0},{"id":0,"meta":0},{"id":159,"meta":3},{"id":0,"meta":0},{"id":0,"meta":0},{"id":0,"meta":0},{"id":0,"meta":0},{"id":0,"meta":0},{"id":0,"meta":0}],[{"id":0,"meta":0},{"id":0,"meta":0},{"id":0,"meta":0},{"id":0,"meta":0},{"id":0,"meta":0},{"id":0,"meta":0},{"id":0,"meta":0},{"id":0,"meta":0},{"id":0,"meta":0},{"id":0,"meta":0},{"id":0,"meta":0},{"id":0,"meta":0},{"id":0,"meta":0},{"id":0,"meta":0}],[{"id":0,"meta":0},{"id":0,"meta":0},{"id":155,"meta":0},{"id":0,"meta":0},{"id":0,"meta":0},{"id":0,"meta":0},{"id":0,"meta":0},{"id":0,"meta":0},{"id":0,"meta":0},{"id":0,"meta":0},{"id":0,"meta":0},{"id":0,"meta":0},{"id":0,"meta":0},{"id":0,"meta":0}],[{"id":0,"meta":0},{"id":0,"meta":0},{"id":0,"meta":0},{"id":0,"meta":0},{"id":0,"meta":0},{"id":0,"meta":0},{"id":0,"meta":0},{"id":159,"meta":3},{"id":0,"meta":0},{"id":0,"meta":0},{"id":0,"meta":0},{"id":0,"meta":0},{"id":0,"meta":0},{"id":0,"meta":0}],[{"id":0,"meta":0},{"id":0,"meta":0},{"id":0,"meta":0},{"id":0,"meta":0},{"id":0,"meta":0},{"id":0,"meta":0},{"id":0,"meta":0},{"id":0,"meta":0},{"id":155,"meta":0},{"id":0,"meta":0},{"id":0,"meta":0},{"id":0,"meta":0},{"id":0,"meta":0},{"id":0,"meta":0}],[{"id":155,"meta":0},{"id":0,"meta":0},{"id":0,"meta":0},{"id":0,"meta":0},{"id":0,"meta":0},{"id":0,"meta":0},{"id":0,"meta":0},{"id":0,"meta":0},{"id":159,"meta":3},{"id":0,"meta":0},{"id":0,"meta":0},{"id":0,"meta":0},{"id":0,"meta":0},{"id":0,"meta":0}],[{"id":0,"meta":0},{"id":0,"meta":0},{"id":0,"meta":0},{"id":0,"meta":0},{"id":0,"meta":0},{"id":0,"meta":0},{"id":0,"meta":0},{"id":0,"meta":0},{"id":0,"meta":0},{"id":0,"meta":0},{"id":0,"meta":0},{"id":0,"meta":0},{"id":0,"meta":0},{"id":0,"meta":0}],[{"id":0,"meta":0},{"id":0,"meta":0},{"id":0,"meta":0},{"id":0,"meta":0},{"id":0,"meta":0},{"id":0,"meta":0},{"id":0,"meta":0},{"id":0,"meta":0},{"id":102,"meta":0},{"id":0,"meta":0},{"id":0,"meta":0},{"id":0,"meta":0},{"id":0,"meta":0},{"id":0,"meta":0}],[{"id":0,"meta":0},{"id":0,"meta":0},{"id":0,"meta":0},{"id":0,"meta":0},{"id":0,"meta":0},{"id":0,"meta":0},{"id":0,"meta":0},{"id":0,"meta":0},{"id":159,"meta":3},{"id":0,"meta":0},{"id":0,"meta":0},{"id":0,"meta":0},{"id":0,"meta":0},{"id":0,"meta":0}],[{"id":0,"meta":0},{"id":0,"meta":0},{"id":0,"meta":0},{"id":0,"meta":0},{"id":0,"meta":0},{"id":0,"meta":0},{"id":0,"meta":0},{"id":0,"meta":0},{"id":155,"meta":0},{"id":0,"meta":0},{"id":0,"meta":0},{"id":0,"meta":0},{"id":0,"meta":0},{"id":0,"meta":0}]],[[{"id":0,"meta":0},{"id":0,"meta":0},{"id":0,"meta":0},{"id":0,"meta":0},{"id":0,"meta":0},{"id":0,"meta":0},{"id":0,"meta":0},{"id":155,"meta":0},{"id":0,"meta":0},{"id":0,"meta":0},{"id":0,"meta":0},{"id":0,"meta":0},{"id":0,"meta":0},{"id":0,"meta":0}],[{"id":0,"meta":0},{"id":0,"meta":0},{"id":0,"meta":0},{"id":0,"meta":0},{"id":0,"meta":0},{"id":0,"meta":0},{"id":0,"meta":0},{"id":0,"meta":0},{"id":0,"meta":0},{"id":0,"meta":0},{"id":0,"meta":0},{"id":0,"meta":0},{"id":0,"meta":0},{"id":0,"meta":0}],[{"id":0,"meta":0},{"id":0,"meta":0},{"id":0,"meta":0},{"id":0,"meta":0},{"id":0,"meta":0},{"id":0,"meta":0},{"id":0,"meta":0},{"id":0,"meta":0},{"id":0,"meta":0},{"id":0,"meta":0},{"id":0,"meta":0},{"id":0,"meta":0},{"id":0,"meta":0},{"id":0,"meta":0}],[{"id":0,"meta":0},{"id":0,"meta":0},{"id":0,"meta":0},{"id":0,"meta":0},{"id":0,"meta":0},{"id":0,"meta":0},{"id":0,"meta":0},{"id":0,"meta":0},{"id":0,"meta":0},{"id":0,"meta":0},{"id":0,"meta":0},{"id":0,"meta":0},{"id":0,"meta":0},{"id":0,"meta":0}],[{"id":0,"meta":0},{"id":0,"meta":0},{"id":0,"meta":0},{"id":0,"meta":0},{"id":0,"meta":0},{"id":0,"meta":0},{"id":0,"meta":0},{"id":0,"meta":0},{"id":0,"meta":0},{"id":0,"meta":0},{"id":0,"meta":0},{"id":0,"meta":0},{"id":0,"meta":0},{"id":0,"meta":0}],[{"id":155,"meta":0},{"id":0,"meta":0},{"id":0,"meta":0},{"id":0,"meta":0},{"id":0,"meta":0},{"id":0,"meta":0},{"id":0,"meta":0},{"id":155,"meta":0},{"id":155,"meta":0},{"id":155,"meta":0},{"id":155,"meta":0},{"id":155,"meta":0},{"id":155,"meta":0},{"id":155,"meta":0}],[{"id":0,"meta":0},{"id":0,"meta":0},{"id":0,"meta":0},{"id":0,"meta":0},{"id":0,"meta":0},{"id":0,"meta":0},{"id":0,"meta":0},{"id":159,"meta":3},{"id":0,"meta":0},{"id":0,"meta":0},{"id":0,"meta":0},{"id":0,"meta":0},{"id":0,"meta":0},{"id":0,"meta":0}],[{"id":0,"meta":0},{"id":0,"meta":0},{"id":0,"meta":0},{"id":0,"meta":0},{"id":0,"meta":0},{"id":0,"meta":0},{"id":0,"meta":0},{"id":102,"meta":0},{"id":0,"meta":0},{"id":0,"meta":0},{"id":0,"meta":0},{"id":0,"meta":0},{"id":0,"meta":0},{"id":0,"meta":0}],[{"id":0,"meta":0},{"id":0,"meta":0},{"id":0,"meta":0},{"id":0,"meta":0},{"id":0,"meta":0},{"id":0,"meta":0},{"id":0,"meta":0},{"id":102,"meta":0},{"id":0,"meta":0},{"id":0,"meta":0},{"id":0,"meta":0},{"id":0,"meta":0},{"id":0,"meta":0},{"id":0,"meta":0}],[{"id":0,"meta":0},{"id":0,"meta":0},{"id":0,"meta":0},{"id":0,"meta":0},{"id":0,"meta":0},{"id":0,"meta":0},{"id":0,"meta":0},{"id":159,"meta":3},{"id":0,"meta":0},{"id":0,"meta":0},{"id":0,"meta":0},{"id":0,"meta":0},{"id":0,"meta":0},{"id":0,"meta":0}],[{"id":0,"meta":0},{"id":0,"meta":0},{"id":0,"meta":0},{"id":0,"meta":0},{"id":0,"meta":0},{"id":0,"meta":0},{"id":0,"meta":0},{"id":0,"meta":0},{"id":155,"meta":0},{"id":0,"meta":0},{"id":0,"meta":0},{"id":0,"meta":0},{"id":0,"meta":0},{"id":0,"meta":0}],[{"id":155,"meta":0},{"id":0,"meta":0},{"id":0,"meta":0},{"id":0,"meta":0},{"id":0,"meta":0},{"id":0,"meta":0},{"id":0,"meta":0},{"id":0,"meta":0},{"id":159,"meta":3},{"id":0,"meta":0},{"id":0,"meta":0},{"id":0,"meta":0},{"id":0,"meta":0},{"id":0,"meta":0}],[{"id":0,"meta":0},{"id":0,"meta":0},{"id":0,"meta":0},{"id":0,"meta":0},{"id":0,"meta":0},{"id":0,"meta":0},{"id":0,"meta":0},{"id":0,"meta":0},{"id":102,"meta":0},{"id":0,"meta":0},{"id":0,"meta":0},{"id":0,"meta":0},{"id":0,"meta":0},{"id":0,"meta":0}],[{"id":0,"meta":0},{"id":0,"meta":0},{"id":0,"meta":0},{"id":0,"meta":0},{"id":0,"meta":0},{"id":0,"meta":0},{"id":0,"meta":0},{"id":0,"meta":0},{"id":102,"meta":0},{"id":0,"meta":0},{"id":0,"meta":0},{"id":0,"meta":0},{"id":0,"meta":0},{"id":0,"meta":0}],[{"id":0,"meta":0},{"id":0,"meta":0},{"id":0,"meta":0},{"id":0,"meta":0},{"id":0,"meta":0},{"id":0,"meta":0},{"id":0,"meta":0},{"id":0,"meta":0},{"id":159,"meta":3},{"id":0,"meta":0},{"id":0,"meta":0},{"id":0,"meta":0},{"id":0,"meta":0},{"id":0,"meta":0}],[{"id":0,"meta":0},{"id":0,"meta":0},{"id":0,"meta":0},{"id":0,"meta":0},{"id":0,"meta":0},{"id":0,"meta":0},{"id":0,"meta":0},{"id":0,"meta":0},{"id":155,"meta":0},{"id":0,"meta":0},{"id":0,"meta":0},{"id":0,"meta":0},{"id":0,"meta":0},{"id":0,"meta":0}]],[[{"id":0,"meta":0},{"id":0,"meta":0},{"id":0,"meta":0},{"id":0,"meta":0},{"id":0,"meta":0},{"id":0,"meta":0},{"id":0,"meta":0},{"id":155,"meta":0},{"id":0,"meta":0},{"id":0,"meta":0},{"id":0,"meta":0},{"id":0,"meta":0},{"id":0,"meta":0},{"id":0,"meta":0}],[{"id":0,"meta":0},{"id":0,"meta":0},{"id":0,"meta":0},{"id":0,"meta":0},{"id":0,"meta":0},{"id":0,"meta":0},{"id":0,"meta":0},{"id":0,"meta":0},{"id":0,"meta":0},{"id":0,"meta":0},{"id":0,"meta":0},{"id":0,"meta":0},{"id":0,"meta":0},{"id":0,"meta":0}],[{"id":0,"meta":0},{"id":0,"meta":0},{"id":0,"meta":0},{"id":0,"meta":0},{"id":0,"meta":0},{"id":0,"meta":0},{"id":0,"meta":0},{"id":0,"meta":0},{"id":0,"meta":0},{"id":0,"meta":0},{"id":0,"meta":0},{"id":0,"meta":0},{"id":0,"meta":0},{"id":0,"meta":0}],[{"id":0,"meta":0},{"id":0,"meta":0},{"id":0,"meta":0},{"id":0,"meta":0},{"id":0,"meta":0},{"id":0,"meta":0},{"id":0,"meta":0},{"id":0,"meta":0},{"id":0,"meta":0},{"id":0,"meta":0},{"id":0,"meta":0},{"id":0,"meta":0},{"id":0,"meta":0},{"id":0,"meta":0}],[{"id":0,"meta":0},{"id":0,"meta":0},{"id":0,"meta":0},{"id":0,"meta":0},{"id":0,"meta":0},{"id":0,"meta":0},{"id":0,"meta":0},{"id":0,"meta":0},{"id":0,"meta":0},{"id":0,"meta":0},{"id":0,"meta":0},{"id":0,"meta":0},{"id":0,"meta":0},{"id":0,"meta":0}],[{"id":155,"meta":0},{"id":0,"meta":0},{"id":0,"meta":0},{"id":0,"meta":0},{"id":0,"meta":0},{"id":0,"meta":0},{"id":0,"meta":0},{"id":155,"meta":0},{"id":102,"meta":0},{"id":0,"meta":0},{"id":44,"meta":14},{"id":43,"meta":6},{"id":0,"meta":0},{"id":155,"meta":0}],[{"id":0,"meta":0},{"id":0,"meta":0},{"id":0,"meta":0},{"id":0,"meta":0},{"id":0,"meta":0},{"id":0,"meta":0},{"id":0,"meta":0},{"id":159,"meta":3},{"id":0,"meta":0},{"id":0,"meta":0},{"id":0,"meta":0},{"id":0,"meta":0},{"id":0,"meta":0},{"id":0,"meta":0}],[{"id":0,"meta":0},{"id":0,"meta":0},{"id":0,"meta":0},{"id":0,"meta":0},{"id":0,"meta":0},{"id":0,"meta":0},{"id":0,"meta":0},{"id":0,"meta":0},{"id":0,"meta":0},{"id":0,"meta":0},{"id":0,"meta":0},{"id":0,"meta":0},{"id":0,"meta":0},{"id":0,"meta":0}],[{"id":0,"meta":0},{"id":0,"meta":0},{"id":0,"meta":0},{"id":0,"meta":0},{"id":0,"meta":0},{"id":0,"meta":0},{"id":0,"meta":0},{"id":159,"meta":3},{"id":0,"meta":0},{"id":0,"meta":0},{"id":0,"meta":0},{"id":0,"meta":0},{"id":0,"meta":0},{"id":0,"meta":0}],[{"id":0,"meta":0},{"id":0,"meta":0},{"id":0,"meta":0},{"id":0,"meta":0},{"id":0,"meta":0},{"id":0,"meta":0},{"id":0,"meta":0},{"id":159,"meta":3},{"id":0,"meta":0},{"id":0,"meta":0},{"id":0,"meta":0},{"id":0,"meta":0},{"id":0,"meta":0},{"id":0,"meta":0}],[{"id":0,"meta":0},{"id":0,"meta":0},{"id":0,"meta":0},{"id":0,"meta":0},{"id":0,"meta":0},{"id":0,"meta":0},{"id":0,"meta":0},{"id":0,"meta":0},{"id":155,"meta":0},{"id":0,"meta":0},{"id":0,"meta":0},{"id":0,"meta":0},{"id":0,"meta":0},{"id":0,"meta":0}],[{"id":155,"meta":0},{"id":0,"meta":0},{"id":0,"meta":0},{"id":0,"meta":0},{"id":0,"meta":0},{"id":0,"meta":0},{"id":0,"meta":0},{"id":0,"meta":0},{"id":159,"meta":3},{"id":0,"meta":0},{"id":0,"meta":0},{"id":0,"meta":0},{"id":0,"meta":0},{"id":0,"meta":0}],[{"id":0,"meta":0},{"id":0,"meta":0},{"id":0,"meta":0},{"id":0,"meta":0},{"id":0,"meta":0},{"id":0,"meta":0},{"id":0,"meta":0},{"id":0,"meta":0},{"id":159,"meta":3},{"id":0,"meta":0},{"id":0,"meta":0},{"id":0,"meta":0},{"id":0,"meta":0},{"id":0,"meta":0}],[{"id":0,"meta":0},{"id":0,"meta":0},{"id":0,"meta":0},{"id":0,"meta":0},{"id":0,"meta":0},{"id":0,"meta":0},{"id":0,"meta":0},{"id":0,"meta":0},{"id":159,"meta":3},{"id":0,"meta":0},{"id":0,"meta":0},{"id":0,"meta":0},{"id":0,"meta":0},{"id":0,"meta":0}],[{"id":0,"meta":0},{"id":0,"meta":0},{"id":0,"meta":0},{"id":0,"meta":0},{"id":0,"meta":0},{"id":0,"meta":0},{"id":0,"meta":0},{"id":0,"meta":0},{"id":159,"meta":3},{"id":0,"meta":0},{"id":0,"meta":0},{"id":0,"meta":0},{"id":0,"meta":0},{"id":0,"meta":0}],[{"id":0,"meta":0},{"id":0,"meta":0},{"id":0,"meta":0},{"id":0,"meta":0},{"id":0,"meta":0},{"id":0,"meta":0},{"id":0,"meta":0},{"id":0,"meta":0},{"id":155,"meta":0},{"id":0,"meta":0},{"id":0,"meta":0},{"id":0,"meta":0},{"id":0,"meta":0},{"id":0,"meta":0}]],[[{"id":0,"meta":0},{"id":0,"meta":0},{"id":0,"meta":0},{"id":0,"meta":0},{"id":0,"meta":0},{"id":0,"meta":0},{"id":0,"meta":0},{"id":155,"meta":0},{"id":0,"meta":0},{"id":0,"meta":0},{"id":0,"meta":0},{"id":0,"meta":0},{"id":0,"meta":0},{"id":0,"meta":0}],[{"id":0,"meta":0},{"id":0,"meta":0},{"id":0,"meta":0},{"id":0,"meta":0},{"id":0,"meta":0},{"id":0,"meta":0},{"id":0,"meta":0},{"id":0,"meta":0},{"id":0,"meta":0},{"id":0,"meta":0},{"id":0,"meta":0},{"id":0,"meta":0},{"id":0,"meta":0},{"id":0,"meta":0}],[{"id":0,"meta":0},{"id":0,"meta":0},{"id":0,"meta":0},{"id":0,"meta":0},{"id":0,"meta":0},{"id":0,"meta":0},{"id":0,"meta":0},{"id":0,"meta":0},{"id":0,"meta":0},{"id":0,"meta":0},{"id":0,"meta":0},{"id":0,"meta":0},{"id":0,"meta":0},{"id":0,"meta":0}],[{"id":0,"meta":0},{"id":0,"meta":0},{"id":0,"meta":0},{"id":0,"meta":0},{"id":0,"meta":0},{"id":0,"meta":0},{"id":0,"meta":0},{"id":0,"meta":0},{"id":0,"meta":0},{"id":0,"meta":0},{"id":0,"meta":0},{"id":0,"meta":0},{"id":0,"meta":0},{"id":0,"meta":0}],[{"id":0,"meta":0},{"id":0,"meta":0},{"id":0,"meta":0},{"id":0,"meta":0},{"id":0,"meta":0},{"id":0,"meta":0},{"id":0,"meta":0},{"id":0,"meta":0},{"id":0,"meta":0},{"id":0,"meta":0},{"id":0,"meta":0},{"id":0,"meta":0},{"id":0,"meta":0},{"id":0,"meta":0}],[{"id":44,"meta":6},{"id":155,"meta":0},{"id":44,"meta":14},{"id":0,"meta":0},{"id":0,"meta":0},{"id":0,"meta":0},{"id":0,"meta":0},{"id":155,"meta":0},{"id":44,"meta":14},{"id":43,"meta":6},{"id":44,"meta":6},{"id":0,"meta":0},{"id":102,"meta":0},{"id":155,"meta":0}],[{"id":0,"meta":0},{"id":0,"meta":0},{"id":0,"meta":0},{"id":0,"meta":0},{"id":0,"meta":0},{"id":0,"meta":0},{"id":0,"meta":0},{"id":0,"meta":0},{"id":0,"meta":0},{"id":0,"meta":0},{"id":0,"meta":0},{"id":0,"meta":0},{"id":0,"meta":0},{"id":0,"meta":0}],[{"id":0,"meta":0},{"id":0,"meta":0},{"id":0,"meta":0},{"id":0,"meta":0},{"id":0,"meta":0},{"id":0,"meta":0},{"id":0,"meta":0},{"id":0,"meta":0},{"id":0,"meta":0},{"id":0,"meta":0},{"id":0,"meta":0},{"id":0,"meta":0},{"id":0,"meta":0},{"id":0,"meta":0}],[{"id":0,"meta":0},{"id":0,"meta":0},{"id":0,"meta":0},{"id":0,"meta":0},{"id":0,"meta":0},{"id":0,"meta":0},{"id":0,"meta":0},{"id":0,"meta":0},{"id":0,"meta":0},{"id":0,"meta":0},{"id":0,"meta":0},{"id":0,"meta":0},{"id":0,"meta":0},{"id":0,"meta":0}],[{"id":44,"meta":14},{"id":0,"meta":0},{"id":0,"meta":0},{"id":0,"meta":0},{"id":0,"meta":0},{"id":0,"meta":0},{"id":0,"meta":0},{"id":0,"meta":0},{"id":0,"meta":0},{"id":0,"meta":0},{"id":0,"meta":0},{"id":0,"meta":0},{"id":0,"meta":0},{"id":0,"meta":0}],[{"id":155,"meta":0},{"id":0,"meta":0},{"id":0,"meta":0},{"id":0,"meta":0},{"id":0,"meta":0},{"id":0,"meta":0},{"id":0,"meta":0},{"id":0,"meta":0},{"id":155,"meta":0},{"id":0,"meta":0},{"id":0,"meta":0},{"id":0,"meta":0},{"id":0,"meta":0},{"id":0,"meta":0}],[{"id":44,"meta":6},{"id":0,"meta":0},{"id":0,"meta":0},{"id":0,"meta":0},{"id":0,"meta":0},{"id":0,"meta":0},{"id":0,"meta":0},{"id":0,"meta":0},{"id":155,"meta":0},{"id":0,"meta":0},{"id":0,"meta":0},{"id":0,"meta":0},{"id":0,"meta":0},{"id":0,"meta":0}],[{"id":0,"meta":0},{"id":0,"meta":0},{"id":0,"meta":0},{"id":0,"meta":0},{"id":0,"meta":0},{"id":0,"meta":0},{"id":0,"meta":0},{"id":0,"meta":0},{"id":155,"meta":0},{"id":0,"meta":0},{"id":0,"meta":0},{"id":0,"meta":0},{"id":0,"meta":0},{"id":0,"meta":0}],[{"id":0,"meta":0},{"id":0,"meta":0},{"id":0,"meta":0},{"id":0,"meta":0},{"id":0,"meta":0},{"id":0,"meta":0},{"id":0,"meta":0},{"id":0,"meta":0},{"id":155,"meta":0},{"id":0,"meta":0},{"id":0,"meta":0},{"id":0,"meta":0},{"id":0,"meta":0},{"id":0,"meta":0}],[{"id":0,"meta":0},{"id":0,"meta":0},{"id":0,"meta":0},{"id":0,"meta":0},{"id":0,"meta":0},{"id":0,"meta":0},{"id":0,"meta":0},{"id":0,"meta":0},{"id":155,"meta":0},{"id":0,"meta":0},{"id":0,"meta":0},{"id":0,"meta":0},{"id":0,"meta":0},{"id":0,"meta":0}],[{"id":0,"meta":0},{"id":0,"meta":0},{"id":0,"meta":0},{"id":0,"meta":0},{"id":0,"meta":0},{"id":0,"meta":0},{"id":0,"meta":0},{"id":0,"meta":0},{"id":155,"meta":0},{"id":0,"meta":0},{"id":0,"meta":0},{"id":0,"meta":0},{"id":0,"meta":0},{"id":0,"meta":0}]],[[{"id":0,"meta":0},{"id":0,"meta":0},{"id":0,"meta":0},{"id":0,"meta":0},{"id":0,"meta":0},{"id":0,"meta":0},{"id":0,"meta":0},{"id":155,"meta":0},{"id":0,"meta":0},{"id":0,"meta":0},{"id":0,"meta":0},{"id":0,"meta":0},{"id":0,"meta":0},{"id":0,"meta":0}],[{"id":0,"meta":0},{"id":0,"meta":0},{"id":0,"meta":0},{"id":0,"meta":0},{"id":0,"meta":0},{"id":0,"meta":0},{"id":0,"meta":0},{"id":44,"meta":14},{"id":0,"meta":0},{"id":0,"meta":0},{"id":0,"meta":0},{"id":0,"meta":0},{"id":0,"meta":0},{"id":0,"meta":0}],[{"id":0,"meta":0},{"id":0,"meta":0},{"id":0,"meta":0},{"id":0,"meta":0},{"id":0,"meta":0},{"id":0,"meta":0},{"id":0,"meta":0},{"id":44,"meta":14},{"id":0,"meta":0},{"id":0,"meta":0},{"id":0,"meta":0},{"id":0,"meta":0},{"id":0,"meta":0},{"id":0,"meta":0}],[{"id":0,"meta":0},{"id":0,"meta":0},{"id":0,"meta":0},{"id":0,"meta":0},{"id":0,"meta":0},{"id":0,"meta":0},{"id":0,"meta":0},{"id":44,"meta":14},{"id":0,"meta":0},{"id":0,"meta":0},{"id":0,"meta":0},{"id":0,"meta":0},{"id":0,"meta":0},{"id":0,"meta":0}],[{"id":0,"meta":0},{"id":0,"meta":0},{"id":0,"meta":0},{"id":0,"meta":0},{"id":0,"meta":0},{"id":0,"meta":0},{"id":0,"meta":0},{"id":44,"meta":14},{"id":0,"meta":0},{"id":0,"meta":0},{"id":0,"meta":0},{"id":0,"meta":0},{"id":0,"meta":0},{"id":0,"meta":0}],[{"id":0,"meta":0},{"id":0,"meta":0},{"id":44,"meta":6},{"id":43,"meta":6},{"id":43,"meta":6},{"id":43,"meta":6},{"id":43,"meta":6},{"id":155,"meta":0},{"id":44,"meta":6},{"id":0,"meta":0},{"id":0,"meta":0},{"id":0,"meta":0},{"id":0,"meta":0},{"id":155,"meta":0}],[{"id":0,"meta":0},{"id":0,"meta":0},{"id":0,"meta":0},{"id":0,"meta":0},{"id":0,"meta":0},{"id":0,"meta":0},{"id":0,"meta":0},{"id":0,"meta":0},{"id":0,"meta":0},{"id":0,"meta":0},{"id":0,"meta":0},{"id":0,"meta":0},{"id":0,"meta":0},{"id":0,"meta":0}],[{"id":0,"meta":0},{"id":0,"meta":0},{"id":0,"meta":0},{"id":0,"meta":0},{"id":0,"meta":0},{"id":0,"meta":0},{"id":0,"meta":0},{"id":0,"meta":0},{"id":0,"meta":0},{"id":0,"meta":0},{"id":0,"meta":0},{"id":0,"meta":0},{"id":0,"meta":0},{"id":0,"meta":0}],[{"id":0,"meta":0},{"id":0,"meta":0},{"id":0,"meta":0},{"id":0,"meta":0},{"id":0,"meta":0},{"id":0,"meta":0},{"id":0,"meta":0},{"id":0,"meta":0},{"id":0,"meta":0},{"id":0,"meta":0},{"id":0,"meta":0},{"id":0,"meta":0},{"id":0,"meta":0},{"id":0,"meta":0}],[{"id":0,"meta":0},{"id":0,"meta":0},{"id":0,"meta":0},{"id":0,"meta":0},{"id":0,"meta":0},{"id":0,"meta":0},{"id":0,"meta":0},{"id":0,"meta":0},{"id":0,"meta":0},{"id":0,"meta":0},{"id":0,"meta":0},{"id":0,"meta":0},{"id":0,"meta":0},{"id":0,"meta":0}],[{"id":0,"meta":0},{"id":0,"meta":0},{"id":0,"meta":0},{"id":0,"meta":0},{"id":0,"meta":0},{"id":0,"meta":0},{"id":0,"meta":0},{"id":0,"meta":0},{"id":0,"meta":0},{"id":0,"meta":0},{"id":0,"meta":0},{"id":0,"meta":0},{"id":0,"meta":0},{"id":0,"meta":0}],[{"id":0,"meta":0},{"id":0,"meta":0},{"id":0,"meta":0},{"id":0,"meta":0},{"id":0,"meta":0},{"id":0,"meta":0},{"id":0,"meta":0},{"id":0,"meta":0},{"id":0,"meta":0},{"id":0,"meta":0},{"id":0,"meta":0},{"id":0,"meta":0},{"id":0,"meta":0},{"id":0,"meta":0}],[{"id":0,"meta":0},{"id":0,"meta":0},{"id":0,"meta":0},{"id":0,"meta":0},{"id":0,"meta":0},{"id":0,"meta":0},{"id":0,"meta":0},{"id":0,"meta":0},{"id":0,"meta":0},{"id":0,"meta":0},{"id":0,"meta":0},{"id":0,"meta":0},{"id":0,"meta":0},{"id":0,"meta":0}],[{"id":0,"meta":0},{"id":0,"meta":0},{"id":0,"meta":0},{"id":0,"meta":0},{"id":0,"meta":0},{"id":0,"meta":0},{"id":0,"meta":0},{"id":0,"meta":0},{"id":0,"meta":0},{"id":0,"meta":0},{"id":0,"meta":0},{"id":0,"meta":0},{"id":0,"meta":0},{"id":0,"meta":0}],[{"id":0,"meta":0},{"id":0,"meta":0},{"id":0,"meta":0},{"id":0,"meta":0},{"id":0,"meta":0},{"id":0,"meta":0},{"id":0,"meta":0},{"id":0,"meta":0},{"id":0,"meta":0},{"id":0,"meta":0},{"id":0,"meta":0},{"id":0,"meta":0},{"id":0,"meta":0},{"id":0,"meta":0}],[{"id":0,"meta":0},{"id":0,"meta":0},{"id":0,"meta":0},{"id":0,"meta":0},{"id":0,"meta":0},{"id":0,"meta":0},{"id":0,"meta":0},{"id":0,"meta":0},{"id":0,"meta":0},{"id":0,"meta":0},{"id":0,"meta":0},{"id":0,"meta":0},{"id":0,"meta":0},{"id":0,"meta":0}]],[[{"id":0,"meta":0},{"id":0,"meta":0},{"id":0,"meta":0},{"id":0,"meta":0},{"id":0,"meta":0},{"id":0,"meta":0},{"id":0,"meta":0},{"id":44,"meta":6},{"id":0,"meta":0},{"id":0,"meta":0},{"id":0,"meta":0},{"id":0,"meta":0},{"id":0,"meta":0},{"id":0,"meta":0}],[{"id":0,"meta":0},{"id":0,"meta":0},{"id":0,"meta":0},{"id":0,"meta":0},{"id":0,"meta":0},{"id":0,"meta":0},{"id":0,"meta":0},{"id":44,"meta":6},{"id":0,"meta":0},{"id":0,"meta":0},{"id":0,"meta":0},{"id":0,"meta":0},{"id":0,"meta":0},{"id":0,"meta":0}],[{"id":0,"meta":0},{"id":0,"meta":0},{"id":0,"meta":0},{"id":0,"meta":0},{"id":0,"meta":0},{"id":0,"meta":0},{"id":0,"meta":0},{"id":44,"meta":6},{"id":0,"meta":0},{"id":0,"meta":0},{"id":0,"meta":0},{"id":0,"meta":0},{"id":0,"meta":0},{"id":0,"meta":0}],[{"id":0,"meta":0},{"id":0,"meta":0},{"id":0,"meta":0},{"id":0,"meta":0},{"id":0,"meta":0},{"id":0,"meta":0},{"id":0,"meta":0},{"id":44,"meta":6},{"id":0,"meta":0},{"id":0,"meta":0},{"id":0,"meta":0},{"id":0,"meta":0},{"id":0,"meta":0},{"id":0,"meta":0}],[{"id":0,"meta":0},{"id":0,"meta":0},{"id":0,"meta":0},{"id":0,"meta":0},{"id":0,"meta":0},{"id":0,"meta":0},{"id":0,"meta":0},{"id":44,"meta":6},{"id":0,"meta":0},{"id":0,"meta":0},{"id":0,"meta":0},{"id":0,"meta":0},{"id":0,"meta":0},{"id":0,"meta":0}],[{"id":0,"meta":0},{"id":0,"meta":0},{"id":0,"meta":0},{"id":0,"meta":0},{"id":0,"meta":0},{"id":0,"meta":0},{"id":0,"meta":0},{"id":0,"meta":0},{"id":0,"meta":0},{"id":0,"meta":0},{"id":0,"meta":0},{"id":0,"meta":0},{"id":0,"meta":0},{"id":0,"meta":0}],[{"id":0,"meta":0},{"id":0,"meta":0},{"id":0,"meta":0},{"id":0,"meta":0},{"id":0,"meta":0},{"id":0,"meta":0},{"id":0,"meta":0},{"id":0,"meta":0},{"id":0,"meta":0},{"id":0,"meta":0},{"id":0,"meta":0},{"id":0,"meta":0},{"id":0,"meta":0},{"id":0,"meta":0}],[{"id":0,"meta":0},{"id":0,"meta":0},{"id":0,"meta":0},{"id":0,"meta":0},{"id":0,"meta":0},{"id":0,"meta":0},{"id":0,"meta":0},{"id":0,"meta":0},{"id":0,"meta":0},{"id":0,"meta":0},{"id":0,"meta":0},{"id":0,"meta":0},{"id":0,"meta":0},{"id":0,"meta":0}],[{"id":0,"meta":0},{"id":0,"meta":0},{"id":0,"meta":0},{"id":0,"meta":0},{"id":0,"meta":0},{"id":0,"meta":0},{"id":0,"meta":0},{"id":0,"meta":0},{"id":0,"meta":0},{"id":0,"meta":0},{"id":0,"meta":0},{"id":0,"meta":0},{"id":0,"meta":0},{"id":0,"meta":0}],[{"id":0,"meta":0},{"id":0,"meta":0},{"id":0,"meta":0},{"id":0,"meta":0},{"id":0,"meta":0},{"id":0,"meta":0},{"id":0,"meta":0},{"id":0,"meta":0},{"id":0,"meta":0},{"id":0,"meta":0},{"id":0,"meta":0},{"id":0,"meta":0},{"id":0,"meta":0},{"id":0,"meta":0}],[{"id":0,"meta":0},{"id":0,"meta":0},{"id":0,"meta":0},{"id":0,"meta":0},{"id":0,"meta":0},{"id":0,"meta":0},{"id":0,"meta":0},{"id":0,"meta":0},{"id":0,"meta":0},{"id":0,"meta":0},{"id":0,"meta":0},{"id":0,"meta":0},{"id":0,"meta":0},{"id":0,"meta":0}],[{"id":0,"meta":0},{"id":0,"meta":0},{"id":0,"meta":0},{"id":0,"meta":0},{"id":0,"meta":0},{"id":0,"meta":0},{"id":0,"meta":0},{"id":0,"meta":0},{"id":0,"meta":0},{"id":0,"meta":0},{"id":0,"meta":0},{"id":0,"meta":0},{"id":0,"meta":0},{"id":0,"meta":0}],[{"id":0,"meta":0},{"id":0,"meta":0},{"id":0,"meta":0},{"id":0,"meta":0},{"id":0,"meta":0},{"id":0,"meta":0},{"id":0,"meta":0},{"id":0,"meta":0},{"id":0,"meta":0},{"id":0,"meta":0},{"id":0,"meta":0},{"id":0,"meta":0},{"id":0,"meta":0},{"id":0,"meta":0}],[{"id":0,"meta":0},{"id":0,"meta":0},{"id":0,"meta":0},{"id":0,"meta":0},{"id":0,"meta":0},{"id":0,"meta":0},{"id":0,"meta":0},{"id":0,"meta":0},{"id":0,"meta":0},{"id":0,"meta":0},{"id":0,"meta":0},{"id":0,"meta":0},{"id":0,"meta":0},{"id":0,"meta":0}],[{"id":0,"meta":0},{"id":0,"meta":0},{"id":0,"meta":0},{"id":0,"meta":0},{"id":0,"meta":0},{"id":0,"meta":0},{"id":0,"meta":0},{"id":0,"meta":0},{"id":0,"meta":0},{"id":0,"meta":0},{"id":0,"meta":0},{"id":0,"meta":0},{"id":0,"meta":0},{"id":0,"meta":0}],[{"id":0,"meta":0},{"id":0,"meta":0},{"id":0,"meta":0},{"id":0,"meta":0},{"id":0,"meta":0},{"id":0,"meta":0},{"id":0,"meta":0},{"id":0,"meta":0},{"id":0,"meta":0},{"id":0,"meta":0},{"id":0,"meta":0},{"id":0,"meta":0},{"id":0,"meta":0},{"id":0,"meta":0}]],[[{"id":0,"meta":0},{"id":0,"meta":0},{"id":0,"meta":0},{"id":0,"meta":0},{"id":0,"meta":0},{"id":0,"meta":0},{"id":0,"meta":0},{"id":0,"meta":0},{"id":0,"meta":0},{"id":0,"meta":0},{"id":0,"meta":0},{"id":0,"meta":0},{"id":0,"meta":0},{"id":0,"meta":0}],[{"id":0,"meta":0},{"id":0,"meta":0},{"id":0,"meta":0},{"id":0,"meta":0},{"id":0,"meta":0},{"id":0,"meta":0},{"id":0,"meta":0},{"id":0,"meta":0},{"id":0,"meta":0},{"id":0,"meta":0},{"id":0,"meta":0},{"id":0,"meta":0},{"id":0,"meta":0},{"id":0,"meta":0}],[{"id":0,"meta":0},{"id":0,"meta":0},{"id":0,"meta":0},{"id":0,"meta":0},{"id":0,"meta":0},{"id":0,"meta":0},{"id":0,"meta":0},{"id":0,"meta":0},{"id":0,"meta":0},{"id":0,"meta":0},{"id":0,"meta":0},{"id":0,"meta":0},{"id":0,"meta":0},{"id":0,"meta":0}],[{"id":0,"meta":0},{"id":0,"meta":0},{"id":0,"meta":0},{"id":0,"meta":0},{"id":0,"meta":0},{"id":0,"meta":0},{"id":0,"meta":0},{"id":0,"meta":0},{"id":0,"meta":0},{"id":0,"meta":0},{"id":0,"meta":0},{"id":0,"meta":0},{"id":0,"meta":0},{"id":0,"meta":0}],[{"id":0,"meta":0},{"id":0,"meta":0},{"id":0,"meta":0},{"id":0,"meta":0},{"id":0,"meta":0},{"id":0,"meta":0},{"id":0,"meta":0},{"id":0,"meta":0},{"id":0,"meta":0},{"id":0,"meta":0},{"id":0,"meta":0},{"id":0,"meta":0},{"id":0,"meta":0},{"id":0,"meta":0}],[{"id":0,"meta":0},{"id":0,"meta":0},{"id":0,"meta":0},{"id":0,"meta":0},{"id":0,"meta":0},{"id":0,"meta":0},{"id":0,"meta":0},{"id":0,"meta":0},{"id":0,"meta":0},{"id":0,"meta":0},{"id":0,"meta":0},{"id":0,"meta":0},{"id":0,"meta":0},{"id":0,"meta":0}],[{"id":0,"meta":0},{"id":0,"meta":0},{"id":0,"meta":0},{"id":0,"meta":0},{"id":0,"meta":0},{"id":0,"meta":0},{"id":0,"meta":0},{"id":0,"meta":0},{"id":0,"meta":0},{"id":0,"meta":0},{"id":0,"meta":0},{"id":0,"meta":0},{"id":0,"meta":0},{"id":0,"meta":0}],[{"id":0,"meta":0},{"id":0,"meta":0},{"id":0,"meta":0},{"id":0,"meta":0},{"id":0,"meta":0},{"id":0,"meta":0},{"id":0,"meta":0},{"id":0,"meta":0},{"id":0,"meta":0},{"id":0,"meta":0},{"id":0,"meta":0},{"id":0,"meta":0},{"id":0,"meta":0},{"id":0,"meta":0}],[{"id":0,"meta":0},{"id":0,"meta":0},{"id":0,"meta":0},{"id":0,"meta":0},{"id":0,"meta":0},{"id":0,"meta":0},{"id":0,"meta":0},{"id":0,"meta":0},{"id":0,"meta":0},{"id":0,"meta":0},{"id":0,"meta":0},{"id":0,"meta":0},{"id":0,"meta":0},{"id":0,"meta":0}],[{"id":0,"meta":0},{"id":0,"meta":0},{"id":0,"meta":0},{"id":0,"meta":0},{"id":0,"meta":0},{"id":0,"meta":0},{"id":0,"meta":0},{"id":0,"meta":0},{"id":0,"meta":0},{"id":0,"meta":0},{"id":0,"meta":0},{"id":0,"meta":0},{"id":0,"meta":0},{"id":0,"meta":0}],[{"id":0,"meta":0},{"id":0,"meta":0},{"id":0,"meta":0},{"id":0,"meta":0},{"id":0,"meta":0},{"id":0,"meta":0},{"id":0,"meta":0},{"id":0,"meta":0},{"id":0,"meta":0},{"id":0,"meta":0},{"id":0,"meta":0},{"id":0,"meta":0},{"id":0,"meta":0},{"id":0,"meta":0}],[{"id":0,"meta":0},{"id":0,"meta":0},{"id":0,"meta":0},{"id":0,"meta":0},{"id":0,"meta":0},{"id":0,"meta":0},{"id":0,"meta":0},{"id":0,"meta":0},{"id":0,"meta":0},{"id":0,"meta":0},{"id":0,"meta":0},{"id":0,"meta":0},{"id":0,"meta":0},{"id":0,"meta":0}],[{"id":0,"meta":0},{"id":0,"meta":0},{"id":0,"meta":0},{"id":0,"meta":0},{"id":0,"meta":0},{"id":0,"meta":0},{"id":0,"meta":0},{"id":0,"meta":0},{"id":0,"meta":0},{"id":0,"meta":0},{"id":0,"meta":0},{"id":0,"meta":0},{"id":0,"meta":0},{"id":0,"meta":0}],[{"id":0,"meta":0},{"id":0,"meta":0},{"id":0,"meta":0},{"id":0,"meta":0},{"id":0,"meta":0},{"id":0,"meta":0},{"id":0,"meta":0},{"id":0,"meta":0},{"id":0,"meta":0},{"id":0,"meta":0},{"id":0,"meta":0},{"id":0,"meta":0},{"id":0,"meta":0},{"id":0,"meta":0}],[{"id":0,"meta":0},{"id":0,"meta":0},{"id":0,"meta":0},{"id":0,"meta":0},{"id":0,"meta":0},{"id":0,"meta":0},{"id":0,"meta":0},{"id":0,"meta":0},{"id":0,"meta":0},{"id":0,"meta":0},{"id":0,"meta":0},{"id":0,"meta":0},{"id":0,"meta":0},{"id":0,"meta":0}],[{"id":0,"meta":0},{"id":0,"meta":0},{"id":0,"meta":0},{"id":0,"meta":0},{"id":0,"meta":0},{"id":0,"meta":0},{"id":0,"meta":0},{"id":0,"meta":0},{"id":0,"meta":0},{"id":0,"meta":0},{"id":0,"meta":0},{"id":0,"meta":0},{"id":0,"meta":0},{"id":0,"meta":0}]]]